Workbook

Sheet Export_ControlTot
A1: ;YEAR | B1: BYU | C1: ENSIGN | D1: SLCC_MAIN | E1: SLCC_JD | F1: SLCC_ML | G1: SLCC_SC | H1: UOFU_Main | I1: UVU_Main | J1: UVU_Lehi | K1: UVU_Payson | L1: UVU_Vineyard | M1: WSU_Main | N1: WSU_Davis | O1: WESTMIN | Q1: ABB | R1: NAME | S1: IPEDS ID
A2: 1990 | B2: =INDEX('Campus Enrol Disaggregation'!$P$5:$AC$75,MATCH(Export_ControlTot!$A2,'Campus Enrol Disaggregation'!$O$5:$O$75,0),MATCH(B$1,'Campus Enrol Disaggregation'!$P$4:$AC$4,0)) -> 30450 | C2: =INDEX('Campus Enrol Disaggregation'!$P$5:$AC$75,MATCH(Export_ControlTot!$A2,'Campus Enrol Disaggregation'!$O$5:$O$75,0),MATCH(C$1,'Campus Enrol Disaggregation'!$P$4:$AC$4,0)) -> 0 | D2: =INDEX('Campus Enrol Disaggregation'!$P$5:$AC$75,MATCH(Export_ControlTot!$A2,'Campus Enrol Disaggregation'!$O$5:$O$75,0),MATCH(D$1,'Campus Enrol Disaggregation'!$P$4:$AC$4,0)) -> 9150 | E2: =INDEX('Campus Enrol Disaggregation'!$P$5:$AC$75,MATCH(Export_ControlTot!$A2,'Campus Enrol Disaggregation'!$O$5:$O$75,0),MATCH(E$1,'Campus Enrol Disaggregation'!$P$4:$AC$4,0)) -> 1800 | F2: =INDEX('Campus Enrol Disaggregation'!$P$5:$AC$75,MATCH(Export_ControlTot!$A2,'Campus Enrol Disaggregation'!$O$5:$O$75,0),MATCH(F$1,'Campus Enrol Disaggregation'!$P$4:$AC$4,0)) -> 200 | G2: =INDEX('Campus Enrol Disaggregation'!$P$5:$AC$75,MATCH(Export_ControlTot!$A2,'Campus Enrol Disaggregation'!$O$5:$O$75,0),MATCH(G$1,'Campus Enrol Disaggregation'!$P$4:$AC$4,0)) -> 1350 | H2: =INDEX('Campus Enrol Disaggregation'!$P$5:$AC$75,MATCH(Export_ControlTot!$A2,'Campus Enrol Disaggregation'!$O$5:$O$75,0),MATCH(H$1,'Campus Enrol Disaggregation'!$P$4:$AC$4,0)) -> 23550 | I2: =INDEX('Campus Enrol Disaggregation'!$P$5:$AC$75,MATCH(Export_ControlTot!$A2,'Campus Enrol Disaggregation'!$O$5:$O$75,0),MATCH(I$1,'Campus Enrol Disaggregation'!$P$4:$AC$4,0)) -> 7900 | ... O2: =INDEX('Campus Enrol Disaggregation'!$P$5:$AC$75,MATCH(Export_ControlTot!$A2,'Campus Enrol Disaggregation'!$O$5:$O$75,0),MATCH(O$1,'Campus Enrol Disaggregation'!$P$4:$AC$4,0)) -> 0 | Q2: BYU | R2: Brigham Young University | S2: 230038
A3: 1991 | B3: =INDEX('Campus Enrol Disaggregation'!$P$5:$AC$75,MATCH(Export_ControlTot!$A3,'Campus Enrol Disaggregation'!$O$5:$O$75,0),MATCH(B$1,'Campus Enrol Disaggregation'!$P$4:$AC$4,0)) -> 31100 | C3: =INDEX('Campus Enrol Disaggregation'!$P$5:$AC$75,MATCH(Export_ControlTot!$A3,'Campus Enrol Disaggregation'!$O$5:$O$75,0),MATCH(C$1,'Campus Enrol Disaggregation'!$P$4:$AC$4,0)) -> 0 | D3: =INDEX('Campus Enrol Disaggregation'!$P$5:$AC$75,MATCH(Export_ControlTot!$A3,'Campus Enrol Disaggregation'!$O$5:$O$75,0),MATCH(D$1,'Campus Enrol Disaggregation'!$P$4:$AC$4,0)) -> 10950 | E3: =INDEX('Campus Enrol Disaggregation'!$P$5:$AC$75,MATCH(Export_ControlTot!$A3,'Campus Enrol Disaggregation'!$O$5:$O$75,0),MATCH(E$1,'Campus Enrol Disaggregation'!$P$4:$AC$4,0)) -> 2150 | F3: =INDEX('Campus Enrol Disaggregation'!$P$5:$AC$75,MATCH(Export_ControlTot!$A3,'Campus Enrol Disaggregation'!$O$5:$O$75,0),MATCH(F$1,'Campus Enrol Disaggregation'!$P$4:$AC$4,0)) -> 250 | G3: =INDEX('Campus Enrol Disaggregation'!$P$5:$AC$75,MATCH(Export_ControlTot!$A3,'Campus Enrol Disaggregation'!$O$5:$O$75,0),MATCH(G$1,'Campus Enrol Disaggregation'!$P$4:$AC$4,0)) -> 1650 | H3: =INDEX('Campus Enrol Disaggregation'!$P$5:$AC$75,MATCH(Export_ControlTot!$A3,'Campus Enrol Disaggregation'!$O$5:$O$75,0),MATCH(H$1,'Campus Enrol Disaggregation'!$P$4:$AC$4,0)) -> 24750 | I3: =INDEX('Campus Enrol Disaggregation'!$P$5:$AC$75,MATCH(Export_ControlTot!$A3,'Campus Enrol Disaggregation'!$O$5:$O$75,0),MATCH(I$1,'Campus Enrol Disaggregation'!$P$4:$AC$4,0)) -> 8800 | ... O3: =INDEX('Campus Enrol Disaggregation'!$P$5:$AC$75,MATCH(Export_ControlTot!$A3,'Campus Enrol Disaggregation'!$O$5:$O$75,0),MATCH(O$1,'Campus Enrol Disaggregation'!$P$4:$AC$4,0)) -> 0 | Q3: ENSIGN | R3: Ensign College | S3: 230418
A4: 1992 | B4: =INDEX('Campus Enrol Disaggregation'!$P$5:$AC$75,MATCH(Export_ControlTot!$A4,'Campus Enrol Disaggregation'!$O$5:$O$75,0),MATCH(B$1,'Campus Enrol Disaggregation'!$P$4:$AC$4,0)) -> 31100 | C4: =INDEX('Campus Enrol Disaggregation'!$P$5:$AC$75,MATCH(Export_ControlTot!$A4,'Campus Enrol Disaggregation'!$O$5:$O$75,0),MATCH(C$1,'Campus Enrol Disaggregation'!$P$4:$AC$4,0)) -> 0 | D4: =INDEX('Campus Enrol Disaggregation'!$P$5:$AC$75,MATCH(Export_ControlTot!$A4,'Campus Enrol Disaggregation'!$O$5:$O$75,0),MATCH(D$1,'Campus Enrol Disaggregation'!$P$4:$AC$4,0)) -> 12150 | E4: =INDEX('Campus Enrol Disaggregation'!$P$5:$AC$75,MATCH(Export_ControlTot!$A4,'Campus Enrol Disaggregation'!$O$5:$O$75,0),MATCH(E$1,'Campus Enrol Disaggregation'!$P$4:$AC$4,0)) -> 2350 | F4: =INDEX('Campus Enrol Disaggregation'!$P$5:$AC$75,MATCH(Export_ControlTot!$A4,'Campus Enrol Disaggregation'!$O$5:$O$75,0),MATCH(F$1,'Campus Enrol Disaggregation'!$P$4:$AC$4,0)) -> 300 | G4: =INDEX('Campus Enrol Disaggregation'!$P$5:$AC$75,MATCH(Export_ControlTot!$A4,'Campus Enrol Disaggregation'!$O$5:$O$75,0),MATCH(G$1,'Campus Enrol Disaggregation'!$P$4:$AC$4,0)) -> 1800 | H4: =INDEX('Campus Enrol Disaggregation'!$P$5:$AC$75,MATCH(Export_ControlTot!$A4,'Campus Enrol Disaggregation'!$O$5:$O$75,0),MATCH(H$1,'Campus Enrol Disaggregation'!$P$4:$AC$4,0)) -> 25050 | I4: =INDEX('Campus Enrol Disaggregation'!$P$5:$AC$75,MATCH(Export_ControlTot!$A4,'Campus Enrol Disaggregation'!$O$5:$O$75,0),MATCH(I$1,'Campus Enrol Disaggregation'!$P$4:$AC$4,0)) -> 9600 | ... O4: =INDEX('Campus Enrol Disaggregation'!$P$5:$AC$75,MATCH(Export_ControlTot!$A4,'Campus Enrol Disaggregation'!$O$5:$O$75,0),MATCH(O$1,'Campus Enrol Disaggregation'!$P$4:$AC$4,0)) -> 0 | Q4: SLCC | R4: Salt Lake Community College | S4: 230746
A5: 1993 | B5: =INDEX('Campus Enrol Disaggregation'!$P$5:$AC$75,MATCH(Export_ControlTot!$A5,'Campus Enrol Disaggregation'!$O$5:$O$75,0),MATCH(B$1,'Campus Enrol Disaggregation'!$P$4:$AC$4,0)) -> 30550 | C5: =INDEX('Campus Enrol Disaggregation'!$P$5:$AC$75,MATCH(Export_ControlTot!$A5,'Campus Enrol Disaggregation'!$O$5:$O$75,0),MATCH(C$1,'Campus Enrol Disaggregation'!$P$4:$AC$4,0)) -> 0 | D5: =INDEX('Campus Enrol Disaggregation'!$P$5:$AC$75,MATCH(Export_ControlTot!$A5,'Campus Enrol Disaggregation'!$O$5:$O$75,0),MATCH(D$1,'Campus Enrol Disaggregation'!$P$4:$AC$4,0)) -> 12550 | E5: =INDEX('Campus Enrol Disaggregation'!$P$5:$AC$75,MATCH(Export_ControlTot!$A5,'Campus Enrol Disaggregation'!$O$5:$O$75,0),MATCH(E$1,'Campus Enrol Disaggregation'!$P$4:$AC$4,0)) -> 2450 | F5: =INDEX('Campus Enrol Disaggregation'!$P$5:$AC$75,MATCH(Export_ControlTot!$A5,'Campus Enrol Disaggregation'!$O$5:$O$75,0),MATCH(F$1,'Campus Enrol Disaggregation'!$P$4:$AC$4,0)) -> 300 | G5: =INDEX('Campus Enrol Disaggregation'!$P$5:$AC$75,MATCH(Export_ControlTot!$A5,'Campus Enrol Disaggregation'!$O$5:$O$75,0),MATCH(G$1,'Campus Enrol Disaggregation'!$P$4:$AC$4,0)) -> 1850 | H5: =INDEX('Campus Enrol Disaggregation'!$P$5:$AC$75,MATCH(Export_ControlTot!$A5,'Campus Enrol Disaggregation'!$O$5:$O$75,0),MATCH(H$1,'Campus Enrol Disaggregation'!$P$4:$AC$4,0)) -> 25150 | I5: =INDEX('Campus Enrol Disaggregation'!$P$5:$AC$75,MATCH(Export_ControlTot!$A5,'Campus Enrol Disaggregation'!$O$5:$O$75,0),MATCH(I$1,'Campus Enrol Disaggregation'!$P$4:$AC$4,0)) -> 10500 | ... O5: =INDEX('Campus Enrol Disaggregation'!$P$5:$AC$75,MATCH(Export_ControlTot!$A5,'Campus Enrol Disaggregation'!$O$5:$O$75,0),MATCH(O$1,'Campus Enrol Disaggregation'!$P$4:$AC$4,0)) -> 0 | Q5: UofU | R5: University of Utah | S5: 230764
A6: 1994 | B6: =INDEX('Campus Enrol Disaggregation'!$P$5:$AC$75,MATCH(Export_ControlTot!$A6,'Campus Enrol Disaggregation'!$O$5:$O$75,0),MATCH(B$1,'Campus Enrol Disaggregation'!$P$4:$AC$4,0)) -> 30400 | C6: =INDEX('Campus Enrol Disaggregation'!$P$5:$AC$75,MATCH(Export_ControlTot!$A6,'Campus Enrol Disaggregation'!$O$5:$O$75,0),MATCH(C$1,'Campus Enrol Disaggregation'!$P$4:$AC$4,0)) -> 0 | D6: =INDEX('Campus Enrol Disaggregation'!$P$5:$AC$75,MATCH(Export_ControlTot!$A6,'Campus Enrol Disaggregation'!$O$5:$O$75,0),MATCH(D$1,'Campus Enrol Disaggregation'!$P$4:$AC$4,0)) -> 13300 | E6: =INDEX('Campus Enrol Disaggregation'!$P$5:$AC$75,MATCH(Export_ControlTot!$A6,'Campus Enrol Disaggregation'!$O$5:$O$75,0),MATCH(E$1,'Campus Enrol Disaggregation'!$P$4:$AC$4,0)) -> 2600 | F6: =INDEX('Campus Enrol Disaggregation'!$P$5:$AC$75,MATCH(Export_ControlTot!$A6,'Campus Enrol Disaggregation'!$O$5:$O$75,0),MATCH(F$1,'Campus Enrol Disaggregation'!$P$4:$AC$4,0)) -> 300 | G6: =INDEX('Campus Enrol Disaggregation'!$P$5:$AC$75,MATCH(Export_ControlTot!$A6,'Campus Enrol Disaggregation'!$O$5:$O$75,0),MATCH(G$1,'Campus Enrol Disaggregation'!$P$4:$AC$4,0)) -> 2000 | H6: =INDEX('Campus Enrol Disaggregation'!$P$5:$AC$75,MATCH(Export_ControlTot!$A6,'Campus Enrol Disaggregation'!$O$5:$O$75,0),MATCH(H$1,'Campus Enrol Disaggregation'!$P$4:$AC$4,0)) -> 24850 | I6: =INDEX('Campus Enrol Disaggregation'!$P$5:$AC$75,MATCH(Export_ControlTot!$A6,'Campus Enrol Disaggregation'!$O$5:$O$75,0),MATCH(I$1,'Campus Enrol Disaggregation'!$P$4:$AC$4,0)) -> 13300 | ... O6: =INDEX('Campus Enrol Disaggregation'!$P$5:$AC$75,MATCH(Export_ControlTot!$A6,'Campus Enrol Disaggregation'!$O$5:$O$75,0),MATCH(O$1,'Campus Enrol Disaggregation'!$P$4:$AC$4,0)) -> 0 | Q6: UVU | R6: Utah Valley University | S6: 230737
A7: 1995 | B7: =INDEX('Campus Enrol Disaggregation'!$P$5:$AC$75,MATCH(Export_ControlTot!$A7,'Campus Enrol Disaggregation'!$O$5:$O$75,0),MATCH(B$1,'Campus Enrol Disaggregation'!$P$4:$AC$4,0)) -> 30450 | C7: =INDEX('Campus Enrol Disaggregation'!$P$5:$AC$75,MATCH(Export_ControlTot!$A7,'Campus Enrol Disaggregation'!$O$5:$O$75,0),MATCH(C$1,'Campus Enrol Disaggregation'!$P$4:$AC$4,0)) -> 0 | D7: =INDEX('Campus Enrol Disaggregation'!$P$5:$AC$75,MATCH(Export_ControlTot!$A7,'Campus Enrol Disaggregation'!$O$5:$O$75,0),MATCH(D$1,'Campus Enrol Disaggregation'!$P$4:$AC$4,0)) -> 14250 | E7: =INDEX('Campus Enrol Disaggregation'!$P$5:$AC$75,MATCH(Export_ControlTot!$A7,'Campus Enrol Disaggregation'!$O$5:$O$75,0),MATCH(E$1,'Campus Enrol Disaggregation'!$P$4:$AC$4,0)) -> 2800 | F7: =INDEX('Campus Enrol Disaggregation'!$P$5:$AC$75,MATCH(Export_ControlTot!$A7,'Campus Enrol Disaggregation'!$O$5:$O$75,0),MATCH(F$1,'Campus Enrol Disaggregation'!$P$4:$AC$4,0)) -> 350 | G7: =INDEX('Campus Enrol Disaggregation'!$P$5:$AC$75,MATCH(Export_ControlTot!$A7,'Campus Enrol Disaggregation'!$O$5:$O$75,0),MATCH(G$1,'Campus Enrol Disaggregation'!$P$4:$AC$4,0)) -> 2100 | H7: =INDEX('Campus Enrol Disaggregation'!$P$5:$AC$75,MATCH(Export_ControlTot!$A7,'Campus Enrol Disaggregation'!$O$5:$O$75,0),MATCH(H$1,'Campus Enrol Disaggregation'!$P$4:$AC$4,0)) -> 25950 | I7: =INDEX('Campus Enrol Disaggregation'!$P$5:$AC$75,MATCH(Export_ControlTot!$A7,'Campus Enrol Disaggregation'!$O$5:$O$75,0),MATCH(I$1,'Campus Enrol Disaggregation'!$P$4:$AC$4,0)) -> 14050 | ... O7: =INDEX('Campus Enrol Disaggregation'!$P$5:$AC$75,MATCH(Export_ControlTot!$A7,'Campus Enrol Disaggregation'!$O$5:$O$75,0),MATCH(O$1,'Campus Enrol Disaggregation'!$P$4:$AC$4,0)) -> 0 | Q7: WSU | R7: Weber State University | S7: 230782
A8: 1996 | B8: =INDEX('Campus Enrol Disaggregation'!$P$5:$AC$75,MATCH(Export_ControlTot!$A8,'Campus Enrol Disaggregation'!$O$5:$O$75,0),MATCH(B$1,'Campus Enrol Disaggregation'!$P$4:$AC$4,0)) -> 30550 | C8: =INDEX('Campus Enrol Disaggregation'!$P$5:$AC$75,MATCH(Export_ControlTot!$A8,'Campus Enrol Disaggregation'!$O$5:$O$75,0),MATCH(C$1,'Campus Enrol Disaggregation'!$P$4:$AC$4,0)) -> 0 | D8: =INDEX('Campus Enrol Disaggregation'!$P$5:$AC$75,MATCH(Export_ControlTot!$A8,'Campus Enrol Disaggregation'!$O$5:$O$75,0),MATCH(D$1,'Campus Enrol Disaggregation'!$P$4:$AC$4,0)) -> 15300 | E8: =INDEX('Campus Enrol Disaggregation'!$P$5:$AC$75,MATCH(Export_ControlTot!$A8,'Campus Enrol Disaggregation'!$O$5:$O$75,0),MATCH(E$1,'Campus Enrol Disaggregation'!$P$4:$AC$4,0)) -> 3000 | F8: =INDEX('Campus Enrol Disaggregation'!$P$5:$AC$75,MATCH(Export_ControlTot!$A8,'Campus Enrol Disaggregation'!$O$5:$O$75,0),MATCH(F$1,'Campus Enrol Disaggregation'!$P$4:$AC$4,0)) -> 350 | G8: =INDEX('Campus Enrol Disaggregation'!$P$5:$AC$75,MATCH(Export_ControlTot!$A8,'Campus Enrol Disaggregation'!$O$5:$O$75,0),MATCH(G$1,'Campus Enrol Disaggregation'!$P$4:$AC$4,0)) -> 2300 | H8: =INDEX('Campus Enrol Disaggregation'!$P$5:$AC$75,MATCH(Export_ControlTot!$A8,'Campus Enrol Disaggregation'!$O$5:$O$75,0),MATCH(H$1,'Campus Enrol Disaggregation'!$P$4:$AC$4,0)) -> 25250 | I8: =INDEX('Campus Enrol Disaggregation'!$P$5:$AC$75,MATCH(Export_ControlTot!$A8,'Campus Enrol Disaggregation'!$O$5:$O$75,0),MATCH(I$1,'Campus Enrol Disaggregation'!$P$4:$AC$4,0)) -> 14750 | ... O8: =INDEX('Campus Enrol Disaggregation'!$P$5:$AC$75,MATCH(Export_ControlTot!$A8,'Campus Enrol Disaggregation'!$O$5:$O$75,0),MATCH(O$1,'Campus Enrol Disaggregation'!$P$4:$AC$4,0)) -> 0 | Q8: WESTMIN | R8: Westminster College | S8: 230807
A9: 1997 | B9: =INDEX('Campus Enrol Disaggregation'!$P$5:$AC$75,MATCH(Export_ControlTot!$A9,'Campus Enrol Disaggregation'!$O$5:$O$75,0),MATCH(B$1,'Campus Enrol Disaggregation'!$P$4:$AC$4,0)) -> 31250 | C9: =INDEX('Campus Enrol Disaggregation'!$P$5:$AC$75,MATCH(Export_ControlTot!$A9,'Campus Enrol Disaggregation'!$O$5:$O$75,0),MATCH(C$1,'Campus Enrol Disaggregation'!$P$4:$AC$4,0)) -> 0 | D9: =INDEX('Campus Enrol Disaggregation'!$P$5:$AC$75,MATCH(Export_ControlTot!$A9,'Campus Enrol Disaggregation'!$O$5:$O$75,0),MATCH(D$1,'Campus Enrol Disaggregation'!$P$4:$AC$4,0)) -> 16650 | E9: =INDEX('Campus Enrol Disaggregation'!$P$5:$AC$75,MATCH(Export_ControlTot!$A9,'Campus Enrol Disaggregation'!$O$5:$O$75,0),MATCH(E$1,'Campus Enrol Disaggregation'!$P$4:$AC$4,0)) -> 3250 | F9: =INDEX('Campus Enrol Disaggregation'!$P$5:$AC$75,MATCH(Export_ControlTot!$A9,'Campus Enrol Disaggregation'!$O$5:$O$75,0),MATCH(F$1,'Campus Enrol Disaggregation'!$P$4:$AC$4,0)) -> 400 | G9: =INDEX('Campus Enrol Disaggregation'!$P$5:$AC$75,MATCH(Export_ControlTot!$A9,'Campus Enrol Disaggregation'!$O$5:$O$75,0),MATCH(G$1,'Campus Enrol Disaggregation'!$P$4:$AC$4,0)) -> 2450 | H9: =INDEX('Campus Enrol Disaggregation'!$P$5:$AC$75,MATCH(Export_ControlTot!$A9,'Campus Enrol Disaggregation'!$O$5:$O$75,0),MATCH(H$1,'Campus Enrol Disaggregation'!$P$4:$AC$4,0)) -> 25050 | I9: =INDEX('Campus Enrol Disaggregation'!$P$5:$AC$75,MATCH(Export_ControlTot!$A9,'Campus Enrol Disaggregation'!$O$5:$O$75,0),MATCH(I$1,'Campus Enrol Disaggregation'!$P$4:$AC$4,0)) -> 16000 | ... O9: =INDEX('Campus Enrol Disaggregation'!$P$5:$AC$75,MATCH(Export_ControlTot!$A9,'Campus Enrol Disaggregation'!$O$5:$O$75,0),MATCH(O$1,'Campus Enrol Disaggregation'!$P$4:$AC$4,0)) -> 0
A10: 1998 | B10: =INDEX('Campus Enrol Disaggregation'!$P$5:$AC$75,MATCH(Export_ControlTot!$A10,'Campus Enrol Disaggregation'!$O$5:$O$75,0),MATCH(B$1,'Campus Enrol Disaggregation'!$P$4:$AC$4,0)) -> 32200 | C10: =INDEX('Campus Enrol Disaggregation'!$P$5:$AC$75,MATCH(Export_ControlTot!$A10,'Campus Enrol Disaggregation'!$O$5:$O$75,0),MATCH(C$1,'Campus Enrol Disaggregation'!$P$4:$AC$4,0)) -> 0 | D10: =INDEX('Campus Enrol Disaggregation'!$P$5:$AC$75,MATCH(Export_ControlTot!$A10,'Campus Enrol Disaggregation'!$O$5:$O$75,0),MATCH(D$1,'Campus Enrol Disaggregation'!$P$4:$AC$4,0)) -> 13500 | E10: =INDEX('Campus Enrol Disaggregation'!$P$5:$AC$75,MATCH(Export_ControlTot!$A10,'Campus Enrol Disaggregation'!$O$5:$O$75,0),MATCH(E$1,'Campus Enrol Disaggregation'!$P$4:$AC$4,0)) -> 2650 | F10: =INDEX('Campus Enrol Disaggregation'!$P$5:$AC$75,MATCH(Export_ControlTot!$A10,'Campus Enrol Disaggregation'!$O$5:$O$75,0),MATCH(F$1,'Campus Enrol Disaggregation'!$P$4:$AC$4,0)) -> 300 | G10: =INDEX('Campus Enrol Disaggregation'!$P$5:$AC$75,MATCH(Export_ControlTot!$A10,'Campus Enrol Disaggregation'!$O$5:$O$75,0),MATCH(G$1,'Campus Enrol Disaggregation'!$P$4:$AC$4,0)) -> 2000 | H10: =INDEX('Campus Enrol Disaggregation'!$P$5:$AC$75,MATCH(Export_ControlTot!$A10,'Campus Enrol Disaggregation'!$O$5:$O$75,0),MATCH(H$1,'Campus Enrol Disaggregation'!$P$4:$AC$4,0)) -> 24200 | I10: =INDEX('Campus Enrol Disaggregation'!$P$5:$AC$75,MATCH(Export_ControlTot!$A10,'Campus Enrol Disaggregation'!$O$5:$O$75,0),MATCH(I$1,'Campus Enrol Disaggregation'!$P$4:$AC$4,0)) -> 18150 | ... O10: =INDEX('Campus Enrol Disaggregation'!$P$5:$AC$75,MATCH(Export_ControlTot!$A10,'Campus Enrol Disaggregation'!$O$5:$O$75,0),MATCH(O$1,'Campus Enrol Disaggregation'!$P$4:$AC$4,0)) -> 0
A11: 1999 | B11: =INDEX('Campus Enrol Disaggregation'!$P$5:$AC$75,MATCH(Export_ControlTot!$A11,'Campus Enrol Disaggregation'!$O$5:$O$75,0),MATCH(B$1,'Campus Enrol Disaggregation'!$P$4:$AC$4,0)) -> 32750 | C11: =INDEX('Campus Enrol Disaggregation'!$P$5:$AC$75,MATCH(Export_ControlTot!$A11,'Campus Enrol Disaggregation'!$O$5:$O$75,0),MATCH(C$1,'Campus Enrol Disaggregation'!$P$4:$AC$4,0)) -> 0 | D11: =INDEX('Campus Enrol Disaggregation'!$P$5:$AC$75,MATCH(Export_ControlTot!$A11,'Campus Enrol Disaggregation'!$O$5:$O$75,0),MATCH(D$1,'Campus Enrol Disaggregation'!$P$4:$AC$4,0)) -> 14550 | E11: =INDEX('Campus Enrol Disaggregation'!$P$5:$AC$75,MATCH(Export_ControlTot!$A11,'Campus Enrol Disaggregation'!$O$5:$O$75,0),MATCH(E$1,'Campus Enrol Disaggregation'!$P$4:$AC$4,0)) -> 2850 | F11: =INDEX('Campus Enrol Disaggregation'!$P$5:$AC$75,MATCH(Export_ControlTot!$A11,'Campus Enrol Disaggregation'!$O$5:$O$75,0),MATCH(F$1,'Campus Enrol Disaggregation'!$P$4:$AC$4,0)) -> 350 | G11: =INDEX('Campus Enrol Disaggregation'!$P$5:$AC$75,MATCH(Export_ControlTot!$A11,'Campus Enrol Disaggregation'!$O$5:$O$75,0),MATCH(G$1,'Campus Enrol Disaggregation'!$P$4:$AC$4,0)) -> 2150 | H11: =INDEX('Campus Enrol Disaggregation'!$P$5:$AC$75,MATCH(Export_ControlTot!$A11,'Campus Enrol Disaggregation'!$O$5:$O$75,0),MATCH(H$1,'Campus Enrol Disaggregation'!$P$4:$AC$4,0)) -> 24950 | I11: =INDEX('Campus Enrol Disaggregation'!$P$5:$AC$75,MATCH(Export_ControlTot!$A11,'Campus Enrol Disaggregation'!$O$5:$O$75,0),MATCH(I$1,'Campus Enrol Disaggregation'!$P$4:$AC$4,0)) -> 20050 | ... O11: =INDEX('Campus Enrol Disaggregation'!$P$5:$AC$75,MATCH(Export_ControlTot!$A11,'Campus Enrol Disaggregation'!$O$5:$O$75,0),MATCH(O$1,'Campus Enrol Disaggregation'!$P$4:$AC$4,0)) -> 0
A12: 2000 | B12: =INDEX('Campus Enrol Disaggregation'!$P$5:$AC$75,MATCH(Export_ControlTot!$A12,'Campus Enrol Disaggregation'!$O$5:$O$75,0),MATCH(B$1,'Campus Enrol Disaggregation'!$P$4:$AC$4,0)) -> 32550 | C12: =INDEX('Campus Enrol Disaggregation'!$P$5:$AC$75,MATCH(Export_ControlTot!$A12,'Campus Enrol Disaggregation'!$O$5:$O$75,0),MATCH(C$1,'Campus Enrol Disaggregation'!$P$4:$AC$4,0)) -> 800 | D12: =INDEX('Campus Enrol Disaggregation'!$P$5:$AC$75,MATCH(Export_ControlTot!$A12,'Campus Enrol Disaggregation'!$O$5:$O$75,0),MATCH(D$1,'Campus Enrol Disaggregation'!$P$4:$AC$4,0)) -> 14750 | E12: =INDEX('Campus Enrol Disaggregation'!$P$5:$AC$75,MATCH(Export_ControlTot!$A12,'Campus Enrol Disaggregation'!$O$5:$O$75,0),MATCH(E$1,'Campus Enrol Disaggregation'!$P$4:$AC$4,0)) -> 2900 | F12: =INDEX('Campus Enrol Disaggregation'!$P$5:$AC$75,MATCH(Export_ControlTot!$A12,'Campus Enrol Disaggregation'!$O$5:$O$75,0),MATCH(F$1,'Campus Enrol Disaggregation'!$P$4:$AC$4,0)) -> 350 | G12: =INDEX('Campus Enrol Disaggregation'!$P$5:$AC$75,MATCH(Export_ControlTot!$A12,'Campus Enrol Disaggregation'!$O$5:$O$75,0),MATCH(G$1,'Campus Enrol Disaggregation'!$P$4:$AC$4,0)) -> 2200 | H12: =INDEX('Campus Enrol Disaggregation'!$P$5:$AC$75,MATCH(Export_ControlTot!$A12,'Campus Enrol Disaggregation'!$O$5:$O$75,0),MATCH(H$1,'Campus Enrol Disaggregation'!$P$4:$AC$4,0)) -> 24150 | I12: =INDEX('Campus Enrol Disaggregation'!$P$5:$AC$75,MATCH(Export_ControlTot!$A12,'Campus Enrol Disaggregation'!$O$5:$O$75,0),MATCH(I$1,'Campus Enrol Disaggregation'!$P$4:$AC$4,0)) -> 20950 | ... O12: =INDEX('Campus Enrol Disaggregation'!$P$5:$AC$75,MATCH(Export_ControlTot!$A12,'Campus Enrol Disaggregation'!$O$5:$O$75,0),MATCH(O$1,'Campus Enrol Disaggregation'!$P$4:$AC$4,0)) -> 2400
A13: 2001 | B13: =INDEX('Campus Enrol Disaggregation'!$P$5:$AC$75,MATCH(Export_ControlTot!$A13,'Campus Enrol Disaggregation'!$O$5:$O$75,0),MATCH(B$1,'Campus Enrol Disaggregation'!$P$4:$AC$4,0)) -> 32750 | C13: =INDEX('Campus Enrol Disaggregation'!$P$5:$AC$75,MATCH(Export_ControlTot!$A13,'Campus Enrol Disaggregation'!$O$5:$O$75,0),MATCH(C$1,'Campus Enrol Disaggregation'!$P$4:$AC$4,0)) -> 1050 | D13: =INDEX('Campus Enrol Disaggregation'!$P$5:$AC$75,MATCH(Export_ControlTot!$A13,'Campus Enrol Disaggregation'!$O$5:$O$75,0),MATCH(D$1,'Campus Enrol Disaggregation'!$P$4:$AC$4,0)) -> 16200 | E13: =INDEX('Campus Enrol Disaggregation'!$P$5:$AC$75,MATCH(Export_ControlTot!$A13,'Campus Enrol Disaggregation'!$O$5:$O$75,0),MATCH(E$1,'Campus Enrol Disaggregation'!$P$4:$AC$4,0)) -> 3150 | F13: =INDEX('Campus Enrol Disaggregation'!$P$5:$AC$75,MATCH(Export_ControlTot!$A13,'Campus Enrol Disaggregation'!$O$5:$O$75,0),MATCH(F$1,'Campus Enrol Disaggregation'!$P$4:$AC$4,0)) -> 400 | G13: =INDEX('Campus Enrol Disaggregation'!$P$5:$AC$75,MATCH(Export_ControlTot!$A13,'Campus Enrol Disaggregation'!$O$5:$O$75,0),MATCH(G$1,'Campus Enrol Disaggregation'!$P$4:$AC$4,0)) -> 2400 | H13: =INDEX('Campus Enrol Disaggregation'!$P$5:$AC$75,MATCH(Export_ControlTot!$A13,'Campus Enrol Disaggregation'!$O$5:$O$75,0),MATCH(H$1,'Campus Enrol Disaggregation'!$P$4:$AC$4,0)) -> 26800 | I13: =INDEX('Campus Enrol Disaggregation'!$P$5:$AC$75,MATCH(Export_ControlTot!$A13,'Campus Enrol Disaggregation'!$O$5:$O$75,0),MATCH(I$1,'Campus Enrol Disaggregation'!$P$4:$AC$4,0)) -> 22600 | ... O13: =INDEX('Campus Enrol Disaggregation'!$P$5:$AC$75,MATCH(Export_ControlTot!$A13,'Campus Enrol Disaggregation'!$O$5:$O$75,0),MATCH(O$1,'Campus Enrol Disaggregation'!$P$4:$AC$4,0)) -> 2450
A14: 2002 | B14: =INDEX('Campus Enrol Disaggregation'!$P$5:$AC$75,MATCH(Export_ControlTot!$A14,'Campus Enrol Disaggregation'!$O$5:$O$75,0),MATCH(B$1,'Campus Enrol Disaggregation'!$P$4:$AC$4,0)) -> 32400 | C14: =INDEX('Campus Enrol Disaggregation'!$P$5:$AC$75,MATCH(Export_ControlTot!$A14,'Campus Enrol Disaggregation'!$O$5:$O$75,0),MATCH(C$1,'Campus Enrol Disaggregation'!$P$4:$AC$4,0)) -> 1100 | D14: =INDEX('Campus Enrol Disaggregation'!$P$5:$AC$75,MATCH(Export_ControlTot!$A14,'Campus Enrol Disaggregation'!$O$5:$O$75,0),MATCH(D$1,'Campus Enrol Disaggregation'!$P$4:$AC$4,0)) -> 15950 | E14: =INDEX('Campus Enrol Disaggregation'!$P$5:$AC$75,MATCH(Export_ControlTot!$A14,'Campus Enrol Disaggregation'!$O$5:$O$75,0),MATCH(E$1,'Campus Enrol Disaggregation'!$P$4:$AC$4,0)) -> 3100 | F14: =INDEX('Campus Enrol Disaggregation'!$P$5:$AC$75,MATCH(Export_ControlTot!$A14,'Campus Enrol Disaggregation'!$O$5:$O$75,0),MATCH(F$1,'Campus Enrol Disaggregation'!$P$4:$AC$4,0)) -> 400 | G14: =INDEX('Campus Enrol Disaggregation'!$P$5:$AC$75,MATCH(Export_ControlTot!$A14,'Campus Enrol Disaggregation'!$O$5:$O$75,0),MATCH(G$1,'Campus Enrol Disaggregation'!$P$4:$AC$4,0)) -> 2400 | H14: =INDEX('Campus Enrol Disaggregation'!$P$5:$AC$75,MATCH(Export_ControlTot!$A14,'Campus Enrol Disaggregation'!$O$5:$O$75,0),MATCH(H$1,'Campus Enrol Disaggregation'!$P$4:$AC$4,0)) -> 27450 | I14: =INDEX('Campus Enrol Disaggregation'!$P$5:$AC$75,MATCH(Export_ControlTot!$A14,'Campus Enrol Disaggregation'!$O$5:$O$75,0),MATCH(I$1,'Campus Enrol Disaggregation'!$P$4:$AC$4,0)) -> 23600 | ... O14: =INDEX('Campus Enrol Disaggregation'!$P$5:$AC$75,MATCH(Export_ControlTot!$A14,'Campus Enrol Disaggregation'!$O$5:$O$75,0),MATCH(O$1,'Campus Enrol Disaggregation'!$P$4:$AC$4,0)) -> 2350
A15: 2003 | B15: =INDEX('Campus Enrol Disaggregation'!$P$5:$AC$75,MATCH(Export_ControlTot!$A15,'Campus Enrol Disaggregation'!$O$5:$O$75,0),MATCH(B$1,'Campus Enrol Disaggregation'!$P$4:$AC$4,0)) -> 33000 | C15: =INDEX('Campus Enrol Disaggregation'!$P$5:$AC$75,MATCH(Export_ControlTot!$A15,'Campus Enrol Disaggregation'!$O$5:$O$75,0),MATCH(C$1,'Campus Enrol Disaggregation'!$P$4:$AC$4,0)) -> 1250 | D15: =INDEX('Campus Enrol Disaggregation'!$P$5:$AC$75,MATCH(Export_ControlTot!$A15,'Campus Enrol Disaggregation'!$O$5:$O$75,0),MATCH(D$1,'Campus Enrol Disaggregation'!$P$4:$AC$4,0)) -> 16450 | E15: =INDEX('Campus Enrol Disaggregation'!$P$5:$AC$75,MATCH(Export_ControlTot!$A15,'Campus Enrol Disaggregation'!$O$5:$O$75,0),MATCH(E$1,'Campus Enrol Disaggregation'!$P$4:$AC$4,0)) -> 3200 | F15: =INDEX('Campus Enrol Disaggregation'!$P$5:$AC$75,MATCH(Export_ControlTot!$A15,'Campus Enrol Disaggregation'!$O$5:$O$75,0),MATCH(F$1,'Campus Enrol Disaggregation'!$P$4:$AC$4,0)) -> 400 | G15: =INDEX('Campus Enrol Disaggregation'!$P$5:$AC$75,MATCH(Export_ControlTot!$A15,'Campus Enrol Disaggregation'!$O$5:$O$75,0),MATCH(G$1,'Campus Enrol Disaggregation'!$P$4:$AC$4,0)) -> 2450 | H15: =INDEX('Campus Enrol Disaggregation'!$P$5:$AC$75,MATCH(Export_ControlTot!$A15,'Campus Enrol Disaggregation'!$O$5:$O$75,0),MATCH(H$1,'Campus Enrol Disaggregation'!$P$4:$AC$4,0)) -> 27550 | I15: =INDEX('Campus Enrol Disaggregation'!$P$5:$AC$75,MATCH(Export_ControlTot!$A15,'Campus Enrol Disaggregation'!$O$5:$O$75,0),MATCH(I$1,'Campus Enrol Disaggregation'!$P$4:$AC$4,0)) -> 23800 | ... O15: =INDEX('Campus Enrol Disaggregation'!$P$5:$AC$75,MATCH(Export_ControlTot!$A15,'Campus Enrol Disaggregation'!$O$5:$O$75,0),MATCH(O$1,'Campus Enrol Disaggregation'!$P$4:$AC$4,0)) -> 2450
A16: 2004 | B16: =INDEX('Campus Enrol Disaggregation'!$P$5:$AC$75,MATCH(Export_ControlTot!$A16,'Campus Enrol Disaggregation'!$O$5:$O$75,0),MATCH(B$1,'Campus Enrol Disaggregation'!$P$4:$AC$4,0)) -> 34350 | C16: =INDEX('Campus Enrol Disaggregation'!$P$5:$AC$75,MATCH(Export_ControlTot!$A16,'Campus Enrol Disaggregation'!$O$5:$O$75,0),MATCH(C$1,'Campus Enrol Disaggregation'!$P$4:$AC$4,0)) -> 1250 | D16: =INDEX('Campus Enrol Disaggregation'!$P$5:$AC$75,MATCH(Export_ControlTot!$A16,'Campus Enrol Disaggregation'!$O$5:$O$75,0),MATCH(D$1,'Campus Enrol Disaggregation'!$P$4:$AC$4,0)) -> 16900 | E16: =INDEX('Campus Enrol Disaggregation'!$P$5:$AC$75,MATCH(Export_ControlTot!$A16,'Campus Enrol Disaggregation'!$O$5:$O$75,0),MATCH(E$1,'Campus Enrol Disaggregation'!$P$4:$AC$4,0)) -> 3300 | F16: =INDEX('Campus Enrol Disaggregation'!$P$5:$AC$75,MATCH(Export_ControlTot!$A16,'Campus Enrol Disaggregation'!$O$5:$O$75,0),MATCH(F$1,'Campus Enrol Disaggregation'!$P$4:$AC$4,0)) -> 400 | G16: =INDEX('Campus Enrol Disaggregation'!$P$5:$AC$75,MATCH(Export_ControlTot!$A16,'Campus Enrol Disaggregation'!$O$5:$O$75,0),MATCH(G$1,'Campus Enrol Disaggregation'!$P$4:$AC$4,0)) -> 2500 | H16: =INDEX('Campus Enrol Disaggregation'!$P$5:$AC$75,MATCH(Export_ControlTot!$A16,'Campus Enrol Disaggregation'!$O$5:$O$75,0),MATCH(H$1,'Campus Enrol Disaggregation'!$P$4:$AC$4,0)) -> 28000 | I16: =INDEX('Campus Enrol Disaggregation'!$P$5:$AC$75,MATCH(Export_ControlTot!$A16,'Campus Enrol Disaggregation'!$O$5:$O$75,0),MATCH(I$1,'Campus Enrol Disaggregation'!$P$4:$AC$4,0)) -> 24150 | ... O16: =INDEX('Campus Enrol Disaggregation'!$P$5:$AC$75,MATCH(Export_ControlTot!$A16,'Campus Enrol Disaggregation'!$O$5:$O$75,0),MATCH(O$1,'Campus Enrol Disaggregation'!$P$4:$AC$4,0)) -> 2400
A17: 2005 | B17: =INDEX('Campus Enrol Disaggregation'!$P$5:$AC$75,MATCH(Export_ControlTot!$A17,'Campus Enrol Disaggregation'!$O$5:$O$75,0),MATCH(B$1,'Campus Enrol Disaggregation'!$P$4:$AC$4,0)) -> 34050 | C17: =INDEX('Campus Enrol Disaggregation'!$P$5:$AC$75,MATCH(Export_ControlTot!$A17,'Campus Enrol Disaggregation'!$O$5:$O$75,0),MATCH(C$1,'Campus Enrol Disaggregation'!$P$4:$AC$4,0)) -> 1250 | D17: =INDEX('Campus Enrol Disaggregation'!$P$5:$AC$75,MATCH(Export_ControlTot!$A17,'Campus Enrol Disaggregation'!$O$5:$O$75,0),MATCH(D$1,'Campus Enrol Disaggregation'!$P$4:$AC$4,0)) -> 16500 | E17: =INDEX('Campus Enrol Disaggregation'!$P$5:$AC$75,MATCH(Export_ControlTot!$A17,'Campus Enrol Disaggregation'!$O$5:$O$75,0),MATCH(E$1,'Campus Enrol Disaggregation'!$P$4:$AC$4,0)) -> 3200 | F17: =INDEX('Campus Enrol Disaggregation'!$P$5:$AC$75,MATCH(Export_ControlTot!$A17,'Campus Enrol Disaggregation'!$O$5:$O$75,0),MATCH(F$1,'Campus Enrol Disaggregation'!$P$4:$AC$4,0)) -> 400 | G17: =INDEX('Campus Enrol Disaggregation'!$P$5:$AC$75,MATCH(Export_ControlTot!$A17,'Campus Enrol Disaggregation'!$O$5:$O$75,0),MATCH(G$1,'Campus Enrol Disaggregation'!$P$4:$AC$4,0)) -> 2450 | H17: =INDEX('Campus Enrol Disaggregation'!$P$5:$AC$75,MATCH(Export_ControlTot!$A17,'Campus Enrol Disaggregation'!$O$5:$O$75,0),MATCH(H$1,'Campus Enrol Disaggregation'!$P$4:$AC$4,0)) -> 29600 | I17: =INDEX('Campus Enrol Disaggregation'!$P$5:$AC$75,MATCH(Export_ControlTot!$A17,'Campus Enrol Disaggregation'!$O$5:$O$75,0),MATCH(I$1,'Campus Enrol Disaggregation'!$P$4:$AC$4,0)) -> 24500 | ... O17: =INDEX('Campus Enrol Disaggregation'!$P$5:$AC$75,MATCH(Export_ControlTot!$A17,'Campus Enrol Disaggregation'!$O$5:$O$75,0),MATCH(O$1,'Campus Enrol Disaggregation'!$P$4:$AC$4,0)) -> 2450
A18: 2006 | B18: =INDEX('Campus Enrol Disaggregation'!$P$5:$AC$75,MATCH(Export_ControlTot!$A18,'Campus Enrol Disaggregation'!$O$5:$O$75,0),MATCH(B$1,'Campus Enrol Disaggregation'!$P$4:$AC$4,0)) -> 34200 | C18: =INDEX('Campus Enrol Disaggregation'!$P$5:$AC$75,MATCH(Export_ControlTot!$A18,'Campus Enrol Disaggregation'!$O$5:$O$75,0),MATCH(C$1,'Campus Enrol Disaggregation'!$P$4:$AC$4,0)) -> 1300 | D18: =INDEX('Campus Enrol Disaggregation'!$P$5:$AC$75,MATCH(Export_ControlTot!$A18,'Campus Enrol Disaggregation'!$O$5:$O$75,0),MATCH(D$1,'Campus Enrol Disaggregation'!$P$4:$AC$4,0)) -> 16600 | E18: =INDEX('Campus Enrol Disaggregation'!$P$5:$AC$75,MATCH(Export_ControlTot!$A18,'Campus Enrol Disaggregation'!$O$5:$O$75,0),MATCH(E$1,'Campus Enrol Disaggregation'!$P$4:$AC$4,0)) -> 3250 | F18: =INDEX('Campus Enrol Disaggregation'!$P$5:$AC$75,MATCH(Export_ControlTot!$A18,'Campus Enrol Disaggregation'!$O$5:$O$75,0),MATCH(F$1,'Campus Enrol Disaggregation'!$P$4:$AC$4,0)) -> 400 | G18: =INDEX('Campus Enrol Disaggregation'!$P$5:$AC$75,MATCH(Export_ControlTot!$A18,'Campus Enrol Disaggregation'!$O$5:$O$75,0),MATCH(G$1,'Campus Enrol Disaggregation'!$P$4:$AC$4,0)) -> 2450 | H18: =INDEX('Campus Enrol Disaggregation'!$P$5:$AC$75,MATCH(Export_ControlTot!$A18,'Campus Enrol Disaggregation'!$O$5:$O$75,0),MATCH(H$1,'Campus Enrol Disaggregation'!$P$4:$AC$4,0)) -> 29550 | I18: =INDEX('Campus Enrol Disaggregation'!$P$5:$AC$75,MATCH(Export_ControlTot!$A18,'Campus Enrol Disaggregation'!$O$5:$O$75,0),MATCH(I$1,'Campus Enrol Disaggregation'!$P$4:$AC$4,0)) -> 23300 | ... O18: =INDEX('Campus Enrol Disaggregation'!$P$5:$AC$75,MATCH(Export_ControlTot!$A18,'Campus Enrol Disaggregation'!$O$5:$O$75,0),MATCH(O$1,'Campus Enrol Disaggregation'!$P$4:$AC$4,0)) -> 2500
A19: 2007 | B19: =INDEX('Campus Enrol Disaggregation'!$P$5:$AC$75,MATCH(Export_ControlTot!$A19,'Campus Enrol Disaggregation'!$O$5:$O$75,0),MATCH(B$1,'Campus Enrol Disaggregation'!$P$4:$AC$4,0)) -> 34150 | C19: =INDEX('Campus Enrol Disaggregation'!$P$5:$AC$75,MATCH(Export_ControlTot!$A19,'Campus Enrol Disaggregation'!$O$5:$O$75,0),MATCH(C$1,'Campus Enrol Disaggregation'!$P$4:$AC$4,0)) -> 1300 | D19: =INDEX('Campus Enrol Disaggregation'!$P$5:$AC$75,MATCH(Export_ControlTot!$A19,'Campus Enrol Disaggregation'!$O$5:$O$75,0),MATCH(D$1,'Campus Enrol Disaggregation'!$P$4:$AC$4,0)) -> 17250 | E19: =INDEX('Campus Enrol Disaggregation'!$P$5:$AC$75,MATCH(Export_ControlTot!$A19,'Campus Enrol Disaggregation'!$O$5:$O$75,0),MATCH(E$1,'Campus Enrol Disaggregation'!$P$4:$AC$4,0)) -> 3350 | F19: =INDEX('Campus Enrol Disaggregation'!$P$5:$AC$75,MATCH(Export_ControlTot!$A19,'Campus Enrol Disaggregation'!$O$5:$O$75,0),MATCH(F$1,'Campus Enrol Disaggregation'!$P$4:$AC$4,0)) -> 400 | G19: =INDEX('Campus Enrol Disaggregation'!$P$5:$AC$75,MATCH(Export_ControlTot!$A19,'Campus Enrol Disaggregation'!$O$5:$O$75,0),MATCH(G$1,'Campus Enrol Disaggregation'!$P$4:$AC$4,0)) -> 2550 | H19: =INDEX('Campus Enrol Disaggregation'!$P$5:$AC$75,MATCH(Export_ControlTot!$A19,'Campus Enrol Disaggregation'!$O$5:$O$75,0),MATCH(H$1,'Campus Enrol Disaggregation'!$P$4:$AC$4,0)) -> 27150 | I19: =INDEX('Campus Enrol Disaggregation'!$P$5:$AC$75,MATCH(Export_ControlTot!$A19,'Campus Enrol Disaggregation'!$O$5:$O$75,0),MATCH(I$1,'Campus Enrol Disaggregation'!$P$4:$AC$4,0)) -> 23850 | ... O19: =INDEX('Campus Enrol Disaggregation'!$P$5:$AC$75,MATCH(Export_ControlTot!$A19,'Campus Enrol Disaggregation'!$O$5:$O$75,0),MATCH(O$1,'Campus Enrol Disaggregation'!$P$4:$AC$4,0)) -> 2650
A20: 2008 | B20: =INDEX('Campus Enrol Disaggregation'!$P$5:$AC$75,MATCH(Export_ControlTot!$A20,'Campus Enrol Disaggregation'!$O$5:$O$75,0),MATCH(B$1,'Campus Enrol Disaggregation'!$P$4:$AC$4,0)) -> 34250 | C20: =INDEX('Campus Enrol Disaggregation'!$P$5:$AC$75,MATCH(Export_ControlTot!$A20,'Campus Enrol Disaggregation'!$O$5:$O$75,0),MATCH(C$1,'Campus Enrol Disaggregation'!$P$4:$AC$4,0)) -> 1400 | D20: =INDEX('Campus Enrol Disaggregation'!$P$5:$AC$75,MATCH(Export_ControlTot!$A20,'Campus Enrol Disaggregation'!$O$5:$O$75,0),MATCH(D$1,'Campus Enrol Disaggregation'!$P$4:$AC$4,0)) -> 20100 | E20: =INDEX('Campus Enrol Disaggregation'!$P$5:$AC$75,MATCH(Export_ControlTot!$A20,'Campus Enrol Disaggregation'!$O$5:$O$75,0),MATCH(E$1,'Campus Enrol Disaggregation'!$P$4:$AC$4,0)) -> 3900 | F20: =INDEX('Campus Enrol Disaggregation'!$P$5:$AC$75,MATCH(Export_ControlTot!$A20,'Campus Enrol Disaggregation'!$O$5:$O$75,0),MATCH(F$1,'Campus Enrol Disaggregation'!$P$4:$AC$4,0)) -> 500 | G20: =INDEX('Campus Enrol Disaggregation'!$P$5:$AC$75,MATCH(Export_ControlTot!$A20,'Campus Enrol Disaggregation'!$O$5:$O$75,0),MATCH(G$1,'Campus Enrol Disaggregation'!$P$4:$AC$4,0)) -> 3000 | H20: =INDEX('Campus Enrol Disaggregation'!$P$5:$AC$75,MATCH(Export_ControlTot!$A20,'Campus Enrol Disaggregation'!$O$5:$O$75,0),MATCH(H$1,'Campus Enrol Disaggregation'!$P$4:$AC$4,0)) -> 27300 | I20: =INDEX('Campus Enrol Disaggregation'!$P$5:$AC$75,MATCH(Export_ControlTot!$A20,'Campus Enrol Disaggregation'!$O$5:$O$75,0),MATCH(I$1,'Campus Enrol Disaggregation'!$P$4:$AC$4,0)) -> 27050 | ... O20: =INDEX('Campus Enrol Disaggregation'!$P$5:$AC$75,MATCH(Export_ControlTot!$A20,'Campus Enrol Disaggregation'!$O$5:$O$75,0),MATCH(O$1,'Campus Enrol Disaggregation'!$P$4:$AC$4,0)) -> 2850
... A72: 2060 | B72: =INDEX('Campus Enrol Disaggregation'!$P$5:$AC$75,MATCH(Export_ControlTot!$A72,'Campus Enrol Disaggregation'!$O$5:$O$75,0),MATCH(B$1,'Campus Enrol Disaggregation'!$P$4:$AC$4,0)) -> 39300 | C72: =INDEX('Campus Enrol Disaggregation'!$P$5:$AC$75,MATCH(Export_ControlTot!$A72,'Campus Enrol Disaggregation'!$O$5:$O$75,0),MATCH(C$1,'Campus Enrol Disaggregation'!$P$4:$AC$4,0)) -> 3200 | D72: =INDEX('Campus Enrol Disaggregation'!$P$5:$AC$75,MATCH(Export_ControlTot!$A72,'Campus Enrol Disaggregation'!$O$5:$O$75,0),MATCH(D$1,'Campus Enrol Disaggregation'!$P$4:$AC$4,0)) -> 29400 | E72: =INDEX('Campus Enrol Disaggregation'!$P$5:$AC$75,MATCH(Export_ControlTot!$A72,'Campus Enrol Disaggregation'!$O$5:$O$75,0),MATCH(E$1,'Campus Enrol Disaggregation'!$P$4:$AC$4,0)) -> 5750 | F72: =INDEX('Campus Enrol Disaggregation'!$P$5:$AC$75,MATCH(Export_ControlTot!$A72,'Campus Enrol Disaggregation'!$O$5:$O$75,0),MATCH(F$1,'Campus Enrol Disaggregation'!$P$4:$AC$4,0)) -> 700 | G72: =INDEX('Campus Enrol Disaggregation'!$P$5:$AC$75,MATCH(Export_ControlTot!$A72,'Campus Enrol Disaggregation'!$O$5:$O$75,0),MATCH(G$1,'Campus Enrol Disaggregation'!$P$4:$AC$4,0)) -> 4400 | H72: =INDEX('Campus Enrol Disaggregation'!$P$5:$AC$75,MATCH(Export_ControlTot!$A72,'Campus Enrol Disaggregation'!$O$5:$O$75,0),MATCH(H$1,'Campus Enrol Disaggregation'!$P$4:$AC$4,0)) -> 45500 | I72: =INDEX('Campus Enrol Disaggregation'!$P$5:$AC$75,MATCH(Export_ControlTot!$A72,'Campus Enrol Disaggregation'!$O$5:$O$75,0),MATCH(I$1,'Campus Enrol Disaggregation'!$P$4:$AC$4,0)) -> 68000 | ... O72: =INDEX('Campus Enrol Disaggregation'!$P$5:$AC$75,MATCH(Export_ControlTot!$A72,'Campus Enrol Disaggregation'!$O$5:$O$75,0),MATCH(O$1,'Campus Enrol Disaggregation'!$P$4:$AC$4,0)) -> 3500

Sheet Export_Factors
A1: ;INDEX | B1: ENSIGN | C1: WESTMIN | D1: UOFU_Main | E1: UofU_Med | F1: WSU_Main | G1: WSU_Davis | H1: WSU_West | I1: SLCC_MAIN | J1: SLCC_SC | K1: SLCC_JD | L1: SLCC_Mead | M1: SLCC_ML | N1: SLCC_LB | O1: SLCC_HL | P1: SLCC_Airp | Q1: SLCC_West | R1: SLCC_HM | S1: BYU | T1: UVU_Main | U1: UVU_Geneva | V1: UVU_Lehi | W1: UVU_Vineyard | X1: UVU_Payson | Y1: Var_Name
A2: 1 | B2: =VLOOKUP(B1,'calc%concurrent'!$A$2:$B$15,2,FALSE) -> 0.1005 | C2: =VLOOKUP(C1,'calc%concurrent'!$A$2:$B$15,2,FALSE) -> 0.0115625 | D2: =VLOOKUP(D1,'calc%concurrent'!$A$2:$B$15,2,FALSE) -> 0.026040514 | E2: =D2 -> 0.026040514 | F2: =VLOOKUP(F1,'calc%concurrent'!$A$2:$B$15,2,FALSE) -> 0.21501654 | G2: =VLOOKUP(G1,'calc%concurrent'!$A$2:$B$15,2,FALSE) -> 0.30851477 | H2: =G2 -> 0.30851477 | I2: =VLOOKUP(I1,'calc%concurrent'!$A$2:$B$15,2,FALSE) -> 0.34092451 | J2: =VLOOKUP(J1,'calc%concurrent'!$A$2:$B$15,2,FALSE) -> 0.34092451 | K2: =VLOOKUP(K1,'calc%concurrent'!$A$2:$B$15,2,FALSE) -> 0.34092451 | L2: =K2 -> 0.34092451 | M2: =VLOOKUP(M1,'calc%concurrent'!$A$2:$B$15,2,FALSE) -> 0.34092451 | N2: =M2 -> 0.34092451 | O2: =N2 -> 0.34092451 | P2: =O2 -> 0.34092451 | Q2: =P2 -> 0.34092451 | R2: =Q2 -> 0.34092451 | S2: =VLOOKUP(S$1,'calc%concurrent'!$A$2:$B$15,2,FALSE) -> 0.026040514 | T2: =VLOOKUP(T1,'calc%concurrent'!$A$2:$B$15,2,FALSE) -> 0.26992029 | U2: =T2 -> 0.26992029 | V2: =VLOOKUP(V1,'calc%concurrent'!$A$2:$B$15,2,FALSE) -> 0.26992029 | W2: =VLOOKUP(W1,'calc%concurrent'!$A$2:$B$15,2,FALSE) -> 0.26992029 | X2: =VLOOKUP(X1,'calc%concurrent'!$A$2:$B$15,2,FALSE) -> 0.26992029 | Y2: Pct_Remove
A3: 2 | B3: =VLOOKUP(B$1,'FTE Rate Calcs'!$A$2:$B$15,2,FALSE) -> 1.4528829 | C3: =VLOOKUP(C$1,'FTE Rate Calcs'!$A$2:$B$15,2,FALSE) -> 1.2591684 | D3: =VLOOKUP(D$1,'FTE Rate Calcs'!$A$2:$B$15,2,FALSE) -> 1.3199787 | E3: =D3 -> 1.3199787 | F3: =VLOOKUP(F$1,'FTE Rate Calcs'!$A$2:$B$15,2,FALSE) -> 1.9089034 | G3: =VLOOKUP(G$1,'FTE Rate Calcs'!$A$2:$B$15,2,FALSE) -> 1.9089034 | H3: =G3 -> 1.9089034 | I3: =VLOOKUP(I$1,'FTE Rate Calcs'!$A$2:$B$15,2,FALSE) -> 2.4944485 | J3: =VLOOKUP(J$1,'FTE Rate Calcs'!$A$2:$B$15,2,FALSE) -> 2.4944485 | K3: =VLOOKUP(K$1,'FTE Rate Calcs'!$A$2:$B$15,2,FALSE) -> 2.4944485 | L3: =K3 -> 2.4944485 | M3: =VLOOKUP(M$1,'FTE Rate Calcs'!$A$2:$B$15,2,FALSE) -> 2.4944485 | N3: =M3 -> 2.4944485 | O3: =N3 -> 2.4944485 | P3: =O3 -> 2.4944485 | Q3: =P3 -> 2.4944485 | R3: =Q3 -> 2.4944485 | S3: =VLOOKUP(S$1,'FTE Rate Calcs'!$A$2:$B$15,2,FALSE) -> 1.1631452 | T3: =VLOOKUP(T$1,'FTE Rate Calcs'!$A$2:$B$15,2,FALSE) -> 1.6817349 | U3: =T3 -> 1.6817349 | V3: =VLOOKUP(V$1,'FTE Rate Calcs'!$A$2:$B$15,2,FALSE) -> 1.6817349 | W3: =VLOOKUP(W$1,'FTE Rate Calcs'!$A$2:$B$15,2,FALSE) -> 1.6817349 | X3: =VLOOKUP(X$1,'FTE Rate Calcs'!$A$2:$B$15,2,FALSE) -> 1.6817349 | Y3: FTERate
A4: 3 | B4: =VLOOKUP(B$1,'HBC Rates'!$A$2:$B$15,2,FALSE) -> 0.9301 | C4: =VLOOKUP(C$1,'HBC Rates'!$A$2:$B$15,2,FALSE) -> 0.9301 | D4: =VLOOKUP(D$1,'HBC Rates'!$A$2:$B$15,2,FALSE) -> 0.9301 | E4: =D4 -> 0.9301 | F4: =VLOOKUP(F$1,'HBC Rates'!$A$2:$B$15,2,FALSE) -> 0.83 | G4: =VLOOKUP(G$1,'HBC Rates'!$A$2:$B$15,2,FALSE) -> 0.677 | H4: =G4 -> 0.677 | I4: =VLOOKUP(I$1,'HBC Rates'!$A$2:$B$15,2,FALSE) -> 0.6219 | J4: =VLOOKUP(J$1,'HBC Rates'!$A$2:$B$15,2,FALSE) -> 0.6422 | K4: =VLOOKUP(K$1,'HBC Rates'!$A$2:$B$15,2,FALSE) -> 0.5687 | L4: =K4 -> 0.5687 | M4: =VLOOKUP(M$1,'HBC Rates'!$A$2:$B$15,2,FALSE) -> 0.6158 | N4: =M4 -> 0.6158 | O4: =N4 -> 0.6158 | P4: =O4 -> 0.6158 | Q4: =P4 -> 0.6158 | R4: =Q4 -> 0.6158 | S4: =VLOOKUP(S$1,'HBC Rates'!$A$2:$B$15,2,FALSE) -> 0.9301 | T4: =VLOOKUP(T$1,'HBC Rates'!$A$2:$B$15,2,FALSE) -> 0.9452 | U4: =T4 -> 0.9452 | V4: =VLOOKUP(V$1,'HBC Rates'!$A$2:$B$15,2,FALSE) -> 0.9452 | W4: =VLOOKUP(W$1,'HBC Rates'!$A$2:$B$15,2,FALSE) -> 0.9452 | X4: =VLOOKUP(X$1,'HBC Rates'!$A$2:$B$15,2,FALSE) -> 0.9452 | Y4: HBCRates
A6: Note:
A7: Removal means concurrent, online degree etc.
A8: FTERate = FTE / Total Headcount, Total Headcount includes online and concurrent enrollment

Sheet Campus Enrol Disaggregation
O1: Enrollment Projections by Campus
O2: School: | P2: =IFERROR((FIND("_",P4)),P4) -> BYU | Q2: =IFERROR((FIND("_",Q4)),Q4) -> ENSIGN | R2: =IF(FIND("_",R4),LEFT(R4,FIND("_",R4)-1),R4) -> SLCC | S2: =IF(FIND("_",S4),LEFT(S4,FIND("_",S4)-1),S4) -> SLCC | T2: =IF(FIND("_",T4),LEFT(T4,FIND("_",T4)-1),T4) -> SLCC | U2: =IF(FIND("_",U4),LEFT(U4,FIND("_",U4)-1),U4) -> SLCC | V2: =IF(FIND("_",V4),LEFT(V4,FIND("_",V4)-1),V4) -> UOFU | AA2: =IF(FIND("_",AA4),LEFT(AA4,FIND("_",AA4)-1),AA4) -> WSU | AB2: =IF(FIND("_",AB4),LEFT(AB4,FIND("_",AB4)-1),AB4) -> WSU | AC2: =IFERROR((FIND("_",AC4)),AC4) -> WESTMIN
O3: % of School: | P3: 1 | Q3: 1 | R3: ='USHE 2020 Campus Totals'!D3 -> 0.68409987 | S3: ='USHE 2020 Campus Totals'!D6 -> 0.13337714 | T3: ='USHE 2020 Campus Totals'!D7 -> 0.016162943 | U3: ='USHE 2020 Campus Totals'!D10 -> 0.10175208 | V3: ='USHE 2020 Campus Totals'!D19 -> 0.96822825 | AA3: ='USHE 2020 Campus Totals'!D23 -> 0.81142857 | AB3: ='USHE 2020 Campus Totals'!D26 -> 0.162818 | AC3: 1
O4: Year | P4: BYU | Q4: ENSIGN | R4: SLCC_MAIN | S4: SLCC_JD | T4: SLCC_ML | U4: SLCC_SC | V4: UOFU_Main | W4: UVU_Main | X4: UVU_Lehi | Y4: UVU_Payson | Z4: UVU_Vineyard | AA4: WSU_Main | AB4: WSU_Davis | AC4: WESTMIN | AD4: Total
O5: 1990 | P5: =MROUND(P$3*INDEX('College Enrollment Projections'!$AJ$2:$AP$72,MATCH('Campus Enrol Disaggregation'!$O5,'College Enrollment Projections'!$AI$2:$AI$72,0),MATCH('Campus Enrol Disaggregation'!P$2,'College Enrollment Projections'!$AJ$1:$AP$1,0)),50) -> 30450 | Q5: =MROUND(Q$3*INDEX('College Enrollment Projections'!$AJ$2:$AP$72,MATCH('Campus Enrol Disaggregation'!$O5,'College Enrollment Projections'!$AI$2:$AI$72,0),MATCH('Campus Enrol Disaggregation'!Q$2,'College Enrollment Projections'!$AJ$1:$AP$1,0)),50) -> 0 | R5: =MROUND(R$3*INDEX('College Enrollment Projections'!$AJ$2:$AP$72,MATCH('Campus Enrol Disaggregation'!$O5,'College Enrollment Projections'!$AI$2:$AI$72,0),MATCH('Campus Enrol Disaggregation'!R$2,'College Enrollment Projections'!$AJ$1:$AP$1,0)),50) -> 9150 | S5: =MROUND(S$3*INDEX('College Enrollment Projections'!$AJ$2:$AP$72,MATCH('Campus Enrol Disaggregation'!$O5,'College Enrollment Projections'!$AI$2:$AI$72,0),MATCH('Campus Enrol Disaggregation'!S$2,'College Enrollment Projections'!$AJ$1:$AP$1,0)),50) -> 1800 | T5: =MROUND(T$3*INDEX('College Enrollment Projections'!$AJ$2:$AP$72,MATCH('Campus Enrol Disaggregation'!$O5,'College Enrollment Projections'!$AI$2:$AI$72,0),MATCH('Campus Enrol Disaggregation'!T$2,'College Enrollment Projections'!$AJ$1:$AP$1,0)),50) -> 200 | U5: =MROUND(U$3*INDEX('College Enrollment Projections'!$AJ$2:$AP$72,MATCH('Campus Enrol Disaggregation'!$O5,'College Enrollment Projections'!$AI$2:$AI$72,0),MATCH('Campus Enrol Disaggregation'!U$2,'College Enrollment Projections'!$AJ$1:$AP$1,0)),50) -> 1350 | V5: =MROUND(V$3*INDEX('College Enrollment Projections'!$AJ$2:$AP$72,MATCH('Campus Enrol Disaggregation'!$O5,'College Enrollment Projections'!$AI$2:$AI$72,0),MATCH('Campus Enrol Disaggregation'!V$2,'College Enrollment Projections'!$AJ$1:$AP$1,0)),50) -> 23550 | W5: =MROUND(INDEX('MAG College Enrollment Forecast'!$B$4:$H$74,MATCH($O5,'MAG College Enrollment Forecast'!$A$4:$A$74,0),MATCH(W$4,'MAG College Enrollment Forecast'!$B$1:$H$1,0)),50) -> 7900 | X5: =MROUND(INDEX('MAG College Enrollment Forecast'!$B$4:$H$74,MATCH($O5,'MAG College Enrollment Forecast'!$A$4:$A$74,0),MATCH(X$4,'MAG College Enrollment Forecast'!$B$1:$H$1,0)),50) -> 0 | Y5: =MROUND(INDEX('MAG College Enrollment Forecast'!$B$4:$H$74,MATCH($O5,'MAG College Enrollment Forecast'!$A$4:$A$74,0),MATCH(Y$4,'MAG College Enrollment Forecast'!$B$1:$H$1,0)),50) -> 0 | Z5: =MROUND(INDEX('MAG College Enrollment Forecast'!$B$4:$H$74,MATCH($O5,'MAG College Enrollment Forecast'!$A$4:$A$74,0),MATCH(Z$4,'MAG College Enrollment Forecast'!$B$1:$H$1,0)),50) -> 0 | AA5: =MROUND(AA$3*INDEX('College Enrollment Projections'!$AJ$2:$AP$72,MATCH('Campus Enrol Disaggregation'!$O5,'College Enrollment Projections'!$AI$2:$AI$72,0),MATCH('Campus Enrol Disaggregation'!AA$2,'College Enrollment Projections'!$AJ$1:$AP$1,0)),50) -> 10900 | AB5: =MROUND(AB$3*INDEX('College Enrollment Projections'!$AJ$2:$AP$72,MATCH('Campus Enrol Disaggregation'!$O5,'College Enrollment Projections'!$AI$2:$AI$72,0),MATCH('Campus Enrol Disaggregation'!AB$2,'College Enrollment Projections'!$AJ$1:$AP$1,0)),50) -> 2200 | AC5: =MROUND(AC$3*INDEX('College Enrollment Projections'!$AJ$2:$AP$72,MATCH('Campus Enrol Disaggregation'!$O5,'College Enrollment Projections'!$AI$2:$AI$72,0),MATCH('Campus Enrol Disaggregation'!AC$2,'College Enrollment Projections'!$AJ$1:$AP$1,0)),50) -> 0 | AD5: =SUM(P5:AC5) -> 87500
O6: 1991 | P6: =MROUND(P$3*INDEX('College Enrollment Projections'!$AJ$2:$AP$72,MATCH('Campus Enrol Disaggregation'!$O6,'College Enrollment Projections'!$AI$2:$AI$72,0),MATCH('Campus Enrol Disaggregation'!P$2,'College Enrollment Projections'!$AJ$1:$AP$1,0)),50) -> 31100 | Q6: =MROUND(Q$3*INDEX('College Enrollment Projections'!$AJ$2:$AP$72,MATCH('Campus Enrol Disaggregation'!$O6,'College Enrollment Projections'!$AI$2:$AI$72,0),MATCH('Campus Enrol Disaggregation'!Q$2,'College Enrollment Projections'!$AJ$1:$AP$1,0)),50) -> 0 | R6: =MROUND(R$3*INDEX('College Enrollment Projections'!$AJ$2:$AP$72,MATCH('Campus Enrol Disaggregation'!$O6,'College Enrollment Projections'!$AI$2:$AI$72,0),MATCH('Campus Enrol Disaggregation'!R$2,'College Enrollment Projections'!$AJ$1:$AP$1,0)),50) -> 10950 | S6: =MROUND(S$3*INDEX('College Enrollment Projections'!$AJ$2:$AP$72,MATCH('Campus Enrol Disaggregation'!$O6,'College Enrollment Projections'!$AI$2:$AI$72,0),MATCH('Campus Enrol Disaggregation'!S$2,'College Enrollment Projections'!$AJ$1:$AP$1,0)),50) -> 2150 | T6: =MROUND(T$3*INDEX('College Enrollment Projections'!$AJ$2:$AP$72,MATCH('Campus Enrol Disaggregation'!$O6,'College Enrollment Projections'!$AI$2:$AI$72,0),MATCH('Campus Enrol Disaggregation'!T$2,'College Enrollment Projections'!$AJ$1:$AP$1,0)),50) -> 250 | U6: =MROUND(U$3*INDEX('College Enrollment Projections'!$AJ$2:$AP$72,MATCH('Campus Enrol Disaggregation'!$O6,'College Enrollment Projections'!$AI$2:$AI$72,0),MATCH('Campus Enrol Disaggregation'!U$2,'College Enrollment Projections'!$AJ$1:$AP$1,0)),50) -> 1650 | V6: =MROUND(V$3*INDEX('College Enrollment Projections'!$AJ$2:$AP$72,MATCH('Campus Enrol Disaggregation'!$O6,'College Enrollment Projections'!$AI$2:$AI$72,0),MATCH('Campus Enrol Disaggregation'!V$2,'College Enrollment Projections'!$AJ$1:$AP$1,0)),50) -> 24750 | W6: =MROUND(INDEX('MAG College Enrollment Forecast'!$B$4:$H$74,MATCH($O6,'MAG College Enrollment Forecast'!$A$4:$A$74,0),MATCH(W$4,'MAG College Enrollment Forecast'!$B$1:$H$1,0)),50) -> 8800 | X6: =MROUND(INDEX('MAG College Enrollment Forecast'!$B$4:$H$74,MATCH($O6,'MAG College Enrollment Forecast'!$A$4:$A$74,0),MATCH(X$4,'MAG College Enrollment Forecast'!$B$1:$H$1,0)),50) -> 0 | Y6: =MROUND(INDEX('MAG College Enrollment Forecast'!$B$4:$H$74,MATCH($O6,'MAG College Enrollment Forecast'!$A$4:$A$74,0),MATCH(Y$4,'MAG College Enrollment Forecast'!$B$1:$H$1,0)),50) -> 0 | Z6: =MROUND(INDEX('MAG College Enrollment Forecast'!$B$4:$H$74,MATCH($O6,'MAG College Enrollment Forecast'!$A$4:$A$74,0),MATCH(Z$4,'MAG College Enrollment Forecast'!$B$1:$H$1,0)),50) -> 0 | AA6: =MROUND(AA$3*INDEX('College Enrollment Projections'!$AJ$2:$AP$72,MATCH('Campus Enrol Disaggregation'!$O6,'College Enrollment Projections'!$AI$2:$AI$72,0),MATCH('Campus Enrol Disaggregation'!AA$2,'College Enrollment Projections'!$AJ$1:$AP$1,0)),50) -> 11750 | AB6: =MROUND(AB$3*INDEX('College Enrollment Projections'!$AJ$2:$AP$72,MATCH('Campus Enrol Disaggregation'!$O6,'College Enrollment Projections'!$AI$2:$AI$72,0),MATCH('Campus Enrol Disaggregation'!AB$2,'College Enrollment Projections'!$AJ$1:$AP$1,0)),50) -> 2350 | AC6: =MROUND(AC$3*INDEX('College Enrollment Projections'!$AJ$2:$AP$72,MATCH('Campus Enrol Disaggregation'!$O6,'College Enrollment Projections'!$AI$2:$AI$72,0),MATCH('Campus Enrol Disaggregation'!AC$2,'College Enrollment Projections'!$AJ$1:$AP$1,0)),50) -> 0 | AD6: =SUM(P6:AC6) -> 93750
O7: 1992 | P7: =MROUND(P$3*INDEX('College Enrollment Projections'!$AJ$2:$AP$72,MATCH('Campus Enrol Disaggregation'!$O7,'College Enrollment Projections'!$AI$2:$AI$72,0),MATCH('Campus Enrol Disaggregation'!P$2,'College Enrollment Projections'!$AJ$1:$AP$1,0)),50) -> 31100 | Q7: =MROUND(Q$3*INDEX('College Enrollment Projections'!$AJ$2:$AP$72,MATCH('Campus Enrol Disaggregation'!$O7,'College Enrollment Projections'!$AI$2:$AI$72,0),MATCH('Campus Enrol Disaggregation'!Q$2,'College Enrollment Projections'!$AJ$1:$AP$1,0)),50) -> 0 | R7: =MROUND(R$3*INDEX('College Enrollment Projections'!$AJ$2:$AP$72,MATCH('Campus Enrol Disaggregation'!$O7,'College Enrollment Projections'!$AI$2:$AI$72,0),MATCH('Campus Enrol Disaggregation'!R$2,'College Enrollment Projections'!$AJ$1:$AP$1,0)),50) -> 12150 | S7: =MROUND(S$3*INDEX('College Enrollment Projections'!$AJ$2:$AP$72,MATCH('Campus Enrol Disaggregation'!$O7,'College Enrollment Projections'!$AI$2:$AI$72,0),MATCH('Campus Enrol Disaggregation'!S$2,'College Enrollment Projections'!$AJ$1:$AP$1,0)),50) -> 2350 | T7: =MROUND(T$3*INDEX('College Enrollment Projections'!$AJ$2:$AP$72,MATCH('Campus Enrol Disaggregation'!$O7,'College Enrollment Projections'!$AI$2:$AI$72,0),MATCH('Campus Enrol Disaggregation'!T$2,'College Enrollment Projections'!$AJ$1:$AP$1,0)),50) -> 300 | U7: =MROUND(U$3*INDEX('College Enrollment Projections'!$AJ$2:$AP$72,MATCH('Campus Enrol Disaggregation'!$O7,'College Enrollment Projections'!$AI$2:$AI$72,0),MATCH('Campus Enrol Disaggregation'!U$2,'College Enrollment Projections'!$AJ$1:$AP$1,0)),50) -> 1800 | V7: =MROUND(V$3*INDEX('College Enrollment Projections'!$AJ$2:$AP$72,MATCH('Campus Enrol Disaggregation'!$O7,'College Enrollment Projections'!$AI$2:$AI$72,0),MATCH('Campus Enrol Disaggregation'!V$2,'College Enrollment Projections'!$AJ$1:$AP$1,0)),50) -> 25050 | W7: =MROUND(INDEX('MAG College Enrollment Forecast'!$B$4:$H$74,MATCH($O7,'MAG College Enrollment Forecast'!$A$4:$A$74,0),MATCH(W$4,'MAG College Enrollment Forecast'!$B$1:$H$1,0)),50) -> 9600 | X7: =MROUND(INDEX('MAG College Enrollment Forecast'!$B$4:$H$74,MATCH($O7,'MAG College Enrollment Forecast'!$A$4:$A$74,0),MATCH(X$4,'MAG College Enrollment Forecast'!$B$1:$H$1,0)),50) -> 0 | Y7: =MROUND(INDEX('MAG College Enrollment Forecast'!$B$4:$H$74,MATCH($O7,'MAG College Enrollment Forecast'!$A$4:$A$74,0),MATCH(Y$4,'MAG College Enrollment Forecast'!$B$1:$H$1,0)),50) -> 0 | Z7: =MROUND(INDEX('MAG College Enrollment Forecast'!$B$4:$H$74,MATCH($O7,'MAG College Enrollment Forecast'!$A$4:$A$74,0),MATCH(Z$4,'MAG College Enrollment Forecast'!$B$1:$H$1,0)),50) -> 0 | AA7: =MROUND(AA$3*INDEX('College Enrollment Projections'!$AJ$2:$AP$72,MATCH('Campus Enrol Disaggregation'!$O7,'College Enrollment Projections'!$AI$2:$AI$72,0),MATCH('Campus Enrol Disaggregation'!AA$2,'College Enrollment Projections'!$AJ$1:$AP$1,0)),50) -> 12150 | AB7: =MROUND(AB$3*INDEX('College Enrollment Projections'!$AJ$2:$AP$72,MATCH('Campus Enrol Disaggregation'!$O7,'College Enrollment Projections'!$AI$2:$AI$72,0),MATCH('Campus Enrol Disaggregation'!AB$2,'College Enrollment Projections'!$AJ$1:$AP$1,0)),50) -> 2450 | AC7: =MROUND(AC$3*INDEX('College Enrollment Projections'!$AJ$2:$AP$72,MATCH('Campus Enrol Disaggregation'!$O7,'College Enrollment Projections'!$AI$2:$AI$72,0),MATCH('Campus Enrol Disaggregation'!AC$2,'College Enrollment Projections'!$AJ$1:$AP$1,0)),50) -> 0 | AD7: =SUM(P7:AC7) -> 96950
O8: 1993 | P8: =MROUND(P$3*INDEX('College Enrollment Projections'!$AJ$2:$AP$72,MATCH('Campus Enrol Disaggregation'!$O8,'College Enrollment Projections'!$AI$2:$AI$72,0),MATCH('Campus Enrol Disaggregation'!P$2,'College Enrollment Projections'!$AJ$1:$AP$1,0)),50) -> 30550 | Q8: =MROUND(Q$3*INDEX('College Enrollment Projections'!$AJ$2:$AP$72,MATCH('Campus Enrol Disaggregation'!$O8,'College Enrollment Projections'!$AI$2:$AI$72,0),MATCH('Campus Enrol Disaggregation'!Q$2,'College Enrollment Projections'!$AJ$1:$AP$1,0)),50) -> 0 | R8: =MROUND(R$3*INDEX('College Enrollment Projections'!$AJ$2:$AP$72,MATCH('Campus Enrol Disaggregation'!$O8,'College Enrollment Projections'!$AI$2:$AI$72,0),MATCH('Campus Enrol Disaggregation'!R$2,'College Enrollment Projections'!$AJ$1:$AP$1,0)),50) -> 12550 | S8: =MROUND(S$3*INDEX('College Enrollment Projections'!$AJ$2:$AP$72,MATCH('Campus Enrol Disaggregation'!$O8,'College Enrollment Projections'!$AI$2:$AI$72,0),MATCH('Campus Enrol Disaggregation'!S$2,'College Enrollment Projections'!$AJ$1:$AP$1,0)),50) -> 2450 | T8: =MROUND(T$3*INDEX('College Enrollment Projections'!$AJ$2:$AP$72,MATCH('Campus Enrol Disaggregation'!$O8,'College Enrollment Projections'!$AI$2:$AI$72,0),MATCH('Campus Enrol Disaggregation'!T$2,'College Enrollment Projections'!$AJ$1:$AP$1,0)),50) -> 300 | U8: =MROUND(U$3*INDEX('College Enrollment Projections'!$AJ$2:$AP$72,MATCH('Campus Enrol Disaggregation'!$O8,'College Enrollment Projections'!$AI$2:$AI$72,0),MATCH('Campus Enrol Disaggregation'!U$2,'College Enrollment Projections'!$AJ$1:$AP$1,0)),50) -> 1850 | V8: =MROUND(V$3*INDEX('College Enrollment Projections'!$AJ$2:$AP$72,MATCH('Campus Enrol Disaggregation'!$O8,'College Enrollment Projections'!$AI$2:$AI$72,0),MATCH('Campus Enrol Disaggregation'!V$2,'College Enrollment Projections'!$AJ$1:$AP$1,0)),50) -> 25150 | W8: =MROUND(INDEX('MAG College Enrollment Forecast'!$B$4:$H$74,MATCH($O8,'MAG College Enrollment Forecast'!$A$4:$A$74,0),MATCH(W$4,'MAG College Enrollment Forecast'!$B$1:$H$1,0)),50) -> 10500 | X8: =MROUND(INDEX('MAG College Enrollment Forecast'!$B$4:$H$74,MATCH($O8,'MAG College Enrollment Forecast'!$A$4:$A$74,0),MATCH(X$4,'MAG College Enrollment Forecast'!$B$1:$H$1,0)),50) -> 0 | Y8: =MROUND(INDEX('MAG College Enrollment Forecast'!$B$4:$H$74,MATCH($O8,'MAG College Enrollment Forecast'!$A$4:$A$74,0),MATCH(Y$4,'MAG College Enrollment Forecast'!$B$1:$H$1,0)),50) -> 0 | Z8: =MROUND(INDEX('MAG College Enrollment Forecast'!$B$4:$H$74,MATCH($O8,'MAG College Enrollment Forecast'!$A$4:$A$74,0),MATCH(Z$4,'MAG College Enrollment Forecast'!$B$1:$H$1,0)),50) -> 0 | AA8: =MROUND(AA$3*INDEX('College Enrollment Projections'!$AJ$2:$AP$72,MATCH('Campus Enrol Disaggregation'!$O8,'College Enrollment Projections'!$AI$2:$AI$72,0),MATCH('Campus Enrol Disaggregation'!AA$2,'College Enrollment Projections'!$AJ$1:$AP$1,0)),50) -> 11700 | AB8: =MROUND(AB$3*INDEX('College Enrollment Projections'!$AJ$2:$AP$72,MATCH('Campus Enrol Disaggregation'!$O8,'College Enrollment Projections'!$AI$2:$AI$72,0),MATCH('Campus Enrol Disaggregation'!AB$2,'College Enrollment Projections'!$AJ$1:$AP$1,0)),50) -> 2350 | AC8: =MROUND(AC$3*INDEX('College Enrollment Projections'!$AJ$2:$AP$72,MATCH('Campus Enrol Disaggregation'!$O8,'College Enrollment Projections'!$AI$2:$AI$72,0),MATCH('Campus Enrol Disaggregation'!AC$2,'College Enrollment Projections'!$AJ$1:$AP$1,0)),50) -> 0 | AD8: =SUM(P8:AC8) -> 97400
O9: 1994 | P9: =MROUND(P$3*INDEX('College Enrollment Projections'!$AJ$2:$AP$72,MATCH('Campus Enrol Disaggregation'!$O9,'College Enrollment Projections'!$AI$2:$AI$72,0),MATCH('Campus Enrol Disaggregation'!P$2,'College Enrollment Projections'!$AJ$1:$AP$1,0)),50) -> 30400 | Q9: =MROUND(Q$3*INDEX('College Enrollment Projections'!$AJ$2:$AP$72,MATCH('Campus Enrol Disaggregation'!$O9,'College Enrollment Projections'!$AI$2:$AI$72,0),MATCH('Campus Enrol Disaggregation'!Q$2,'College Enrollment Projections'!$AJ$1:$AP$1,0)),50) -> 0 | R9: =MROUND(R$3*INDEX('College Enrollment Projections'!$AJ$2:$AP$72,MATCH('Campus Enrol Disaggregation'!$O9,'College Enrollment Projections'!$AI$2:$AI$72,0),MATCH('Campus Enrol Disaggregation'!R$2,'College Enrollment Projections'!$AJ$1:$AP$1,0)),50) -> 13300 | S9: =MROUND(S$3*INDEX('College Enrollment Projections'!$AJ$2:$AP$72,MATCH('Campus Enrol Disaggregation'!$O9,'College Enrollment Projections'!$AI$2:$AI$72,0),MATCH('Campus Enrol Disaggregation'!S$2,'College Enrollment Projections'!$AJ$1:$AP$1,0)),50) -> 2600 | T9: =MROUND(T$3*INDEX('College Enrollment Projections'!$AJ$2:$AP$72,MATCH('Campus Enrol Disaggregation'!$O9,'College Enrollment Projections'!$AI$2:$AI$72,0),MATCH('Campus Enrol Disaggregation'!T$2,'College Enrollment Projections'!$AJ$1:$AP$1,0)),50) -> 300 | U9: =MROUND(U$3*INDEX('College Enrollment Projections'!$AJ$2:$AP$72,MATCH('Campus Enrol Disaggregation'!$O9,'College Enrollment Projections'!$AI$2:$AI$72,0),MATCH('Campus Enrol Disaggregation'!U$2,'College Enrollment Projections'!$AJ$1:$AP$1,0)),50) -> 2000 | V9: =MROUND(V$3*INDEX('College Enrollment Projections'!$AJ$2:$AP$72,MATCH('Campus Enrol Disaggregation'!$O9,'College Enrollment Projections'!$AI$2:$AI$72,0),MATCH('Campus Enrol Disaggregation'!V$2,'College Enrollment Projections'!$AJ$1:$AP$1,0)),50) -> 24850 | W9: =MROUND(INDEX('MAG College Enrollment Forecast'!$B$4:$H$74,MATCH($O9,'MAG College Enrollment Forecast'!$A$4:$A$74,0),MATCH(W$4,'MAG College Enrollment Forecast'!$B$1:$H$1,0)),50) -> 13300 | X9: =MROUND(INDEX('MAG College Enrollment Forecast'!$B$4:$H$74,MATCH($O9,'MAG College Enrollment Forecast'!$A$4:$A$74,0),MATCH(X$4,'MAG College Enrollment Forecast'!$B$1:$H$1,0)),50) -> 0 | Y9: =MROUND(INDEX('MAG College Enrollment Forecast'!$B$4:$H$74,MATCH($O9,'MAG College Enrollment Forecast'!$A$4:$A$74,0),MATCH(Y$4,'MAG College Enrollment Forecast'!$B$1:$H$1,0)),50) -> 0 | Z9: =MROUND(INDEX('MAG College Enrollment Forecast'!$B$4:$H$74,MATCH($O9,'MAG College Enrollment Forecast'!$A$4:$A$74,0),MATCH(Z$4,'MAG College Enrollment Forecast'!$B$1:$H$1,0)),50) -> 0 | AA9: =MROUND(AA$3*INDEX('College Enrollment Projections'!$AJ$2:$AP$72,MATCH('Campus Enrol Disaggregation'!$O9,'College Enrollment Projections'!$AI$2:$AI$72,0),MATCH('Campus Enrol Disaggregation'!AA$2,'College Enrollment Projections'!$AJ$1:$AP$1,0)),50) -> 11550 | AB9: =MROUND(AB$3*INDEX('College Enrollment Projections'!$AJ$2:$AP$72,MATCH('Campus Enrol Disaggregation'!$O9,'College Enrollment Projections'!$AI$2:$AI$72,0),MATCH('Campus Enrol Disaggregation'!AB$2,'College Enrollment Projections'!$AJ$1:$AP$1,0)),50) -> 2300 | AC9: =MROUND(AC$3*INDEX('College Enrollment Projections'!$AJ$2:$AP$72,MATCH('Campus Enrol Disaggregation'!$O9,'College Enrollment Projections'!$AI$2:$AI$72,0),MATCH('Campus Enrol Disaggregation'!AC$2,'College Enrollment Projections'!$AJ$1:$AP$1,0)),50) -> 0 | AD9: =SUM(P9:AC9) -> 100600
O10: 1995 | P10: =MROUND(P$3*INDEX('College Enrollment Projections'!$AJ$2:$AP$72,MATCH('Campus Enrol Disaggregation'!$O10,'College Enrollment Projections'!$AI$2:$AI$72,0),MATCH('Campus Enrol Disaggregation'!P$2,'College Enrollment Projections'!$AJ$1:$AP$1,0)),50) -> 30450 | Q10: =MROUND(Q$3*INDEX('College Enrollment Projections'!$AJ$2:$AP$72,MATCH('Campus Enrol Disaggregation'!$O10,'College Enrollment Projections'!$AI$2:$AI$72,0),MATCH('Campus Enrol Disaggregation'!Q$2,'College Enrollment Projections'!$AJ$1:$AP$1,0)),50) -> 0 | R10: =MROUND(R$3*INDEX('College Enrollment Projections'!$AJ$2:$AP$72,MATCH('Campus Enrol Disaggregation'!$O10,'College Enrollment Projections'!$AI$2:$AI$72,0),MATCH('Campus Enrol Disaggregation'!R$2,'College Enrollment Projections'!$AJ$1:$AP$1,0)),50) -> 14250 | S10: =MROUND(S$3*INDEX('College Enrollment Projections'!$AJ$2:$AP$72,MATCH('Campus Enrol Disaggregation'!$O10,'College Enrollment Projections'!$AI$2:$AI$72,0),MATCH('Campus Enrol Disaggregation'!S$2,'College Enrollment Projections'!$AJ$1:$AP$1,0)),50) -> 2800 | T10: =MROUND(T$3*INDEX('College Enrollment Projections'!$AJ$2:$AP$72,MATCH('Campus Enrol Disaggregation'!$O10,'College Enrollment Projections'!$AI$2:$AI$72,0),MATCH('Campus Enrol Disaggregation'!T$2,'College Enrollment Projections'!$AJ$1:$AP$1,0)),50) -> 350 | U10: =MROUND(U$3*INDEX('College Enrollment Projections'!$AJ$2:$AP$72,MATCH('Campus Enrol Disaggregation'!$O10,'College Enrollment Projections'!$AI$2:$AI$72,0),MATCH('Campus Enrol Disaggregation'!U$2,'College Enrollment Projections'!$AJ$1:$AP$1,0)),50) -> 2100 | V10: =MROUND(V$3*INDEX('College Enrollment Projections'!$AJ$2:$AP$72,MATCH('Campus Enrol Disaggregation'!$O10,'College Enrollment Projections'!$AI$2:$AI$72,0),MATCH('Campus Enrol Disaggregation'!V$2,'College Enrollment Projections'!$AJ$1:$AP$1,0)),50) -> 25950 | W10: =MROUND(INDEX('MAG College Enrollment Forecast'!$B$4:$H$74,MATCH($O10,'MAG College Enrollment Forecast'!$A$4:$A$74,0),MATCH(W$4,'MAG College Enrollment Forecast'!$B$1:$H$1,0)),50) -> 14050 | X10: =MROUND(INDEX('MAG College Enrollment Forecast'!$B$4:$H$74,MATCH($O10,'MAG College Enrollment Forecast'!$A$4:$A$74,0),MATCH(X$4,'MAG College Enrollment Forecast'!$B$1:$H$1,0)),50) -> 0 | Y10: =MROUND(INDEX('MAG College Enrollment Forecast'!$B$4:$H$74,MATCH($O10,'MAG College Enrollment Forecast'!$A$4:$A$74,0),MATCH(Y$4,'MAG College Enrollment Forecast'!$B$1:$H$1,0)),50) -> 0 | Z10: =MROUND(INDEX('MAG College Enrollment Forecast'!$B$4:$H$74,MATCH($O10,'MAG College Enrollment Forecast'!$A$4:$A$74,0),MATCH(Z$4,'MAG College Enrollment Forecast'!$B$1:$H$1,0)),50) -> 0 | AA10: =MROUND(AA$3*INDEX('College Enrollment Projections'!$AJ$2:$AP$72,MATCH('Campus Enrol Disaggregation'!$O10,'College Enrollment Projections'!$AI$2:$AI$72,0),MATCH('Campus Enrol Disaggregation'!AA$2,'College Enrollment Projections'!$AJ$1:$AP$1,0)),50) -> 11350 | AB10: =MROUND(AB$3*INDEX('College Enrollment Projections'!$AJ$2:$AP$72,MATCH('Campus Enrol Disaggregation'!$O10,'College Enrollment Projections'!$AI$2:$AI$72,0),MATCH('Campus Enrol Disaggregation'!AB$2,'College Enrollment Projections'!$AJ$1:$AP$1,0)),50) -> 2300 | AC10: =MROUND(AC$3*INDEX('College Enrollment Projections'!$AJ$2:$AP$72,MATCH('Campus Enrol Disaggregation'!$O10,'College Enrollment Projections'!$AI$2:$AI$72,0),MATCH('Campus Enrol Disaggregation'!AC$2,'College Enrollment Projections'!$AJ$1:$AP$1,0)),50) -> 0 | AD10: =SUM(P10:AC10) -> 103600
O11: 1996 | P11: =MROUND(P$3*INDEX('College Enrollment Projections'!$AJ$2:$AP$72,MATCH('Campus Enrol Disaggregation'!$O11,'College Enrollment Projections'!$AI$2:$AI$72,0),MATCH('Campus Enrol Disaggregation'!P$2,'College Enrollment Projections'!$AJ$1:$AP$1,0)),50) -> 30550 | Q11: =MROUND(Q$3*INDEX('College Enrollment Projections'!$AJ$2:$AP$72,MATCH('Campus Enrol Disaggregation'!$O11,'College Enrollment Projections'!$AI$2:$AI$72,0),MATCH('Campus Enrol Disaggregation'!Q$2,'College Enrollment Projections'!$AJ$1:$AP$1,0)),50) -> 0 | R11: =MROUND(R$3*INDEX('College Enrollment Projections'!$AJ$2:$AP$72,MATCH('Campus Enrol Disaggregation'!$O11,'College Enrollment Projections'!$AI$2:$AI$72,0),MATCH('Campus Enrol Disaggregation'!R$2,'College Enrollment Projections'!$AJ$1:$AP$1,0)),50) -> 15300 | S11: =MROUND(S$3*INDEX('College Enrollment Projections'!$AJ$2:$AP$72,MATCH('Campus Enrol Disaggregation'!$O11,'College Enrollment Projections'!$AI$2:$AI$72,0),MATCH('Campus Enrol Disaggregation'!S$2,'College Enrollment Projections'!$AJ$1:$AP$1,0)),50) -> 3000 | T11: =MROUND(T$3*INDEX('College Enrollment Projections'!$AJ$2:$AP$72,MATCH('Campus Enrol Disaggregation'!$O11,'College Enrollment Projections'!$AI$2:$AI$72,0),MATCH('Campus Enrol Disaggregation'!T$2,'College Enrollment Projections'!$AJ$1:$AP$1,0)),50) -> 350 | U11: =MROUND(U$3*INDEX('College Enrollment Projections'!$AJ$2:$AP$72,MATCH('Campus Enrol Disaggregation'!$O11,'College Enrollment Projections'!$AI$2:$AI$72,0),MATCH('Campus Enrol Disaggregation'!U$2,'College Enrollment Projections'!$AJ$1:$AP$1,0)),50) -> 2300 | V11: =MROUND(V$3*INDEX('College Enrollment Projections'!$AJ$2:$AP$72,MATCH('Campus Enrol Disaggregation'!$O11,'College Enrollment Projections'!$AI$2:$AI$72,0),MATCH('Campus Enrol Disaggregation'!V$2,'College Enrollment Projections'!$AJ$1:$AP$1,0)),50) -> 25250 | W11: =MROUND(INDEX('MAG College Enrollment Forecast'!$B$4:$H$74,MATCH($O11,'MAG College Enrollment Forecast'!$A$4:$A$74,0),MATCH(W$4,'MAG College Enrollment Forecast'!$B$1:$H$1,0)),50) -> 14750 | X11: =MROUND(INDEX('MAG College Enrollment Forecast'!$B$4:$H$74,MATCH($O11,'MAG College Enrollment Forecast'!$A$4:$A$74,0),MATCH(X$4,'MAG College Enrollment Forecast'!$B$1:$H$1,0)),50) -> 0 | Y11: =MROUND(INDEX('MAG College Enrollment Forecast'!$B$4:$H$74,MATCH($O11,'MAG College Enrollment Forecast'!$A$4:$A$74,0),MATCH(Y$4,'MAG College Enrollment Forecast'!$B$1:$H$1,0)),50) -> 0 | Z11: =MROUND(INDEX('MAG College Enrollment Forecast'!$B$4:$H$74,MATCH($O11,'MAG College Enrollment Forecast'!$A$4:$A$74,0),MATCH(Z$4,'MAG College Enrollment Forecast'!$B$1:$H$1,0)),50) -> 0 | AA11: =MROUND(AA$3*INDEX('College Enrollment Projections'!$AJ$2:$AP$72,MATCH('Campus Enrol Disaggregation'!$O11,'College Enrollment Projections'!$AI$2:$AI$72,0),MATCH('Campus Enrol Disaggregation'!AA$2,'College Enrollment Projections'!$AJ$1:$AP$1,0)),50) -> 11300 | AB11: =MROUND(AB$3*INDEX('College Enrollment Projections'!$AJ$2:$AP$72,MATCH('Campus Enrol Disaggregation'!$O11,'College Enrollment Projections'!$AI$2:$AI$72,0),MATCH('Campus Enrol Disaggregation'!AB$2,'College Enrollment Projections'!$AJ$1:$AP$1,0)),50) -> 2250 | AC11: =MROUND(AC$3*INDEX('College Enrollment Projections'!$AJ$2:$AP$72,MATCH('Campus Enrol Disaggregation'!$O11,'College Enrollment Projections'!$AI$2:$AI$72,0),MATCH('Campus Enrol Disaggregation'!AC$2,'College Enrollment Projections'!$AJ$1:$AP$1,0)),50) -> 0 | AD11: =SUM(P11:AC11) -> 105050
O12: 1997 | P12: =MROUND(P$3*INDEX('College Enrollment Projections'!$AJ$2:$AP$72,MATCH('Campus Enrol Disaggregation'!$O12,'College Enrollment Projections'!$AI$2:$AI$72,0),MATCH('Campus Enrol Disaggregation'!P$2,'College Enrollment Projections'!$AJ$1:$AP$1,0)),50) -> 31250 | Q12: =MROUND(Q$3*INDEX('College Enrollment Projections'!$AJ$2:$AP$72,MATCH('Campus Enrol Disaggregation'!$O12,'College Enrollment Projections'!$AI$2:$AI$72,0),MATCH('Campus Enrol Disaggregation'!Q$2,'College Enrollment Projections'!$AJ$1:$AP$1,0)),50) -> 0 | R12: =MROUND(R$3*INDEX('College Enrollment Projections'!$AJ$2:$AP$72,MATCH('Campus Enrol Disaggregation'!$O12,'College Enrollment Projections'!$AI$2:$AI$72,0),MATCH('Campus Enrol Disaggregation'!R$2,'College Enrollment Projections'!$AJ$1:$AP$1,0)),50) -> 16650 | S12: =MROUND(S$3*INDEX('College Enrollment Projections'!$AJ$2:$AP$72,MATCH('Campus Enrol Disaggregation'!$O12,'College Enrollment Projections'!$AI$2:$AI$72,0),MATCH('Campus Enrol Disaggregation'!S$2,'College Enrollment Projections'!$AJ$1:$AP$1,0)),50) -> 3250 | T12: =MROUND(T$3*INDEX('College Enrollment Projections'!$AJ$2:$AP$72,MATCH('Campus Enrol Disaggregation'!$O12,'College Enrollment Projections'!$AI$2:$AI$72,0),MATCH('Campus Enrol Disaggregation'!T$2,'College Enrollment Projections'!$AJ$1:$AP$1,0)),50) -> 400 | U12: =MROUND(U$3*INDEX('College Enrollment Projections'!$AJ$2:$AP$72,MATCH('Campus Enrol Disaggregation'!$O12,'College Enrollment Projections'!$AI$2:$AI$72,0),MATCH('Campus Enrol Disaggregation'!U$2,'College Enrollment Projections'!$AJ$1:$AP$1,0)),50) -> 2450 | V12: =MROUND(V$3*INDEX('College Enrollment Projections'!$AJ$2:$AP$72,MATCH('Campus Enrol Disaggregation'!$O12,'College Enrollment Projections'!$AI$2:$AI$72,0),MATCH('Campus Enrol Disaggregation'!V$2,'College Enrollment Projections'!$AJ$1:$AP$1,0)),50) -> 25050 | W12: =MROUND(INDEX('MAG College Enrollment Forecast'!$B$4:$H$74,MATCH($O12,'MAG College Enrollment Forecast'!$A$4:$A$74,0),MATCH(W$4,'MAG College Enrollment Forecast'!$B$1:$H$1,0)),50) -> 16000 | X12: =MROUND(INDEX('MAG College Enrollment Forecast'!$B$4:$H$74,MATCH($O12,'MAG College Enrollment Forecast'!$A$4:$A$74,0),MATCH(X$4,'MAG College Enrollment Forecast'!$B$1:$H$1,0)),50) -> 0 | Y12: =MROUND(INDEX('MAG College Enrollment Forecast'!$B$4:$H$74,MATCH($O12,'MAG College Enrollment Forecast'!$A$4:$A$74,0),MATCH(Y$4,'MAG College Enrollment Forecast'!$B$1:$H$1,0)),50) -> 0 | Z12: =MROUND(INDEX('MAG College Enrollment Forecast'!$B$4:$H$74,MATCH($O12,'MAG College Enrollment Forecast'!$A$4:$A$74,0),MATCH(Z$4,'MAG College Enrollment Forecast'!$B$1:$H$1,0)),50) -> 0 | AA12: =MROUND(AA$3*INDEX('College Enrollment Projections'!$AJ$2:$AP$72,MATCH('Campus Enrol Disaggregation'!$O12,'College Enrollment Projections'!$AI$2:$AI$72,0),MATCH('Campus Enrol Disaggregation'!AA$2,'College Enrollment Projections'!$AJ$1:$AP$1,0)),50) -> 11850 | AB12: =MROUND(AB$3*INDEX('College Enrollment Projections'!$AJ$2:$AP$72,MATCH('Campus Enrol Disaggregation'!$O12,'College Enrollment Projections'!$AI$2:$AI$72,0),MATCH('Campus Enrol Disaggregation'!AB$2,'College Enrollment Projections'!$AJ$1:$AP$1,0)),50) -> 2400 | AC12: =MROUND(AC$3*INDEX('College Enrollment Projections'!$AJ$2:$AP$72,MATCH('Campus Enrol Disaggregation'!$O12,'College Enrollment Projections'!$AI$2:$AI$72,0),MATCH('Campus Enrol Disaggregation'!AC$2,'College Enrollment Projections'!$AJ$1:$AP$1,0)),50) -> 0 | AD12: =SUM(P12:AC12) -> 109300
O13: 1998 | P13: =MROUND(P$3*INDEX('College Enrollment Projections'!$AJ$2:$AP$72,MATCH('Campus Enrol Disaggregation'!$O13,'College Enrollment Projections'!$AI$2:$AI$72,0),MATCH('Campus Enrol Disaggregation'!P$2,'College Enrollment Projections'!$AJ$1:$AP$1,0)),50) -> 32200 | Q13: =MROUND(Q$3*INDEX('College Enrollment Projections'!$AJ$2:$AP$72,MATCH('Campus Enrol Disaggregation'!$O13,'College Enrollment Projections'!$AI$2:$AI$72,0),MATCH('Campus Enrol Disaggregation'!Q$2,'College Enrollment Projections'!$AJ$1:$AP$1,0)),50) -> 0 | R13: =MROUND(R$3*INDEX('College Enrollment Projections'!$AJ$2:$AP$72,MATCH('Campus Enrol Disaggregation'!$O13,'College Enrollment Projections'!$AI$2:$AI$72,0),MATCH('Campus Enrol Disaggregation'!R$2,'College Enrollment Projections'!$AJ$1:$AP$1,0)),50) -> 13500 | S13: =MROUND(S$3*INDEX('College Enrollment Projections'!$AJ$2:$AP$72,MATCH('Campus Enrol Disaggregation'!$O13,'College Enrollment Projections'!$AI$2:$AI$72,0),MATCH('Campus Enrol Disaggregation'!S$2,'College Enrollment Projections'!$AJ$1:$AP$1,0)),50) -> 2650 | T13: =MROUND(T$3*INDEX('College Enrollment Projections'!$AJ$2:$AP$72,MATCH('Campus Enrol Disaggregation'!$O13,'College Enrollment Projections'!$AI$2:$AI$72,0),MATCH('Campus Enrol Disaggregation'!T$2,'College Enrollment Projections'!$AJ$1:$AP$1,0)),50) -> 300 | U13: =MROUND(U$3*INDEX('College Enrollment Projections'!$AJ$2:$AP$72,MATCH('Campus Enrol Disaggregation'!$O13,'College Enrollment Projections'!$AI$2:$AI$72,0),MATCH('Campus Enrol Disaggregation'!U$2,'College Enrollment Projections'!$AJ$1:$AP$1,0)),50) -> 2000 | V13: =MROUND(V$3*INDEX('College Enrollment Projections'!$AJ$2:$AP$72,MATCH('Campus Enrol Disaggregation'!$O13,'College Enrollment Projections'!$AI$2:$AI$72,0),MATCH('Campus Enrol Disaggregation'!V$2,'College Enrollment Projections'!$AJ$1:$AP$1,0)),50) -> 24200 | W13: =MROUND(INDEX('MAG College Enrollment Forecast'!$B$4:$H$74,MATCH($O13,'MAG College Enrollment Forecast'!$A$4:$A$74,0),MATCH(W$4,'MAG College Enrollment Forecast'!$B$1:$H$1,0)),50) -> 18150 | X13: =MROUND(INDEX('MAG College Enrollment Forecast'!$B$4:$H$74,MATCH($O13,'MAG College Enrollment Forecast'!$A$4:$A$74,0),MATCH(X$4,'MAG College Enrollment Forecast'!$B$1:$H$1,0)),50) -> 0 | Y13: =MROUND(INDEX('MAG College Enrollment Forecast'!$B$4:$H$74,MATCH($O13,'MAG College Enrollment Forecast'!$A$4:$A$74,0),MATCH(Y$4,'MAG College Enrollment Forecast'!$B$1:$H$1,0)),50) -> 0 | Z13: =MROUND(INDEX('MAG College Enrollment Forecast'!$B$4:$H$74,MATCH($O13,'MAG College Enrollment Forecast'!$A$4:$A$74,0),MATCH(Z$4,'MAG College Enrollment Forecast'!$B$1:$H$1,0)),50) -> 0 | AA13: =MROUND(AA$3*INDEX('College Enrollment Projections'!$AJ$2:$AP$72,MATCH('Campus Enrol Disaggregation'!$O13,'College Enrollment Projections'!$AI$2:$AI$72,0),MATCH('Campus Enrol Disaggregation'!AA$2,'College Enrollment Projections'!$AJ$1:$AP$1,0)),50) -> 11300 | AB13: =MROUND(AB$3*INDEX('College Enrollment Projections'!$AJ$2:$AP$72,MATCH('Campus Enrol Disaggregation'!$O13,'College Enrollment Projections'!$AI$2:$AI$72,0),MATCH('Campus Enrol Disaggregation'!AB$2,'College Enrollment Projections'!$AJ$1:$AP$1,0)),50) -> 2250 | AC13: =MROUND(AC$3*INDEX('College Enrollment Projections'!$AJ$2:$AP$72,MATCH('Campus Enrol Disaggregation'!$O13,'College Enrollment Projections'!$AI$2:$AI$72,0),MATCH('Campus Enrol Disaggregation'!AC$2,'College Enrollment Projections'!$AJ$1:$AP$1,0)),50) -> 0 | AD13: =SUM(P13:AC13) -> 106550
O14: 1999 | P14: =MROUND(P$3*INDEX('College Enrollment Projections'!$AJ$2:$AP$72,MATCH('Campus Enrol Disaggregation'!$O14,'College Enrollment Projections'!$AI$2:$AI$72,0),MATCH('Campus Enrol Disaggregation'!P$2,'College Enrollment Projections'!$AJ$1:$AP$1,0)),50) -> 32750 | Q14: =MROUND(Q$3*INDEX('College Enrollment Projections'!$AJ$2:$AP$72,MATCH('Campus Enrol Disaggregation'!$O14,'College Enrollment Projections'!$AI$2:$AI$72,0),MATCH('Campus Enrol Disaggregation'!Q$2,'College Enrollment Projections'!$AJ$1:$AP$1,0)),50) -> 0 | R14: =MROUND(R$3*INDEX('College Enrollment Projections'!$AJ$2:$AP$72,MATCH('Campus Enrol Disaggregation'!$O14,'College Enrollment Projections'!$AI$2:$AI$72,0),MATCH('Campus Enrol Disaggregation'!R$2,'College Enrollment Projections'!$AJ$1:$AP$1,0)),50) -> 14550 | S14: =MROUND(S$3*INDEX('College Enrollment Projections'!$AJ$2:$AP$72,MATCH('Campus Enrol Disaggregation'!$O14,'College Enrollment Projections'!$AI$2:$AI$72,0),MATCH('Campus Enrol Disaggregation'!S$2,'College Enrollment Projections'!$AJ$1:$AP$1,0)),50) -> 2850 | T14: =MROUND(T$3*INDEX('College Enrollment Projections'!$AJ$2:$AP$72,MATCH('Campus Enrol Disaggregation'!$O14,'College Enrollment Projections'!$AI$2:$AI$72,0),MATCH('Campus Enrol Disaggregation'!T$2,'College Enrollment Projections'!$AJ$1:$AP$1,0)),50) -> 350 | U14: =MROUND(U$3*INDEX('College Enrollment Projections'!$AJ$2:$AP$72,MATCH('Campus Enrol Disaggregation'!$O14,'College Enrollment Projections'!$AI$2:$AI$72,0),MATCH('Campus Enrol Disaggregation'!U$2,'College Enrollment Projections'!$AJ$1:$AP$1,0)),50) -> 2150 | V14: =MROUND(V$3*INDEX('College Enrollment Projections'!$AJ$2:$AP$72,MATCH('Campus Enrol Disaggregation'!$O14,'College Enrollment Projections'!$AI$2:$AI$72,0),MATCH('Campus Enrol Disaggregation'!V$2,'College Enrollment Projections'!$AJ$1:$AP$1,0)),50) -> 24950 | W14: =MROUND(INDEX('MAG College Enrollment Forecast'!$B$4:$H$74,MATCH($O14,'MAG College Enrollment Forecast'!$A$4:$A$74,0),MATCH(W$4,'MAG College Enrollment Forecast'!$B$1:$H$1,0)),50) -> 20050 | X14: =MROUND(INDEX('MAG College Enrollment Forecast'!$B$4:$H$74,MATCH($O14,'MAG College Enrollment Forecast'!$A$4:$A$74,0),MATCH(X$4,'MAG College Enrollment Forecast'!$B$1:$H$1,0)),50) -> 0 | Y14: =MROUND(INDEX('MAG College Enrollment Forecast'!$B$4:$H$74,MATCH($O14,'MAG College Enrollment Forecast'!$A$4:$A$74,0),MATCH(Y$4,'MAG College Enrollment Forecast'!$B$1:$H$1,0)),50) -> 0 | Z14: =MROUND(INDEX('MAG College Enrollment Forecast'!$B$4:$H$74,MATCH($O14,'MAG College Enrollment Forecast'!$A$4:$A$74,0),MATCH(Z$4,'MAG College Enrollment Forecast'!$B$1:$H$1,0)),50) -> 0 | AA14: =MROUND(AA$3*INDEX('College Enrollment Projections'!$AJ$2:$AP$72,MATCH('Campus Enrol Disaggregation'!$O14,'College Enrollment Projections'!$AI$2:$AI$72,0),MATCH('Campus Enrol Disaggregation'!AA$2,'College Enrollment Projections'!$AJ$1:$AP$1,0)),50) -> 12150 | AB14: =MROUND(AB$3*INDEX('College Enrollment Projections'!$AJ$2:$AP$72,MATCH('Campus Enrol Disaggregation'!$O14,'College Enrollment Projections'!$AI$2:$AI$72,0),MATCH('Campus Enrol Disaggregation'!AB$2,'College Enrollment Projections'!$AJ$1:$AP$1,0)),50) -> 2450 | AC14: =MROUND(AC$3*INDEX('College Enrollment Projections'!$AJ$2:$AP$72,MATCH('Campus Enrol Disaggregation'!$O14,'College Enrollment Projections'!$AI$2:$AI$72,0),MATCH('Campus Enrol Disaggregation'!AC$2,'College Enrollment Projections'!$AJ$1:$AP$1,0)),50) -> 0 | AD14: =SUM(P14:AC14) -> 112250
O15: 2000 | P15: =MROUND(P$3*INDEX('College Enrollment Projections'!$AJ$2:$AP$72,MATCH('Campus Enrol Disaggregation'!$O15,'College Enrollment Projections'!$AI$2:$AI$72,0),MATCH('Campus Enrol Disaggregation'!P$2,'College Enrollment Projections'!$AJ$1:$AP$1,0)),50) -> 32550 | Q15: =MROUND(Q$3*INDEX('College Enrollment Projections'!$AJ$2:$AP$72,MATCH('Campus Enrol Disaggregation'!$O15,'College Enrollment Projections'!$AI$2:$AI$72,0),MATCH('Campus Enrol Disaggregation'!Q$2,'College Enrollment Projections'!$AJ$1:$AP$1,0)),50) -> 800 | R15: =MROUND(R$3*INDEX('College Enrollment Projections'!$AJ$2:$AP$72,MATCH('Campus Enrol Disaggregation'!$O15,'College Enrollment Projections'!$AI$2:$AI$72,0),MATCH('Campus Enrol Disaggregation'!R$2,'College Enrollment Projections'!$AJ$1:$AP$1,0)),50) -> 14750 | S15: =MROUND(S$3*INDEX('College Enrollment Projections'!$AJ$2:$AP$72,MATCH('Campus Enrol Disaggregation'!$O15,'College Enrollment Projections'!$AI$2:$AI$72,0),MATCH('Campus Enrol Disaggregation'!S$2,'College Enrollment Projections'!$AJ$1:$AP$1,0)),50) -> 2900 | T15: =MROUND(T$3*INDEX('College Enrollment Projections'!$AJ$2:$AP$72,MATCH('Campus Enrol Disaggregation'!$O15,'College Enrollment Projections'!$AI$2:$AI$72,0),MATCH('Campus Enrol Disaggregation'!T$2,'College Enrollment Projections'!$AJ$1:$AP$1,0)),50) -> 350 | U15: =MROUND(U$3*INDEX('College Enrollment Projections'!$AJ$2:$AP$72,MATCH('Campus Enrol Disaggregation'!$O15,'College Enrollment Projections'!$AI$2:$AI$72,0),MATCH('Campus Enrol Disaggregation'!U$2,'College Enrollment Projections'!$AJ$1:$AP$1,0)),50) -> 2200 | V15: =MROUND(V$3*INDEX('College Enrollment Projections'!$AJ$2:$AP$72,MATCH('Campus Enrol Disaggregation'!$O15,'College Enrollment Projections'!$AI$2:$AI$72,0),MATCH('Campus Enrol Disaggregation'!V$2,'College Enrollment Projections'!$AJ$1:$AP$1,0)),50) -> 24150 | W15: =MROUND(INDEX('MAG College Enrollment Forecast'!$B$4:$H$74,MATCH($O15,'MAG College Enrollment Forecast'!$A$4:$A$74,0),MATCH(W$4,'MAG College Enrollment Forecast'!$B$1:$H$1,0)),50) -> 20950 | X15: =MROUND(INDEX('MAG College Enrollment Forecast'!$B$4:$H$74,MATCH($O15,'MAG College Enrollment Forecast'!$A$4:$A$74,0),MATCH(X$4,'MAG College Enrollment Forecast'!$B$1:$H$1,0)),50) -> 0 | Y15: =MROUND(INDEX('MAG College Enrollment Forecast'!$B$4:$H$74,MATCH($O15,'MAG College Enrollment Forecast'!$A$4:$A$74,0),MATCH(Y$4,'MAG College Enrollment Forecast'!$B$1:$H$1,0)),50) -> 0 | Z15: =MROUND(INDEX('MAG College Enrollment Forecast'!$B$4:$H$74,MATCH($O15,'MAG College Enrollment Forecast'!$A$4:$A$74,0),MATCH(Z$4,'MAG College Enrollment Forecast'!$B$1:$H$1,0)),50) -> 0 | AA15: =MROUND(AA$3*INDEX('College Enrollment Projections'!$AJ$2:$AP$72,MATCH('Campus Enrol Disaggregation'!$O15,'College Enrollment Projections'!$AI$2:$AI$72,0),MATCH('Campus Enrol Disaggregation'!AA$2,'College Enrollment Projections'!$AJ$1:$AP$1,0)),50) -> 13000 | AB15: =MROUND(AB$3*INDEX('College Enrollment Projections'!$AJ$2:$AP$72,MATCH('Campus Enrol Disaggregation'!$O15,'College Enrollment Projections'!$AI$2:$AI$72,0),MATCH('Campus Enrol Disaggregation'!AB$2,'College Enrollment Projections'!$AJ$1:$AP$1,0)),50) -> 2600 | AC15: =MROUND(AC$3*INDEX('College Enrollment Projections'!$AJ$2:$AP$72,MATCH('Campus Enrol Disaggregation'!$O15,'College Enrollment Projections'!$AI$2:$AI$72,0),MATCH('Campus Enrol Disaggregation'!AC$2,'College Enrollment Projections'!$AJ$1:$AP$1,0)),50) -> 2400 | AD15: =SUM(P15:AC15) -> 116650
O16: 2001 | P16: =MROUND(P$3*INDEX('College Enrollment Projections'!$AJ$2:$AP$72,MATCH('Campus Enrol Disaggregation'!$O16,'College Enrollment Projections'!$AI$2:$AI$72,0),MATCH('Campus Enrol Disaggregation'!P$2,'College Enrollment Projections'!$AJ$1:$AP$1,0)),50) -> 32750 | Q16: =MROUND(Q$3*INDEX('College Enrollment Projections'!$AJ$2:$AP$72,MATCH('Campus Enrol Disaggregation'!$O16,'College Enrollment Projections'!$AI$2:$AI$72,0),MATCH('Campus Enrol Disaggregation'!Q$2,'College Enrollment Projections'!$AJ$1:$AP$1,0)),50) -> 1050 | R16: =MROUND(R$3*INDEX('College Enrollment Projections'!$AJ$2:$AP$72,MATCH('Campus Enrol Disaggregation'!$O16,'College Enrollment Projections'!$AI$2:$AI$72,0),MATCH('Campus Enrol Disaggregation'!R$2,'College Enrollment Projections'!$AJ$1:$AP$1,0)),50) -> 16200 | S16: =MROUND(S$3*INDEX('College Enrollment Projections'!$AJ$2:$AP$72,MATCH('Campus Enrol Disaggregation'!$O16,'College Enrollment Projections'!$AI$2:$AI$72,0),MATCH('Campus Enrol Disaggregation'!S$2,'College Enrollment Projections'!$AJ$1:$AP$1,0)),50) -> 3150 | T16: =MROUND(T$3*INDEX('College Enrollment Projections'!$AJ$2:$AP$72,MATCH('Campus Enrol Disaggregation'!$O16,'College Enrollment Projections'!$AI$2:$AI$72,0),MATCH('Campus Enrol Disaggregation'!T$2,'College Enrollment Projections'!$AJ$1:$AP$1,0)),50) -> 400 | U16: =MROUND(U$3*INDEX('College Enrollment Projections'!$AJ$2:$AP$72,MATCH('Campus Enrol Disaggregation'!$O16,'College Enrollment Projections'!$AI$2:$AI$72,0),MATCH('Campus Enrol Disaggregation'!U$2,'College Enrollment Projections'!$AJ$1:$AP$1,0)),50) -> 2400 | V16: =MROUND(V$3*INDEX('College Enrollment Projections'!$AJ$2:$AP$72,MATCH('Campus Enrol Disaggregation'!$O16,'College Enrollment Projections'!$AI$2:$AI$72,0),MATCH('Campus Enrol Disaggregation'!V$2,'College Enrollment Projections'!$AJ$1:$AP$1,0)),50) -> 26800 | W16: =MROUND(INDEX('MAG College Enrollment Forecast'!$B$4:$H$74,MATCH($O16,'MAG College Enrollment Forecast'!$A$4:$A$74,0),MATCH(W$4,'MAG College Enrollment Forecast'!$B$1:$H$1,0)),50) -> 22600 | X16: =MROUND(INDEX('MAG College Enrollment Forecast'!$B$4:$H$74,MATCH($O16,'MAG College Enrollment Forecast'!$A$4:$A$74,0),MATCH(X$4,'MAG College Enrollment Forecast'!$B$1:$H$1,0)),50) -> 0 | Y16: =MROUND(INDEX('MAG College Enrollment Forecast'!$B$4:$H$74,MATCH($O16,'MAG College Enrollment Forecast'!$A$4:$A$74,0),MATCH(Y$4,'MAG College Enrollment Forecast'!$B$1:$H$1,0)),50) -> 0 | Z16: =MROUND(INDEX('MAG College Enrollment Forecast'!$B$4:$H$74,MATCH($O16,'MAG College Enrollment Forecast'!$A$4:$A$74,0),MATCH(Z$4,'MAG College Enrollment Forecast'!$B$1:$H$1,0)),50) -> 0 | AA16: =MROUND(AA$3*INDEX('College Enrollment Projections'!$AJ$2:$AP$72,MATCH('Campus Enrol Disaggregation'!$O16,'College Enrollment Projections'!$AI$2:$AI$72,0),MATCH('Campus Enrol Disaggregation'!AA$2,'College Enrollment Projections'!$AJ$1:$AP$1,0)),50) -> 13700 | AB16: =MROUND(AB$3*INDEX('College Enrollment Projections'!$AJ$2:$AP$72,MATCH('Campus Enrol Disaggregation'!$O16,'College Enrollment Projections'!$AI$2:$AI$72,0),MATCH('Campus Enrol Disaggregation'!AB$2,'College Enrollment Projections'!$AJ$1:$AP$1,0)),50) -> 2750 | AC16: =MROUND(AC$3*INDEX('College Enrollment Projections'!$AJ$2:$AP$72,MATCH('Campus Enrol Disaggregation'!$O16,'College Enrollment Projections'!$AI$2:$AI$72,0),MATCH('Campus Enrol Disaggregation'!AC$2,'College Enrollment Projections'!$AJ$1:$AP$1,0)),50) -> 2450 | AD16: =SUM(P16:AC16) -> 124250
... O75: 2060 | P75: =MROUND(P$3*INDEX('College Enrollment Projections'!$AJ$2:$AP$72,MATCH('Campus Enrol Disaggregation'!$O75,'College Enrollment Projections'!$AI$2:$AI$72,0),MATCH('Campus Enrol Disaggregation'!P$2,'College Enrollment Projections'!$AJ$1:$AP$1,0)),50) -> 39300 | Q75: =MROUND(Q$3*INDEX('College Enrollment Projections'!$AJ$2:$AP$72,MATCH('Campus Enrol Disaggregation'!$O75,'College Enrollment Projections'!$AI$2:$AI$72,0),MATCH('Campus Enrol Disaggregation'!Q$2,'College Enrollment Projections'!$AJ$1:$AP$1,0)),50) -> 3200 | R75: =MROUND(R$3*INDEX('College Enrollment Projections'!$AJ$2:$AP$72,MATCH('Campus Enrol Disaggregation'!$O75,'College Enrollment Projections'!$AI$2:$AI$72,0),MATCH('Campus Enrol Disaggregation'!R$2,'College Enrollment Projections'!$AJ$1:$AP$1,0)),50) -> 29400 | S75: =MROUND(S$3*INDEX('College Enrollment Projections'!$AJ$2:$AP$72,MATCH('Campus Enrol Disaggregation'!$O75,'College Enrollment Projections'!$AI$2:$AI$72,0),MATCH('Campus Enrol Disaggregation'!S$2,'College Enrollment Projections'!$AJ$1:$AP$1,0)),50) -> 5750 | T75: =MROUND(T$3*INDEX('College Enrollment Projections'!$AJ$2:$AP$72,MATCH('Campus Enrol Disaggregation'!$O75,'College Enrollment Projections'!$AI$2:$AI$72,0),MATCH('Campus Enrol Disaggregation'!T$2,'College Enrollment Projections'!$AJ$1:$AP$1,0)),50) -> 700 | U75: =MROUND(U$3*INDEX('College Enrollment Projections'!$AJ$2:$AP$72,MATCH('Campus Enrol Disaggregation'!$O75,'College Enrollment Projections'!$AI$2:$AI$72,0),MATCH('Campus Enrol Disaggregation'!U$2,'College Enrollment Projections'!$AJ$1:$AP$1,0)),50) -> 4400 | V75: =MROUND(V$3*INDEX('College Enrollment Projections'!$AJ$2:$AP$72,MATCH('Campus Enrol Disaggregation'!$O75,'College Enrollment Projections'!$AI$2:$AI$72,0),MATCH('Campus Enrol Disaggregation'!V$2,'College Enrollment Projections'!$AJ$1:$AP$1,0)),50) -> 45500 | W75: =MROUND(INDEX('MAG College Enrollment Forecast'!$B$4:$H$74,MATCH($O75,'MAG College Enrollment Forecast'!$A$4:$A$74,0),MATCH(W$4,'MAG College Enrollment Forecast'!$B$1:$H$1,0)),50) -> 68000 | X75: =MROUND(INDEX('MAG College Enrollment Forecast'!$B$4:$H$74,MATCH($O75,'MAG College Enrollment Forecast'!$A$4:$A$74,0),MATCH(X$4,'MAG College Enrollment Forecast'!$B$1:$H$1,0)),50) -> 2600 | Y75: =MROUND(INDEX('MAG College Enrollment Forecast'!$B$4:$H$74,MATCH($O75,'MAG College Enrollment Forecast'!$A$4:$A$74,0),MATCH(Y$4,'MAG College Enrollment Forecast'!$B$1:$H$1,0)),50) -> 3000 | Z75: =MROUND(INDEX('MAG College Enrollment Forecast'!$B$4:$H$74,MATCH($O75,'MAG College Enrollment Forecast'!$A$4:$A$74,0),MATCH(Z$4,'MAG College Enrollment Forecast'!$B$1:$H$1,0)),50) -> 4300 | AA75: =MROUND(AA$3*INDEX('College Enrollment Projections'!$AJ$2:$AP$72,MATCH('Campus Enrol Disaggregation'!$O75,'College Enrollment Projections'!$AI$2:$AI$72,0),MATCH('Campus Enrol Disaggregation'!AA$2,'College Enrollment Projections'!$AJ$1:$AP$1,0)),50) -> 38950 | AB75: =MROUND(AB$3*INDEX('College Enrollment Projections'!$AJ$2:$AP$72,MATCH('Campus Enrol Disaggregation'!$O75,'College Enrollment Projections'!$AI$2:$AI$72,0),MATCH('Campus Enrol Disaggregation'!AB$2,'College Enrollment Projections'!$AJ$1:$AP$1,0)),50) -> 7800 | AC75: =MROUND(AC$3*INDEX('College Enrollment Projections'!$AJ$2:$AP$72,MATCH('Campus Enrol Disaggregation'!$O75,'College Enrollment Projections'!$AI$2:$AI$72,0),MATCH('Campus Enrol Disaggregation'!AC$2,'College Enrollment Projections'!$AJ$1:$AP$1,0)),50) -> 3500 | AD75: =SUM(P75:AC75) -> 256400

Sheet College Enrollment Projections
A1: =$AJ$1 -> UOFU | B1: Enrollment | D1: AJ | E1: 47000 | I1: =$AL$1 -> UVU | J1: Enrollment | L1: AL | N1: MAG | Q1: =$AN$1 -> BYU | R1: Enrollment | T1: AN | V1: MAG | Y1: =$AP$1 -> WESTMIN | Z1: Enrollment | AB1: AP | AD1: 3500 | AI1: Year | AJ1: UOFU | AK1: WSU | AL1: UVU | AM1: SLCC | AN1: BYU | AO1: ENSIGN | AP1: WESTMIN
AI2: 1990 | AJ2: {=ROUND( IF(AND(AJ$1="Ensign", $AI2>=2021, $AI2<=2024), _xlfn.XLOOKUP($AI2, Ensign!$A$2:$A$12, Ensign!$B$2:$B$12), _xlfn.XLOOKUP($AI2, 'Historic (IPEDS & 2019 RTP)'!$A:$A, _xlfn.XLOOKUP(AJ$1, 'Historic (IPEDS & 2019 RTP)'!$A$1:$H$1, 'Historic (IPEDS & 2019 RTP)'!$A:$H), IFERROR(_xlfn.XLOOKUP($AI2, 'USHE Historic'!$A$3:$A$13, _xlfn.XLOOKUP(AJ$1, 'USHE Historic'!$A$2:$E$2, 'USHE Historic'!$A$3:$E$13)), _xlfn.IFS( AJ$1="BYU", IFERROR(_xlfn.XLOOKUP($AI2, 'MAG College Enrollment Forecast'!$A:$A, 'MAG College Enrollment Forecast'!$B:$B), (AJ$72-AJ1)/($AI$72-$AI1)*($AI2-$AI1)+AJ1), AJ$1="UVU", IFERROR(_xlfn.XLOOKUP($AI2, 'MAG College Enrollment Forecast'!$A:$A, 'MAG College Enrollment Forecast'!$C:$C+'MAG College Enrollment Forecast'!$D:$D+'MAG College Enrollment Forecast'!$E:$E+'MAG College Enrollment Forecast'!$F:$F+'MAG College Enrollment Forecast'!$G:$G+'MAG College Enrollment Forecast'!$H:$H), (AJ$72-AJ1)/($AI$72-$AI1)*($AI2-$AI1)+AJ1), TRUE, IFERROR(_xlfn.XLOOKUP($AI2, 'USHE Projections'!$A:$A, IFERROR(_xlfn.XLOOKUP(AJ$1, 'USHE Projections'!$A$1:$E$1, 'USHE Projections'!$A:$E), "NONE"), (AJ$72-AJ1)/($AI$72-$AI1)*($AI2-$AI1)+AJ1), (AJ$72-AJ1)/($AI$72-$AI1)*($AI2-$AI1)+AJ1) ) ) ) ), 0)} -> 24311 | AK2: {=ROUND( IF(AND(AK$1="Ensign", $AI2>=2021, $AI2<=2024), _xlfn.XLOOKUP($AI2, Ensign!$A$2:$A$12, Ensign!$B$2:$B$12), _xlfn.XLOOKUP($AI2, 'Historic (IPEDS & 2019 RTP)'!$A:$A, _xlfn.XLOOKUP(AK$1, 'Historic (IPEDS & 2019 RTP)'!$A$1:$H$1, 'Historic (IPEDS & 2019 RTP)'!$A:$H), IFERROR(_xlfn.XLOOKUP($AI2, 'USHE Historic'!$A$3:$A$13, _xlfn.XLOOKUP(AK$1, 'USHE Historic'!$A$2:$E$2, 'USHE Historic'!$A$3:$E$13)), _xlfn.IFS( AK$1="BYU", IFERROR(_xlfn.XLOOKUP($AI2, 'MAG College Enrollment Forecast'!$A:$A, 'MAG College Enrollment Forecast'!$B:$B), (AK$72-AK1)/($AI$72-$AI1)*($AI2-$AI1)+AK1), AK$1="UVU", IFERROR(_xlfn.XLOOKUP($AI2, 'MAG College Enrollment Forecast'!$A:$A, 'MAG College Enrollment Forecast'!$C:$C+'MAG College Enrollment Forecast'!$D:$D+'MAG College Enrollment Forecast'!$E:$E+'MAG College Enrollment Forecast'!$F:$F+'MAG College Enrollment Forecast'!$G:$G+'MAG College Enrollment Forecast'!$H:$H), (AK$72-AK1)/($AI$72-$AI1)*($AI2-$AI1)+AK1), TRUE, IFERROR(_xlfn.XLOOKUP($AI2, 'USHE Projections'!$A:$A, IFERROR(_xlfn.XLOOKUP(AK$1, 'USHE Projections'!$A$1:$E$1, 'USHE Projections'!$A:$E), "NONE"), (AK$72-AK1)/($AI$72-$AI1)*($AI2-$AI1)+AK1), (AK$72-AK1)/($AI$72-$AI1)*($AI2-$AI1)+AK1) ) ) ) ), 0)} -> 13449 | AL2: {=ROUND( IF(AND(AL$1="Ensign", $AI2>=2021, $AI2<=2024), _xlfn.XLOOKUP($AI2, Ensign!$A$2:$A$12, Ensign!$B$2:$B$12), _xlfn.XLOOKUP($AI2, 'Historic (IPEDS & 2019 RTP)'!$A:$A, _xlfn.XLOOKUP(AL$1, 'Historic (IPEDS & 2019 RTP)'!$A$1:$H$1, 'Historic (IPEDS & 2019 RTP)'!$A:$H), IFERROR(_xlfn.XLOOKUP($AI2, 'USHE Historic'!$A$3:$A$13, _xlfn.XLOOKUP(AL$1, 'USHE Historic'!$A$2:$E$2, 'USHE Historic'!$A$3:$E$13)), _xlfn.IFS( AL$1="BYU", IFERROR(_xlfn.XLOOKUP($AI2, 'MAG College Enrollment Forecast'!$A:$A, 'MAG College Enrollment Forecast'!$B:$B), (AL$72-AL1)/($AI$72-$AI1)*($AI2-$AI1)+AL1), AL$1="UVU", IFERROR(_xlfn.XLOOKUP($AI2, 'MAG College Enrollment Forecast'!$A:$A, 'MAG College Enrollment Forecast'!$C:$C+'MAG College Enrollment Forecast'!$D:$D+'MAG College Enrollment Forecast'!$E:$E+'MAG College Enrollment Forecast'!$F:$F+'MAG College Enrollment Forecast'!$G:$G+'MAG College Enrollment Forecast'!$H:$H), (AL$72-AL1)/($AI$72-$AI1)*($AI2-$AI1)+AL1), TRUE, IFERROR(_xlfn.XLOOKUP($AI2, 'USHE Projections'!$A:$A, IFERROR(_xlfn.XLOOKUP(AL$1, 'USHE Projections'!$A$1:$E$1, 'USHE Projections'!$A:$E), "NONE"), (AL$72-AL1)/($AI$72-$AI1)*($AI2-$AI1)+AL1), (AL$72-AL1)/($AI$72-$AI1)*($AI2-$AI1)+AL1) ) ) ) ), 0)} -> 7885 | AM2: {=ROUND( IF(AND(AM$1="Ensign", $AI2>=2021, $AI2<=2024), _xlfn.XLOOKUP($AI2, Ensign!$A$2:$A$12, Ensign!$B$2:$B$12), _xlfn.XLOOKUP($AI2, 'Historic (IPEDS & 2019 RTP)'!$A:$A, _xlfn.XLOOKUP(AM$1, 'Historic (IPEDS & 2019 RTP)'!$A$1:$H$1, 'Historic (IPEDS & 2019 RTP)'!$A:$H), IFERROR(_xlfn.XLOOKUP($AI2, 'USHE Historic'!$A$3:$A$13, _xlfn.XLOOKUP(AM$1, 'USHE Historic'!$A$2:$E$2, 'USHE Historic'!$A$3:$E$13)), _xlfn.IFS( AM$1="BYU", IFERROR(_xlfn.XLOOKUP($AI2, 'MAG College Enrollment Forecast'!$A:$A, 'MAG College Enrollment Forecast'!$B:$B), (AM$72-AM1)/($AI$72-$AI1)*($AI2-$AI1)+AM1), AM$1="UVU", IFERROR(_xlfn.XLOOKUP($AI2, 'MAG College Enrollment Forecast'!$A:$A, 'MAG College Enrollment Forecast'!$C:$C+'MAG College Enrollment Forecast'!$D:$D+'MAG College Enrollment Forecast'!$E:$E+'MAG College Enrollment Forecast'!$F:$F+'MAG College Enrollment Forecast'!$G:$G+'MAG College Enrollment Forecast'!$H:$H), (AM$72-AM1)/($AI$72-$AI1)*($AI2-$AI1)+AM1), TRUE, IFERROR(_xlfn.XLOOKUP($AI2, 'USHE Projections'!$A:$A, IFERROR(_xlfn.XLOOKUP(AM$1, 'USHE Projections'!$A$1:$E$1, 'USHE Projections'!$A:$E), "NONE"), (AM$72-AM1)/($AI$72-$AI1)*($AI2-$AI1)+AM1), (AM$72-AM1)/($AI$72-$AI1)*($AI2-$AI1)+AM1) ) ) ) ), 0)} -> 13344 | AN2: {=ROUND( IF(AND(AN$1="Ensign", $AI2>=2021, $AI2<=2024), _xlfn.XLOOKUP($AI2, Ensign!$A$2:$A$12, Ensign!$B$2:$B$12), _xlfn.XLOOKUP($AI2, 'Historic (IPEDS & 2019 RTP)'!$A:$A, _xlfn.XLOOKUP(AN$1, 'Historic (IPEDS & 2019 RTP)'!$A$1:$H$1, 'Historic (IPEDS & 2019 RTP)'!$A:$H), IFERROR(_xlfn.XLOOKUP($AI2, 'USHE Historic'!$A$3:$A$13, _xlfn.XLOOKUP(AN$1, 'USHE Historic'!$A$2:$E$2, 'USHE Historic'!$A$3:$E$13)), _xlfn.IFS( AN$1="BYU", IFERROR(_xlfn.XLOOKUP($AI2, 'MAG College Enrollment Forecast'!$A:$A, 'MAG College Enrollment Forecast'!$B:$B), (AN$72-AN1)/($AI$72-$AI1)*($AI2-$AI1)+AN1), AN$1="UVU", IFERROR(_xlfn.XLOOKUP($AI2, 'MAG College Enrollment Forecast'!$A:$A, 'MAG College Enrollment Forecast'!$C:$C+'MAG College Enrollment Forecast'!$D:$D+'MAG College Enrollment Forecast'!$E:$E+'MAG College Enrollment Forecast'!$F:$F+'MAG College Enrollment Forecast'!$G:$G+'MAG College Enrollment Forecast'!$H:$H), (AN$72-AN1)/($AI$72-$AI1)*($AI2-$AI1)+AN1), TRUE, IFERROR(_xlfn.XLOOKUP($AI2, 'USHE Projections'!$A:$A, IFERROR(_xlfn.XLOOKUP(AN$1, 'USHE Projections'!$A$1:$E$1, 'USHE Projections'!$A:$E), "NONE"), (AN$72-AN1)/($AI$72-$AI1)*($AI2-$AI1)+AN1), (AN$72-AN1)/($AI$72-$AI1)*($AI2-$AI1)+AN1) ) ) ) ), 0)} -> 30465 | AO2: {=ROUND( IF(AND(AO$1="Ensign", $AI2>=2021, $AI2<=2024), _xlfn.XLOOKUP($AI2, Ensign!$A$2:$A$12, Ensign!$B$2:$B$12), _xlfn.XLOOKUP($AI2, 'Historic (IPEDS & 2019 RTP)'!$A:$A, _xlfn.XLOOKUP(AO$1, 'Historic (IPEDS & 2019 RTP)'!$A$1:$H$1, 'Historic (IPEDS & 2019 RTP)'!$A:$H), IFERROR(_xlfn.XLOOKUP($AI2, 'USHE Historic'!$A$3:$A$13, _xlfn.XLOOKUP(AO$1, 'USHE Historic'!$A$2:$E$2, 'USHE Historic'!$A$3:$E$13)), _xlfn.IFS( AO$1="BYU", IFERROR(_xlfn.XLOOKUP($AI2, 'MAG College Enrollment Forecast'!$A:$A, 'MAG College Enrollment Forecast'!$B:$B), (AO$72-AO1)/($AI$72-$AI1)*($AI2-$AI1)+AO1), AO$1="UVU", IFERROR(_xlfn.XLOOKUP($AI2, 'MAG College Enrollment Forecast'!$A:$A, 'MAG College Enrollment Forecast'!$C:$C+'MAG College Enrollment Forecast'!$D:$D+'MAG College Enrollment Forecast'!$E:$E+'MAG College Enrollment Forecast'!$F:$F+'MAG College Enrollment Forecast'!$G:$G+'MAG College Enrollment Forecast'!$H:$H), (AO$72-AO1)/($AI$72-$AI1)*($AI2-$AI1)+AO1), TRUE, IFERROR(_xlfn.XLOOKUP($AI2, 'USHE Projections'!$A:$A, IFERROR(_xlfn.XLOOKUP(AO$1, 'USHE Projections'!$A$1:$E$1, 'USHE Projections'!$A:$E), "NONE"), (AO$72-AO1)/($AI$72-$AI1)*($AI2-$AI1)+AO1), (AO$72-AO1)/($AI$72-$AI1)*($AI2-$AI1)+AO1) ) ) ) ), 0)} -> 0 | AP2: {=ROUND( IF(AND(AP$1="Ensign", $AI2>=2021, $AI2<=2024), _xlfn.XLOOKUP($AI2, Ensign!$A$2:$A$12, Ensign!$B$2:$B$12), _xlfn.XLOOKUP($AI2, 'Historic (IPEDS & 2019 RTP)'!$A:$A, _xlfn.XLOOKUP(AP$1, 'Historic (IPEDS & 2019 RTP)'!$A$1:$H$1, 'Historic (IPEDS & 2019 RTP)'!$A:$H), IFERROR(_xlfn.XLOOKUP($AI2, 'USHE Historic'!$A$3:$A$13, _xlfn.XLOOKUP(AP$1, 'USHE Historic'!$A$2:$E$2, 'USHE Historic'!$A$3:$E$13)), _xlfn.IFS( AP$1="BYU", IFERROR(_xlfn.XLOOKUP($AI2, 'MAG College Enrollment Forecast'!$A:$A, 'MAG College Enrollment Forecast'!$B:$B), (AP$72-AP1)/($AI$72-$AI1)*($AI2-$AI1)+AP1), AP$1="UVU", IFERROR(_xlfn.XLOOKUP($AI2, 'MAG College Enrollment Forecast'!$A:$A, 'MAG College Enrollment Forecast'!$C:$C+'MAG College Enrollment Forecast'!$D:$D+'MAG College Enrollment Forecast'!$E:$E+'MAG College Enrollment Forecast'!$F:$F+'MAG College Enrollment Forecast'!$G:$G+'MAG College Enrollment Forecast'!$H:$H), (AP$72-AP1)/($AI$72-$AI1)*($AI2-$AI1)+AP1), TRUE, IFERROR(_xlfn.XLOOKUP($AI2, 'USHE Projections'!$A:$A, IFERROR(_xlfn.XLOOKUP(AP$1, 'USHE Projections'!$A$1:$E$1, 'USHE Projections'!$A:$E), "NONE"), (AP$72-AP1)/($AI$72-$AI1)*($AI2-$AI1)+AP1), (AP$72-AP1)/($AI$72-$AI1)*($AI2-$AI1)+AP1) ) ) ) ), 0)} -> 0
AI3: 1991 | AJ3: {=ROUND( IF(AND(AJ$1="Ensign", $AI3>=2021, $AI3<=2024), _xlfn.XLOOKUP($AI3, Ensign!$A$2:$A$12, Ensign!$B$2:$B$12), _xlfn.XLOOKUP($AI3, 'Historic (IPEDS & 2019 RTP)'!$A:$A, _xlfn.XLOOKUP(AJ$1, 'Historic (IPEDS & 2019 RTP)'!$A$1:$H$1, 'Historic (IPEDS & 2019 RTP)'!$A:$H), IFERROR(_xlfn.XLOOKUP($AI3, 'USHE Historic'!$A$3:$A$13, _xlfn.XLOOKUP(AJ$1, 'USHE Historic'!$A$2:$E$2, 'USHE Historic'!$A$3:$E$13)), _xlfn.IFS( AJ$1="BYU", IFERROR(_xlfn.XLOOKUP($AI3, 'MAG College Enrollment Forecast'!$A:$A, 'MAG College Enrollment Forecast'!$B:$B), (AJ$72-AJ2)/($AI$72-$AI2)*($AI3-$AI2)+AJ2), AJ$1="UVU", IFERROR(_xlfn.XLOOKUP($AI3, 'MAG College Enrollment Forecast'!$A:$A, 'MAG College Enrollment Forecast'!$C:$C+'MAG College Enrollment Forecast'!$D:$D+'MAG College Enrollment Forecast'!$E:$E+'MAG College Enrollment Forecast'!$F:$F+'MAG College Enrollment Forecast'!$G:$G+'MAG College Enrollment Forecast'!$H:$H), (AJ$72-AJ2)/($AI$72-$AI2)*($AI3-$AI2)+AJ2), TRUE, IFERROR(_xlfn.XLOOKUP($AI3, 'USHE Projections'!$A:$A, IFERROR(_xlfn.XLOOKUP(AJ$1, 'USHE Projections'!$A$1:$E$1, 'USHE Projections'!$A:$E), "NONE"), (AJ$72-AJ2)/($AI$72-$AI2)*($AI3-$AI2)+AJ2), (AJ$72-AJ2)/($AI$72-$AI2)*($AI3-$AI2)+AJ2) ) ) ) ), 0)} -> 25581 | AK3: {=ROUND( IF(AND(AK$1="Ensign", $AI3>=2021, $AI3<=2024), _xlfn.XLOOKUP($AI3, Ensign!$A$2:$A$12, Ensign!$B$2:$B$12), _xlfn.XLOOKUP($AI3, 'Historic (IPEDS & 2019 RTP)'!$A:$A, _xlfn.XLOOKUP(AK$1, 'Historic (IPEDS & 2019 RTP)'!$A$1:$H$1, 'Historic (IPEDS & 2019 RTP)'!$A:$H), IFERROR(_xlfn.XLOOKUP($AI3, 'USHE Historic'!$A$3:$A$13, _xlfn.XLOOKUP(AK$1, 'USHE Historic'!$A$2:$E$2, 'USHE Historic'!$A$3:$E$13)), _xlfn.IFS( AK$1="BYU", IFERROR(_xlfn.XLOOKUP($AI3, 'MAG College Enrollment Forecast'!$A:$A, 'MAG College Enrollment Forecast'!$B:$B), (AK$72-AK2)/($AI$72-$AI2)*($AI3-$AI2)+AK2), AK$1="UVU", IFERROR(_xlfn.XLOOKUP($AI3, 'MAG College Enrollment Forecast'!$A:$A, 'MAG College Enrollment Forecast'!$C:$C+'MAG College Enrollment Forecast'!$D:$D+'MAG College Enrollment Forecast'!$E:$E+'MAG College Enrollment Forecast'!$F:$F+'MAG College Enrollment Forecast'!$G:$G+'MAG College Enrollment Forecast'!$H:$H), (AK$72-AK2)/($AI$72-$AI2)*($AI3-$AI2)+AK2), TRUE, IFERROR(_xlfn.XLOOKUP($AI3, 'USHE Projections'!$A:$A, IFERROR(_xlfn.XLOOKUP(AK$1, 'USHE Projections'!$A$1:$E$1, 'USHE Projections'!$A:$E), "NONE"), (AK$72-AK2)/($AI$72-$AI2)*($AI3-$AI2)+AK2), (AK$72-AK2)/($AI$72-$AI2)*($AI3-$AI2)+AK2) ) ) ) ), 0)} -> 14495 | AL3: {=ROUND( IF(AND(AL$1="Ensign", $AI3>=2021, $AI3<=2024), _xlfn.XLOOKUP($AI3, Ensign!$A$2:$A$12, Ensign!$B$2:$B$12), _xlfn.XLOOKUP($AI3, 'Historic (IPEDS & 2019 RTP)'!$A:$A, _xlfn.XLOOKUP(AL$1, 'Historic (IPEDS & 2019 RTP)'!$A$1:$H$1, 'Historic (IPEDS & 2019 RTP)'!$A:$H), IFERROR(_xlfn.XLOOKUP($AI3, 'USHE Historic'!$A$3:$A$13, _xlfn.XLOOKUP(AL$1, 'USHE Historic'!$A$2:$E$2, 'USHE Historic'!$A$3:$E$13)), _xlfn.IFS( AL$1="BYU", IFERROR(_xlfn.XLOOKUP($AI3, 'MAG College Enrollment Forecast'!$A:$A, 'MAG College Enrollment Forecast'!$B:$B), (AL$72-AL2)/($AI$72-$AI2)*($AI3-$AI2)+AL2), AL$1="UVU", IFERROR(_xlfn.XLOOKUP($AI3, 'MAG College Enrollment Forecast'!$A:$A, 'MAG College Enrollment Forecast'!$C:$C+'MAG College Enrollment Forecast'!$D:$D+'MAG College Enrollment Forecast'!$E:$E+'MAG College Enrollment Forecast'!$F:$F+'MAG College Enrollment Forecast'!$G:$G+'MAG College Enrollment Forecast'!$H:$H), (AL$72-AL2)/($AI$72-$AI2)*($AI3-$AI2)+AL2), TRUE, IFERROR(_xlfn.XLOOKUP($AI3, 'USHE Projections'!$A:$A, IFERROR(_xlfn.XLOOKUP(AL$1, 'USHE Projections'!$A$1:$E$1, 'USHE Projections'!$A:$E), "NONE"), (AL$72-AL2)/($AI$72-$AI2)*($AI3-$AI2)+AL2), (AL$72-AL2)/($AI$72-$AI2)*($AI3-$AI2)+AL2) ) ) ) ), 0)} -> 8777 | AM3: {=ROUND( IF(AND(AM$1="Ensign", $AI3>=2021, $AI3<=2024), _xlfn.XLOOKUP($AI3, Ensign!$A$2:$A$12, Ensign!$B$2:$B$12), _xlfn.XLOOKUP($AI3, 'Historic (IPEDS & 2019 RTP)'!$A:$A, _xlfn.XLOOKUP(AM$1, 'Historic (IPEDS & 2019 RTP)'!$A$1:$H$1, 'Historic (IPEDS & 2019 RTP)'!$A:$H), IFERROR(_xlfn.XLOOKUP($AI3, 'USHE Historic'!$A$3:$A$13, _xlfn.XLOOKUP(AM$1, 'USHE Historic'!$A$2:$E$2, 'USHE Historic'!$A$3:$E$13)), _xlfn.IFS( AM$1="BYU", IFERROR(_xlfn.XLOOKUP($AI3, 'MAG College Enrollment Forecast'!$A:$A, 'MAG College Enrollment Forecast'!$B:$B), (AM$72-AM2)/($AI$72-$AI2)*($AI3-$AI2)+AM2), AM$1="UVU", IFERROR(_xlfn.XLOOKUP($AI3, 'MAG College Enrollment Forecast'!$A:$A, 'MAG College Enrollment Forecast'!$C:$C+'MAG College Enrollment Forecast'!$D:$D+'MAG College Enrollment Forecast'!$E:$E+'MAG College Enrollment Forecast'!$F:$F+'MAG College Enrollment Forecast'!$G:$G+'MAG College Enrollment Forecast'!$H:$H), (AM$72-AM2)/($AI$72-$AI2)*($AI3-$AI2)+AM2), TRUE, IFERROR(_xlfn.XLOOKUP($AI3, 'USHE Projections'!$A:$A, IFERROR(_xlfn.XLOOKUP(AM$1, 'USHE Projections'!$A$1:$E$1, 'USHE Projections'!$A:$E), "NONE"), (AM$72-AM2)/($AI$72-$AI2)*($AI3-$AI2)+AM2), (AM$72-AM2)/($AI$72-$AI2)*($AI3-$AI2)+AM2) ) ) ) ), 0)} -> 15972 | AN3: {=ROUND( IF(AND(AN$1="Ensign", $AI3>=2021, $AI3<=2024), _xlfn.XLOOKUP($AI3, Ensign!$A$2:$A$12, Ensign!$B$2:$B$12), _xlfn.XLOOKUP($AI3, 'Historic (IPEDS & 2019 RTP)'!$A:$A, _xlfn.XLOOKUP(AN$1, 'Historic (IPEDS & 2019 RTP)'!$A$1:$H$1, 'Historic (IPEDS & 2019 RTP)'!$A:$H), IFERROR(_xlfn.XLOOKUP($AI3, 'USHE Historic'!$A$3:$A$13, _xlfn.XLOOKUP(AN$1, 'USHE Historic'!$A$2:$E$2, 'USHE Historic'!$A$3:$E$13)), _xlfn.IFS( AN$1="BYU", IFERROR(_xlfn.XLOOKUP($AI3, 'MAG College Enrollment Forecast'!$A:$A, 'MAG College Enrollment Forecast'!$B:$B), (AN$72-AN2)/($AI$72-$AI2)*($AI3-$AI2)+AN2), AN$1="UVU", IFERROR(_xlfn.XLOOKUP($AI3, 'MAG College Enrollment Forecast'!$A:$A, 'MAG College Enrollment Forecast'!$C:$C+'MAG College Enrollment Forecast'!$D:$D+'MAG College Enrollment Forecast'!$E:$E+'MAG College Enrollment Forecast'!$F:$F+'MAG College Enrollment Forecast'!$G:$G+'MAG College Enrollment Forecast'!$H:$H), (AN$72-AN2)/($AI$72-$AI2)*($AI3-$AI2)+AN2), TRUE, IFERROR(_xlfn.XLOOKUP($AI3, 'USHE Projections'!$A:$A, IFERROR(_xlfn.XLOOKUP(AN$1, 'USHE Projections'!$A$1:$E$1, 'USHE Projections'!$A:$E), "NONE"), (AN$72-AN2)/($AI$72-$AI2)*($AI3-$AI2)+AN2), (AN$72-AN2)/($AI$72-$AI2)*($AI3-$AI2)+AN2) ) ) ) ), 0)} -> 31101 | AO3: {=ROUND( IF(AND(AO$1="Ensign", $AI3>=2021, $AI3<=2024), _xlfn.XLOOKUP($AI3, Ensign!$A$2:$A$12, Ensign!$B$2:$B$12), _xlfn.XLOOKUP($AI3, 'Historic (IPEDS & 2019 RTP)'!$A:$A, _xlfn.XLOOKUP(AO$1, 'Historic (IPEDS & 2019 RTP)'!$A$1:$H$1, 'Historic (IPEDS & 2019 RTP)'!$A:$H), IFERROR(_xlfn.XLOOKUP($AI3, 'USHE Historic'!$A$3:$A$13, _xlfn.XLOOKUP(AO$1, 'USHE Historic'!$A$2:$E$2, 'USHE Historic'!$A$3:$E$13)), _xlfn.IFS( AO$1="BYU", IFERROR(_xlfn.XLOOKUP($AI3, 'MAG College Enrollment Forecast'!$A:$A, 'MAG College Enrollment Forecast'!$B:$B), (AO$72-AO2)/($AI$72-$AI2)*($AI3-$AI2)+AO2), AO$1="UVU", IFERROR(_xlfn.XLOOKUP($AI3, 'MAG College Enrollment Forecast'!$A:$A, 'MAG College Enrollment Forecast'!$C:$C+'MAG College Enrollment Forecast'!$D:$D+'MAG College Enrollment Forecast'!$E:$E+'MAG College Enrollment Forecast'!$F:$F+'MAG College Enrollment Forecast'!$G:$G+'MAG College Enrollment Forecast'!$H:$H), (AO$72-AO2)/($AI$72-$AI2)*($AI3-$AI2)+AO2), TRUE, IFERROR(_xlfn.XLOOKUP($AI3, 'USHE Projections'!$A:$A, IFERROR(_xlfn.XLOOKUP(AO$1, 'USHE Projections'!$A$1:$E$1, 'USHE Projections'!$A:$E), "NONE"), (AO$72-AO2)/($AI$72-$AI2)*($AI3-$AI2)+AO2), (AO$72-AO2)/($AI$72-$AI2)*($AI3-$AI2)+AO2) ) ) ) ), 0)} -> 0 | AP3: {=ROUND( IF(AND(AP$1="Ensign", $AI3>=2021, $AI3<=2024), _xlfn.XLOOKUP($AI3, Ensign!$A$2:$A$12, Ensign!$B$2:$B$12), _xlfn.XLOOKUP($AI3, 'Historic (IPEDS & 2019 RTP)'!$A:$A, _xlfn.XLOOKUP(AP$1, 'Historic (IPEDS & 2019 RTP)'!$A$1:$H$1, 'Historic (IPEDS & 2019 RTP)'!$A:$H), IFERROR(_xlfn.XLOOKUP($AI3, 'USHE Historic'!$A$3:$A$13, _xlfn.XLOOKUP(AP$1, 'USHE Historic'!$A$2:$E$2, 'USHE Historic'!$A$3:$E$13)), _xlfn.IFS( AP$1="BYU", IFERROR(_xlfn.XLOOKUP($AI3, 'MAG College Enrollment Forecast'!$A:$A, 'MAG College Enrollment Forecast'!$B:$B), (AP$72-AP2)/($AI$72-$AI2)*($AI3-$AI2)+AP2), AP$1="UVU", IFERROR(_xlfn.XLOOKUP($AI3, 'MAG College Enrollment Forecast'!$A:$A, 'MAG College Enrollment Forecast'!$C:$C+'MAG College Enrollment Forecast'!$D:$D+'MAG College Enrollment Forecast'!$E:$E+'MAG College Enrollment Forecast'!$F:$F+'MAG College Enrollment Forecast'!$G:$G+'MAG College Enrollment Forecast'!$H:$H), (AP$72-AP2)/($AI$72-$AI2)*($AI3-$AI2)+AP2), TRUE, IFERROR(_xlfn.XLOOKUP($AI3, 'USHE Projections'!$A:$A, IFERROR(_xlfn.XLOOKUP(AP$1, 'USHE Projections'!$A$1:$E$1, 'USHE Projections'!$A:$E), "NONE"), (AP$72-AP2)/($AI$72-$AI2)*($AI3-$AI2)+AP2), (AP$72-AP2)/($AI$72-$AI2)*($AI3-$AI2)+AP2) ) ) ) ), 0)} -> 0
AI4: 1992 | AJ4: {=ROUND( IF(AND(AJ$1="Ensign", $AI4>=2021, $AI4<=2024), _xlfn.XLOOKUP($AI4, Ensign!$A$2:$A$12, Ensign!$B$2:$B$12), _xlfn.XLOOKUP($AI4, 'Historic (IPEDS & 2019 RTP)'!$A:$A, _xlfn.XLOOKUP(AJ$1, 'Historic (IPEDS & 2019 RTP)'!$A$1:$H$1, 'Historic (IPEDS & 2019 RTP)'!$A:$H), IFERROR(_xlfn.XLOOKUP($AI4, 'USHE Historic'!$A$3:$A$13, _xlfn.XLOOKUP(AJ$1, 'USHE Historic'!$A$2:$E$2, 'USHE Historic'!$A$3:$E$13)), _xlfn.IFS( AJ$1="BYU", IFERROR(_xlfn.XLOOKUP($AI4, 'MAG College Enrollment Forecast'!$A:$A, 'MAG College Enrollment Forecast'!$B:$B), (AJ$72-AJ3)/($AI$72-$AI3)*($AI4-$AI3)+AJ3), AJ$1="UVU", IFERROR(_xlfn.XLOOKUP($AI4, 'MAG College Enrollment Forecast'!$A:$A, 'MAG College Enrollment Forecast'!$C:$C+'MAG College Enrollment Forecast'!$D:$D+'MAG College Enrollment Forecast'!$E:$E+'MAG College Enrollment Forecast'!$F:$F+'MAG College Enrollment Forecast'!$G:$G+'MAG College Enrollment Forecast'!$H:$H), (AJ$72-AJ3)/($AI$72-$AI3)*($AI4-$AI3)+AJ3), TRUE, IFERROR(_xlfn.XLOOKUP($AI4, 'USHE Projections'!$A:$A, IFERROR(_xlfn.XLOOKUP(AJ$1, 'USHE Projections'!$A$1:$E$1, 'USHE Projections'!$A:$E), "NONE"), (AJ$72-AJ3)/($AI$72-$AI3)*($AI4-$AI3)+AJ3), (AJ$72-AJ3)/($AI$72-$AI3)*($AI4-$AI3)+AJ3) ) ) ) ), 0)} -> 25868 | AK4: {=ROUND( IF(AND(AK$1="Ensign", $AI4>=2021, $AI4<=2024), _xlfn.XLOOKUP($AI4, Ensign!$A$2:$A$12, Ensign!$B$2:$B$12), _xlfn.XLOOKUP($AI4, 'Historic (IPEDS & 2019 RTP)'!$A:$A, _xlfn.XLOOKUP(AK$1, 'Historic (IPEDS & 2019 RTP)'!$A$1:$H$1, 'Historic (IPEDS & 2019 RTP)'!$A:$H), IFERROR(_xlfn.XLOOKUP($AI4, 'USHE Historic'!$A$3:$A$13, _xlfn.XLOOKUP(AK$1, 'USHE Historic'!$A$2:$E$2, 'USHE Historic'!$A$3:$E$13)), _xlfn.IFS( AK$1="BYU", IFERROR(_xlfn.XLOOKUP($AI4, 'MAG College Enrollment Forecast'!$A:$A, 'MAG College Enrollment Forecast'!$B:$B), (AK$72-AK3)/($AI$72-$AI3)*($AI4-$AI3)+AK3), AK$1="UVU", IFERROR(_xlfn.XLOOKUP($AI4, 'MAG College Enrollment Forecast'!$A:$A, 'MAG College Enrollment Forecast'!$C:$C+'MAG College Enrollment Forecast'!$D:$D+'MAG College Enrollment Forecast'!$E:$E+'MAG College Enrollment Forecast'!$F:$F+'MAG College Enrollment Forecast'!$G:$G+'MAG College Enrollment Forecast'!$H:$H), (AK$72-AK3)/($AI$72-$AI3)*($AI4-$AI3)+AK3), TRUE, IFERROR(_xlfn.XLOOKUP($AI4, 'USHE Projections'!$A:$A, IFERROR(_xlfn.XLOOKUP(AK$1, 'USHE Projections'!$A$1:$E$1, 'USHE Projections'!$A:$E), "NONE"), (AK$72-AK3)/($AI$72-$AI3)*($AI4-$AI3)+AK3), (AK$72-AK3)/($AI$72-$AI3)*($AI4-$AI3)+AK3) ) ) ) ), 0)} -> 14993 | AL4: {=ROUND( IF(AND(AL$1="Ensign", $AI4>=2021, $AI4<=2024), _xlfn.XLOOKUP($AI4, Ensign!$A$2:$A$12, Ensign!$B$2:$B$12), _xlfn.XLOOKUP($AI4, 'Historic (IPEDS & 2019 RTP)'!$A:$A, _xlfn.XLOOKUP(AL$1, 'Historic (IPEDS & 2019 RTP)'!$A$1:$H$1, 'Historic (IPEDS & 2019 RTP)'!$A:$H), IFERROR(_xlfn.XLOOKUP($AI4, 'USHE Historic'!$A$3:$A$13, _xlfn.XLOOKUP(AL$1, 'USHE Historic'!$A$2:$E$2, 'USHE Historic'!$A$3:$E$13)), _xlfn.IFS( AL$1="BYU", IFERROR(_xlfn.XLOOKUP($AI4, 'MAG College Enrollment Forecast'!$A:$A, 'MAG College Enrollment Forecast'!$B:$B), (AL$72-AL3)/($AI$72-$AI3)*($AI4-$AI3)+AL3), AL$1="UVU", IFERROR(_xlfn.XLOOKUP($AI4, 'MAG College Enrollment Forecast'!$A:$A, 'MAG College Enrollment Forecast'!$C:$C+'MAG College Enrollment Forecast'!$D:$D+'MAG College Enrollment Forecast'!$E:$E+'MAG College Enrollment Forecast'!$F:$F+'MAG College Enrollment Forecast'!$G:$G+'MAG College Enrollment Forecast'!$H:$H), (AL$72-AL3)/($AI$72-$AI3)*($AI4-$AI3)+AL3), TRUE, IFERROR(_xlfn.XLOOKUP($AI4, 'USHE Projections'!$A:$A, IFERROR(_xlfn.XLOOKUP(AL$1, 'USHE Projections'!$A$1:$E$1, 'USHE Projections'!$A:$E), "NONE"), (AL$72-AL3)/($AI$72-$AI3)*($AI4-$AI3)+AL3), (AL$72-AL3)/($AI$72-$AI3)*($AI4-$AI3)+AL3) ) ) ) ), 0)} -> 9623 | AM4: {=ROUND( IF(AND(AM$1="Ensign", $AI4>=2021, $AI4<=2024), _xlfn.XLOOKUP($AI4, Ensign!$A$2:$A$12, Ensign!$B$2:$B$12), _xlfn.XLOOKUP($AI4, 'Historic (IPEDS & 2019 RTP)'!$A:$A, _xlfn.XLOOKUP(AM$1, 'Historic (IPEDS & 2019 RTP)'!$A$1:$H$1, 'Historic (IPEDS & 2019 RTP)'!$A:$H), IFERROR(_xlfn.XLOOKUP($AI4, 'USHE Historic'!$A$3:$A$13, _xlfn.XLOOKUP(AM$1, 'USHE Historic'!$A$2:$E$2, 'USHE Historic'!$A$3:$E$13)), _xlfn.IFS( AM$1="BYU", IFERROR(_xlfn.XLOOKUP($AI4, 'MAG College Enrollment Forecast'!$A:$A, 'MAG College Enrollment Forecast'!$B:$B), (AM$72-AM3)/($AI$72-$AI3)*($AI4-$AI3)+AM3), AM$1="UVU", IFERROR(_xlfn.XLOOKUP($AI4, 'MAG College Enrollment Forecast'!$A:$A, 'MAG College Enrollment Forecast'!$C:$C+'MAG College Enrollment Forecast'!$D:$D+'MAG College Enrollment Forecast'!$E:$E+'MAG College Enrollment Forecast'!$F:$F+'MAG College Enrollment Forecast'!$G:$G+'MAG College Enrollment Forecast'!$H:$H), (AM$72-AM3)/($AI$72-$AI3)*($AI4-$AI3)+AM3), TRUE, IFERROR(_xlfn.XLOOKUP($AI4, 'USHE Projections'!$A:$A, IFERROR(_xlfn.XLOOKUP(AM$1, 'USHE Projections'!$A$1:$E$1, 'USHE Projections'!$A:$E), "NONE"), (AM$72-AM3)/($AI$72-$AI3)*($AI4-$AI3)+AM3), (AM$72-AM3)/($AI$72-$AI3)*($AI4-$AI3)+AM3) ) ) ) ), 0)} -> 17766 | AN4: {=ROUND( IF(AND(AN$1="Ensign", $AI4>=2021, $AI4<=2024), _xlfn.XLOOKUP($AI4, Ensign!$A$2:$A$12, Ensign!$B$2:$B$12), _xlfn.XLOOKUP($AI4, 'Historic (IPEDS & 2019 RTP)'!$A:$A, _xlfn.XLOOKUP(AN$1, 'Historic (IPEDS & 2019 RTP)'!$A$1:$H$1, 'Historic (IPEDS & 2019 RTP)'!$A:$H), IFERROR(_xlfn.XLOOKUP($AI4, 'USHE Historic'!$A$3:$A$13, _xlfn.XLOOKUP(AN$1, 'USHE Historic'!$A$2:$E$2, 'USHE Historic'!$A$3:$E$13)), _xlfn.IFS( AN$1="BYU", IFERROR(_xlfn.XLOOKUP($AI4, 'MAG College Enrollment Forecast'!$A:$A, 'MAG College Enrollment Forecast'!$B:$B), (AN$72-AN3)/($AI$72-$AI3)*($AI4-$AI3)+AN3), AN$1="UVU", IFERROR(_xlfn.XLOOKUP($AI4, 'MAG College Enrollment Forecast'!$A:$A, 'MAG College Enrollment Forecast'!$C:$C+'MAG College Enrollment Forecast'!$D:$D+'MAG College Enrollment Forecast'!$E:$E+'MAG College Enrollment Forecast'!$F:$F+'MAG College Enrollment Forecast'!$G:$G+'MAG College Enrollment Forecast'!$H:$H), (AN$72-AN3)/($AI$72-$AI3)*($AI4-$AI3)+AN3), TRUE, IFERROR(_xlfn.XLOOKUP($AI4, 'USHE Projections'!$A:$A, IFERROR(_xlfn.XLOOKUP(AN$1, 'USHE Projections'!$A$1:$E$1, 'USHE Projections'!$A:$E), "NONE"), (AN$72-AN3)/($AI$72-$AI3)*($AI4-$AI3)+AN3), (AN$72-AN3)/($AI$72-$AI3)*($AI4-$AI3)+AN3) ) ) ) ), 0)} -> 31108 | AO4: {=ROUND( IF(AND(AO$1="Ensign", $AI4>=2021, $AI4<=2024), _xlfn.XLOOKUP($AI4, Ensign!$A$2:$A$12, Ensign!$B$2:$B$12), _xlfn.XLOOKUP($AI4, 'Historic (IPEDS & 2019 RTP)'!$A:$A, _xlfn.XLOOKUP(AO$1, 'Historic (IPEDS & 2019 RTP)'!$A$1:$H$1, 'Historic (IPEDS & 2019 RTP)'!$A:$H), IFERROR(_xlfn.XLOOKUP($AI4, 'USHE Historic'!$A$3:$A$13, _xlfn.XLOOKUP(AO$1, 'USHE Historic'!$A$2:$E$2, 'USHE Historic'!$A$3:$E$13)), _xlfn.IFS( AO$1="BYU", IFERROR(_xlfn.XLOOKUP($AI4, 'MAG College Enrollment Forecast'!$A:$A, 'MAG College Enrollment Forecast'!$B:$B), (AO$72-AO3)/($AI$72-$AI3)*($AI4-$AI3)+AO3), AO$1="UVU", IFERROR(_xlfn.XLOOKUP($AI4, 'MAG College Enrollment Forecast'!$A:$A, 'MAG College Enrollment Forecast'!$C:$C+'MAG College Enrollment Forecast'!$D:$D+'MAG College Enrollment Forecast'!$E:$E+'MAG College Enrollment Forecast'!$F:$F+'MAG College Enrollment Forecast'!$G:$G+'MAG College Enrollment Forecast'!$H:$H), (AO$72-AO3)/($AI$72-$AI3)*($AI4-$AI3)+AO3), TRUE, IFERROR(_xlfn.XLOOKUP($AI4, 'USHE Projections'!$A:$A, IFERROR(_xlfn.XLOOKUP(AO$1, 'USHE Projections'!$A$1:$E$1, 'USHE Projections'!$A:$E), "NONE"), (AO$72-AO3)/($AI$72-$AI3)*($AI4-$AI3)+AO3), (AO$72-AO3)/($AI$72-$AI3)*($AI4-$AI3)+AO3) ) ) ) ), 0)} -> 0 | AP4: {=ROUND( IF(AND(AP$1="Ensign", $AI4>=2021, $AI4<=2024), _xlfn.XLOOKUP($AI4, Ensign!$A$2:$A$12, Ensign!$B$2:$B$12), _xlfn.XLOOKUP($AI4, 'Historic (IPEDS & 2019 RTP)'!$A:$A, _xlfn.XLOOKUP(AP$1, 'Historic (IPEDS & 2019 RTP)'!$A$1:$H$1, 'Historic (IPEDS & 2019 RTP)'!$A:$H), IFERROR(_xlfn.XLOOKUP($AI4, 'USHE Historic'!$A$3:$A$13, _xlfn.XLOOKUP(AP$1, 'USHE Historic'!$A$2:$E$2, 'USHE Historic'!$A$3:$E$13)), _xlfn.IFS( AP$1="BYU", IFERROR(_xlfn.XLOOKUP($AI4, 'MAG College Enrollment Forecast'!$A:$A, 'MAG College Enrollment Forecast'!$B:$B), (AP$72-AP3)/($AI$72-$AI3)*($AI4-$AI3)+AP3), AP$1="UVU", IFERROR(_xlfn.XLOOKUP($AI4, 'MAG College Enrollment Forecast'!$A:$A, 'MAG College Enrollment Forecast'!$C:$C+'MAG College Enrollment Forecast'!$D:$D+'MAG College Enrollment Forecast'!$E:$E+'MAG College Enrollment Forecast'!$F:$F+'MAG College Enrollment Forecast'!$G:$G+'MAG College Enrollment Forecast'!$H:$H), (AP$72-AP3)/($AI$72-$AI3)*($AI4-$AI3)+AP3), TRUE, IFERROR(_xlfn.XLOOKUP($AI4, 'USHE Projections'!$A:$A, IFERROR(_xlfn.XLOOKUP(AP$1, 'USHE Projections'!$A$1:$E$1, 'USHE Projections'!$A:$E), "NONE"), (AP$72-AP3)/($AI$72-$AI3)*($AI4-$AI3)+AP3), (AP$72-AP3)/($AI$72-$AI3)*($AI4-$AI3)+AP3) ) ) ) ), 0)} -> 0
AI5: 1993 | AJ5: {=ROUND( IF(AND(AJ$1="Ensign", $AI5>=2021, $AI5<=2024), _xlfn.XLOOKUP($AI5, Ensign!$A$2:$A$12, Ensign!$B$2:$B$12), _xlfn.XLOOKUP($AI5, 'Historic (IPEDS & 2019 RTP)'!$A:$A, _xlfn.XLOOKUP(AJ$1, 'Historic (IPEDS & 2019 RTP)'!$A$1:$H$1, 'Historic (IPEDS & 2019 RTP)'!$A:$H), IFERROR(_xlfn.XLOOKUP($AI5, 'USHE Historic'!$A$3:$A$13, _xlfn.XLOOKUP(AJ$1, 'USHE Historic'!$A$2:$E$2, 'USHE Historic'!$A$3:$E$13)), _xlfn.IFS( AJ$1="BYU", IFERROR(_xlfn.XLOOKUP($AI5, 'MAG College Enrollment Forecast'!$A:$A, 'MAG College Enrollment Forecast'!$B:$B), (AJ$72-AJ4)/($AI$72-$AI4)*($AI5-$AI4)+AJ4), AJ$1="UVU", IFERROR(_xlfn.XLOOKUP($AI5, 'MAG College Enrollment Forecast'!$A:$A, 'MAG College Enrollment Forecast'!$C:$C+'MAG College Enrollment Forecast'!$D:$D+'MAG College Enrollment Forecast'!$E:$E+'MAG College Enrollment Forecast'!$F:$F+'MAG College Enrollment Forecast'!$G:$G+'MAG College Enrollment Forecast'!$H:$H), (AJ$72-AJ4)/($AI$72-$AI4)*($AI5-$AI4)+AJ4), TRUE, IFERROR(_xlfn.XLOOKUP($AI5, 'USHE Projections'!$A:$A, IFERROR(_xlfn.XLOOKUP(AJ$1, 'USHE Projections'!$A$1:$E$1, 'USHE Projections'!$A:$E), "NONE"), (AJ$72-AJ4)/($AI$72-$AI4)*($AI5-$AI4)+AJ4), (AJ$72-AJ4)/($AI$72-$AI4)*($AI5-$AI4)+AJ4) ) ) ) ), 0)} -> 25982 | AK5: {=ROUND( IF(AND(AK$1="Ensign", $AI5>=2021, $AI5<=2024), _xlfn.XLOOKUP($AI5, Ensign!$A$2:$A$12, Ensign!$B$2:$B$12), _xlfn.XLOOKUP($AI5, 'Historic (IPEDS & 2019 RTP)'!$A:$A, _xlfn.XLOOKUP(AK$1, 'Historic (IPEDS & 2019 RTP)'!$A$1:$H$1, 'Historic (IPEDS & 2019 RTP)'!$A:$H), IFERROR(_xlfn.XLOOKUP($AI5, 'USHE Historic'!$A$3:$A$13, _xlfn.XLOOKUP(AK$1, 'USHE Historic'!$A$2:$E$2, 'USHE Historic'!$A$3:$E$13)), _xlfn.IFS( AK$1="BYU", IFERROR(_xlfn.XLOOKUP($AI5, 'MAG College Enrollment Forecast'!$A:$A, 'MAG College Enrollment Forecast'!$B:$B), (AK$72-AK4)/($AI$72-$AI4)*($AI5-$AI4)+AK4), AK$1="UVU", IFERROR(_xlfn.XLOOKUP($AI5, 'MAG College Enrollment Forecast'!$A:$A, 'MAG College Enrollment Forecast'!$C:$C+'MAG College Enrollment Forecast'!$D:$D+'MAG College Enrollment Forecast'!$E:$E+'MAG College Enrollment Forecast'!$F:$F+'MAG College Enrollment Forecast'!$G:$G+'MAG College Enrollment Forecast'!$H:$H), (AK$72-AK4)/($AI$72-$AI4)*($AI5-$AI4)+AK4), TRUE, IFERROR(_xlfn.XLOOKUP($AI5, 'USHE Projections'!$A:$A, IFERROR(_xlfn.XLOOKUP(AK$1, 'USHE Projections'!$A$1:$E$1, 'USHE Projections'!$A:$E), "NONE"), (AK$72-AK4)/($AI$72-$AI4)*($AI5-$AI4)+AK4), (AK$72-AK4)/($AI$72-$AI4)*($AI5-$AI4)+AK4) ) ) ) ), 0)} -> 14447 | AL5: {=ROUND( IF(AND(AL$1="Ensign", $AI5>=2021, $AI5<=2024), _xlfn.XLOOKUP($AI5, Ensign!$A$2:$A$12, Ensign!$B$2:$B$12), _xlfn.XLOOKUP($AI5, 'Historic (IPEDS & 2019 RTP)'!$A:$A, _xlfn.XLOOKUP(AL$1, 'Historic (IPEDS & 2019 RTP)'!$A$1:$H$1, 'Historic (IPEDS & 2019 RTP)'!$A:$H), IFERROR(_xlfn.XLOOKUP($AI5, 'USHE Historic'!$A$3:$A$13, _xlfn.XLOOKUP(AL$1, 'USHE Historic'!$A$2:$E$2, 'USHE Historic'!$A$3:$E$13)), _xlfn.IFS( AL$1="BYU", IFERROR(_xlfn.XLOOKUP($AI5, 'MAG College Enrollment Forecast'!$A:$A, 'MAG College Enrollment Forecast'!$B:$B), (AL$72-AL4)/($AI$72-$AI4)*($AI5-$AI4)+AL4), AL$1="UVU", IFERROR(_xlfn.XLOOKUP($AI5, 'MAG College Enrollment Forecast'!$A:$A, 'MAG College Enrollment Forecast'!$C:$C+'MAG College Enrollment Forecast'!$D:$D+'MAG College Enrollment Forecast'!$E:$E+'MAG College Enrollment Forecast'!$F:$F+'MAG College Enrollment Forecast'!$G:$G+'MAG College Enrollment Forecast'!$H:$H), (AL$72-AL4)/($AI$72-$AI4)*($AI5-$AI4)+AL4), TRUE, IFERROR(_xlfn.XLOOKUP($AI5, 'USHE Projections'!$A:$A, IFERROR(_xlfn.XLOOKUP(AL$1, 'USHE Projections'!$A$1:$E$1, 'USHE Projections'!$A:$E), "NONE"), (AL$72-AL4)/($AI$72-$AI4)*($AI5-$AI4)+AL4), (AL$72-AL4)/($AI$72-$AI4)*($AI5-$AI4)+AL4) ) ) ) ), 0)} -> 10512 | AM5: {=ROUND( IF(AND(AM$1="Ensign", $AI5>=2021, $AI5<=2024), _xlfn.XLOOKUP($AI5, Ensign!$A$2:$A$12, Ensign!$B$2:$B$12), _xlfn.XLOOKUP($AI5, 'Historic (IPEDS & 2019 RTP)'!$A:$A, _xlfn.XLOOKUP(AM$1, 'Historic (IPEDS & 2019 RTP)'!$A$1:$H$1, 'Historic (IPEDS & 2019 RTP)'!$A:$H), IFERROR(_xlfn.XLOOKUP($AI5, 'USHE Historic'!$A$3:$A$13, _xlfn.XLOOKUP(AM$1, 'USHE Historic'!$A$2:$E$2, 'USHE Historic'!$A$3:$E$13)), _xlfn.IFS( AM$1="BYU", IFERROR(_xlfn.XLOOKUP($AI5, 'MAG College Enrollment Forecast'!$A:$A, 'MAG College Enrollment Forecast'!$B:$B), (AM$72-AM4)/($AI$72-$AI4)*($AI5-$AI4)+AM4), AM$1="UVU", IFERROR(_xlfn.XLOOKUP($AI5, 'MAG College Enrollment Forecast'!$A:$A, 'MAG College Enrollment Forecast'!$C:$C+'MAG College Enrollment Forecast'!$D:$D+'MAG College Enrollment Forecast'!$E:$E+'MAG College Enrollment Forecast'!$F:$F+'MAG College Enrollment Forecast'!$G:$G+'MAG College Enrollment Forecast'!$H:$H), (AM$72-AM4)/($AI$72-$AI4)*($AI5-$AI4)+AM4), TRUE, IFERROR(_xlfn.XLOOKUP($AI5, 'USHE Projections'!$A:$A, IFERROR(_xlfn.XLOOKUP(AM$1, 'USHE Projections'!$A$1:$E$1, 'USHE Projections'!$A:$E), "NONE"), (AM$72-AM4)/($AI$72-$AI4)*($AI5-$AI4)+AM4), (AM$72-AM4)/($AI$72-$AI4)*($AI5-$AI4)+AM4) ) ) ) ), 0)} -> 18311 | AN5: {=ROUND( IF(AND(AN$1="Ensign", $AI5>=2021, $AI5<=2024), _xlfn.XLOOKUP($AI5, Ensign!$A$2:$A$12, Ensign!$B$2:$B$12), _xlfn.XLOOKUP($AI5, 'Historic (IPEDS & 2019 RTP)'!$A:$A, _xlfn.XLOOKUP(AN$1, 'Historic (IPEDS & 2019 RTP)'!$A$1:$H$1, 'Historic (IPEDS & 2019 RTP)'!$A:$H), IFERROR(_xlfn.XLOOKUP($AI5, 'USHE Historic'!$A$3:$A$13, _xlfn.XLOOKUP(AN$1, 'USHE Historic'!$A$2:$E$2, 'USHE Historic'!$A$3:$E$13)), _xlfn.IFS( AN$1="BYU", IFERROR(_xlfn.XLOOKUP($AI5, 'MAG College Enrollment Forecast'!$A:$A, 'MAG College Enrollment Forecast'!$B:$B), (AN$72-AN4)/($AI$72-$AI4)*($AI5-$AI4)+AN4), AN$1="UVU", IFERROR(_xlfn.XLOOKUP($AI5, 'MAG College Enrollment Forecast'!$A:$A, 'MAG College Enrollment Forecast'!$C:$C+'MAG College Enrollment Forecast'!$D:$D+'MAG College Enrollment Forecast'!$E:$E+'MAG College Enrollment Forecast'!$F:$F+'MAG College Enrollment Forecast'!$G:$G+'MAG College Enrollment Forecast'!$H:$H), (AN$72-AN4)/($AI$72-$AI4)*($AI5-$AI4)+AN4), TRUE, IFERROR(_xlfn.XLOOKUP($AI5, 'USHE Projections'!$A:$A, IFERROR(_xlfn.XLOOKUP(AN$1, 'USHE Projections'!$A$1:$E$1, 'USHE Projections'!$A:$E), "NONE"), (AN$72-AN4)/($AI$72-$AI4)*($AI5-$AI4)+AN4), (AN$72-AN4)/($AI$72-$AI4)*($AI5-$AI4)+AN4) ) ) ) ), 0)} -> 30547 | AO5: {=ROUND( IF(AND(AO$1="Ensign", $AI5>=2021, $AI5<=2024), _xlfn.XLOOKUP($AI5, Ensign!$A$2:$A$12, Ensign!$B$2:$B$12), _xlfn.XLOOKUP($AI5, 'Historic (IPEDS & 2019 RTP)'!$A:$A, _xlfn.XLOOKUP(AO$1, 'Historic (IPEDS & 2019 RTP)'!$A$1:$H$1, 'Historic (IPEDS & 2019 RTP)'!$A:$H), IFERROR(_xlfn.XLOOKUP($AI5, 'USHE Historic'!$A$3:$A$13, _xlfn.XLOOKUP(AO$1, 'USHE Historic'!$A$2:$E$2, 'USHE Historic'!$A$3:$E$13)), _xlfn.IFS( AO$1="BYU", IFERROR(_xlfn.XLOOKUP($AI5, 'MAG College Enrollment Forecast'!$A:$A, 'MAG College Enrollment Forecast'!$B:$B), (AO$72-AO4)/($AI$72-$AI4)*($AI5-$AI4)+AO4), AO$1="UVU", IFERROR(_xlfn.XLOOKUP($AI5, 'MAG College Enrollment Forecast'!$A:$A, 'MAG College Enrollment Forecast'!$C:$C+'MAG College Enrollment Forecast'!$D:$D+'MAG College Enrollment Forecast'!$E:$E+'MAG College Enrollment Forecast'!$F:$F+'MAG College Enrollment Forecast'!$G:$G+'MAG College Enrollment Forecast'!$H:$H), (AO$72-AO4)/($AI$72-$AI4)*($AI5-$AI4)+AO4), TRUE, IFERROR(_xlfn.XLOOKUP($AI5, 'USHE Projections'!$A:$A, IFERROR(_xlfn.XLOOKUP(AO$1, 'USHE Projections'!$A$1:$E$1, 'USHE Projections'!$A:$E), "NONE"), (AO$72-AO4)/($AI$72-$AI4)*($AI5-$AI4)+AO4), (AO$72-AO4)/($AI$72-$AI4)*($AI5-$AI4)+AO4) ) ) ) ), 0)} -> 0 | AP5: {=ROUND( IF(AND(AP$1="Ensign", $AI5>=2021, $AI5<=2024), _xlfn.XLOOKUP($AI5, Ensign!$A$2:$A$12, Ensign!$B$2:$B$12), _xlfn.XLOOKUP($AI5, 'Historic (IPEDS & 2019 RTP)'!$A:$A, _xlfn.XLOOKUP(AP$1, 'Historic (IPEDS & 2019 RTP)'!$A$1:$H$1, 'Historic (IPEDS & 2019 RTP)'!$A:$H), IFERROR(_xlfn.XLOOKUP($AI5, 'USHE Historic'!$A$3:$A$13, _xlfn.XLOOKUP(AP$1, 'USHE Historic'!$A$2:$E$2, 'USHE Historic'!$A$3:$E$13)), _xlfn.IFS( AP$1="BYU", IFERROR(_xlfn.XLOOKUP($AI5, 'MAG College Enrollment Forecast'!$A:$A, 'MAG College Enrollment Forecast'!$B:$B), (AP$72-AP4)/($AI$72-$AI4)*($AI5-$AI4)+AP4), AP$1="UVU", IFERROR(_xlfn.XLOOKUP($AI5, 'MAG College Enrollment Forecast'!$A:$A, 'MAG College Enrollment Forecast'!$C:$C+'MAG College Enrollment Forecast'!$D:$D+'MAG College Enrollment Forecast'!$E:$E+'MAG College Enrollment Forecast'!$F:$F+'MAG College Enrollment Forecast'!$G:$G+'MAG College Enrollment Forecast'!$H:$H), (AP$72-AP4)/($AI$72-$AI4)*($AI5-$AI4)+AP4), TRUE, IFERROR(_xlfn.XLOOKUP($AI5, 'USHE Projections'!$A:$A, IFERROR(_xlfn.XLOOKUP(AP$1, 'USHE Projections'!$A$1:$E$1, 'USHE Projections'!$A:$E), "NONE"), (AP$72-AP4)/($AI$72-$AI4)*($AI5-$AI4)+AP4), (AP$72-AP4)/($AI$72-$AI4)*($AI5-$AI4)+AP4) ) ) ) ), 0)} -> 0
AI6: 1994 | AJ6: {=ROUND( IF(AND(AJ$1="Ensign", $AI6>=2021, $AI6<=2024), _xlfn.XLOOKUP($AI6, Ensign!$A$2:$A$12, Ensign!$B$2:$B$12), _xlfn.XLOOKUP($AI6, 'Historic (IPEDS & 2019 RTP)'!$A:$A, _xlfn.XLOOKUP(AJ$1, 'Historic (IPEDS & 2019 RTP)'!$A$1:$H$1, 'Historic (IPEDS & 2019 RTP)'!$A:$H), IFERROR(_xlfn.XLOOKUP($AI6, 'USHE Historic'!$A$3:$A$13, _xlfn.XLOOKUP(AJ$1, 'USHE Historic'!$A$2:$E$2, 'USHE Historic'!$A$3:$E$13)), _xlfn.IFS( AJ$1="BYU", IFERROR(_xlfn.XLOOKUP($AI6, 'MAG College Enrollment Forecast'!$A:$A, 'MAG College Enrollment Forecast'!$B:$B), (AJ$72-AJ5)/($AI$72-$AI5)*($AI6-$AI5)+AJ5), AJ$1="UVU", IFERROR(_xlfn.XLOOKUP($AI6, 'MAG College Enrollment Forecast'!$A:$A, 'MAG College Enrollment Forecast'!$C:$C+'MAG College Enrollment Forecast'!$D:$D+'MAG College Enrollment Forecast'!$E:$E+'MAG College Enrollment Forecast'!$F:$F+'MAG College Enrollment Forecast'!$G:$G+'MAG College Enrollment Forecast'!$H:$H), (AJ$72-AJ5)/($AI$72-$AI5)*($AI6-$AI5)+AJ5), TRUE, IFERROR(_xlfn.XLOOKUP($AI6, 'USHE Projections'!$A:$A, IFERROR(_xlfn.XLOOKUP(AJ$1, 'USHE Projections'!$A$1:$E$1, 'USHE Projections'!$A:$E), "NONE"), (AJ$72-AJ5)/($AI$72-$AI5)*($AI6-$AI5)+AJ5), (AJ$72-AJ5)/($AI$72-$AI5)*($AI6-$AI5)+AJ5) ) ) ) ), 0)} -> 25645 | AK6: {=ROUND( IF(AND(AK$1="Ensign", $AI6>=2021, $AI6<=2024), _xlfn.XLOOKUP($AI6, Ensign!$A$2:$A$12, Ensign!$B$2:$B$12), _xlfn.XLOOKUP($AI6, 'Historic (IPEDS & 2019 RTP)'!$A:$A, _xlfn.XLOOKUP(AK$1, 'Historic (IPEDS & 2019 RTP)'!$A$1:$H$1, 'Historic (IPEDS & 2019 RTP)'!$A:$H), IFERROR(_xlfn.XLOOKUP($AI6, 'USHE Historic'!$A$3:$A$13, _xlfn.XLOOKUP(AK$1, 'USHE Historic'!$A$2:$E$2, 'USHE Historic'!$A$3:$E$13)), _xlfn.IFS( AK$1="BYU", IFERROR(_xlfn.XLOOKUP($AI6, 'MAG College Enrollment Forecast'!$A:$A, 'MAG College Enrollment Forecast'!$B:$B), (AK$72-AK5)/($AI$72-$AI5)*($AI6-$AI5)+AK5), AK$1="UVU", IFERROR(_xlfn.XLOOKUP($AI6, 'MAG College Enrollment Forecast'!$A:$A, 'MAG College Enrollment Forecast'!$C:$C+'MAG College Enrollment Forecast'!$D:$D+'MAG College Enrollment Forecast'!$E:$E+'MAG College Enrollment Forecast'!$F:$F+'MAG College Enrollment Forecast'!$G:$G+'MAG College Enrollment Forecast'!$H:$H), (AK$72-AK5)/($AI$72-$AI5)*($AI6-$AI5)+AK5), TRUE, IFERROR(_xlfn.XLOOKUP($AI6, 'USHE Projections'!$A:$A, IFERROR(_xlfn.XLOOKUP(AK$1, 'USHE Projections'!$A$1:$E$1, 'USHE Projections'!$A:$E), "NONE"), (AK$72-AK5)/($AI$72-$AI5)*($AI6-$AI5)+AK5), (AK$72-AK5)/($AI$72-$AI5)*($AI6-$AI5)+AK5) ) ) ) ), 0)} -> 14230 | AL6: {=ROUND( IF(AND(AL$1="Ensign", $AI6>=2021, $AI6<=2024), _xlfn.XLOOKUP($AI6, Ensign!$A$2:$A$12, Ensign!$B$2:$B$12), _xlfn.XLOOKUP($AI6, 'Historic (IPEDS & 2019 RTP)'!$A:$A, _xlfn.XLOOKUP(AL$1, 'Historic (IPEDS & 2019 RTP)'!$A$1:$H$1, 'Historic (IPEDS & 2019 RTP)'!$A:$H), IFERROR(_xlfn.XLOOKUP($AI6, 'USHE Historic'!$A$3:$A$13, _xlfn.XLOOKUP(AL$1, 'USHE Historic'!$A$2:$E$2, 'USHE Historic'!$A$3:$E$13)), _xlfn.IFS( AL$1="BYU", IFERROR(_xlfn.XLOOKUP($AI6, 'MAG College Enrollment Forecast'!$A:$A, 'MAG College Enrollment Forecast'!$B:$B), (AL$72-AL5)/($AI$72-$AI5)*($AI6-$AI5)+AL5), AL$1="UVU", IFERROR(_xlfn.XLOOKUP($AI6, 'MAG College Enrollment Forecast'!$A:$A, 'MAG College Enrollment Forecast'!$C:$C+'MAG College Enrollment Forecast'!$D:$D+'MAG College Enrollment Forecast'!$E:$E+'MAG College Enrollment Forecast'!$F:$F+'MAG College Enrollment Forecast'!$G:$G+'MAG College Enrollment Forecast'!$H:$H), (AL$72-AL5)/($AI$72-$AI5)*($AI6-$AI5)+AL5), TRUE, IFERROR(_xlfn.XLOOKUP($AI6, 'USHE Projections'!$A:$A, IFERROR(_xlfn.XLOOKUP(AL$1, 'USHE Projections'!$A$1:$E$1, 'USHE Projections'!$A:$E), "NONE"), (AL$72-AL5)/($AI$72-$AI5)*($AI6-$AI5)+AL5), (AL$72-AL5)/($AI$72-$AI5)*($AI6-$AI5)+AL5) ) ) ) ), 0)} -> 13293 | AM6: {=ROUND( IF(AND(AM$1="Ensign", $AI6>=2021, $AI6<=2024), _xlfn.XLOOKUP($AI6, Ensign!$A$2:$A$12, Ensign!$B$2:$B$12), _xlfn.XLOOKUP($AI6, 'Historic (IPEDS & 2019 RTP)'!$A:$A, _xlfn.XLOOKUP(AM$1, 'Historic (IPEDS & 2019 RTP)'!$A$1:$H$1, 'Historic (IPEDS & 2019 RTP)'!$A:$H), IFERROR(_xlfn.XLOOKUP($AI6, 'USHE Historic'!$A$3:$A$13, _xlfn.XLOOKUP(AM$1, 'USHE Historic'!$A$2:$E$2, 'USHE Historic'!$A$3:$E$13)), _xlfn.IFS( AM$1="BYU", IFERROR(_xlfn.XLOOKUP($AI6, 'MAG College Enrollment Forecast'!$A:$A, 'MAG College Enrollment Forecast'!$B:$B), (AM$72-AM5)/($AI$72-$AI5)*($AI6-$AI5)+AM5), AM$1="UVU", IFERROR(_xlfn.XLOOKUP($AI6, 'MAG College Enrollment Forecast'!$A:$A, 'MAG College Enrollment Forecast'!$C:$C+'MAG College Enrollment Forecast'!$D:$D+'MAG College Enrollment Forecast'!$E:$E+'MAG College Enrollment Forecast'!$F:$F+'MAG College Enrollment Forecast'!$G:$G+'MAG College Enrollment Forecast'!$H:$H), (AM$72-AM5)/($AI$72-$AI5)*($AI6-$AI5)+AM5), TRUE, IFERROR(_xlfn.XLOOKUP($AI6, 'USHE Projections'!$A:$A, IFERROR(_xlfn.XLOOKUP(AM$1, 'USHE Projections'!$A$1:$E$1, 'USHE Projections'!$A:$E), "NONE"), (AM$72-AM5)/($AI$72-$AI5)*($AI6-$AI5)+AM5), (AM$72-AM5)/($AI$72-$AI5)*($AI6-$AI5)+AM5) ) ) ) ), 0)} -> 19440 | AN6: {=ROUND( IF(AND(AN$1="Ensign", $AI6>=2021, $AI6<=2024), _xlfn.XLOOKUP($AI6, Ensign!$A$2:$A$12, Ensign!$B$2:$B$12), _xlfn.XLOOKUP($AI6, 'Historic (IPEDS & 2019 RTP)'!$A:$A, _xlfn.XLOOKUP(AN$1, 'Historic (IPEDS & 2019 RTP)'!$A$1:$H$1, 'Historic (IPEDS & 2019 RTP)'!$A:$H), IFERROR(_xlfn.XLOOKUP($AI6, 'USHE Historic'!$A$3:$A$13, _xlfn.XLOOKUP(AN$1, 'USHE Historic'!$A$2:$E$2, 'USHE Historic'!$A$3:$E$13)), _xlfn.IFS( AN$1="BYU", IFERROR(_xlfn.XLOOKUP($AI6, 'MAG College Enrollment Forecast'!$A:$A, 'MAG College Enrollment Forecast'!$B:$B), (AN$72-AN5)/($AI$72-$AI5)*($AI6-$AI5)+AN5), AN$1="UVU", IFERROR(_xlfn.XLOOKUP($AI6, 'MAG College Enrollment Forecast'!$A:$A, 'MAG College Enrollment Forecast'!$C:$C+'MAG College Enrollment Forecast'!$D:$D+'MAG College Enrollment Forecast'!$E:$E+'MAG College Enrollment Forecast'!$F:$F+'MAG College Enrollment Forecast'!$G:$G+'MAG College Enrollment Forecast'!$H:$H), (AN$72-AN5)/($AI$72-$AI5)*($AI6-$AI5)+AN5), TRUE, IFERROR(_xlfn.XLOOKUP($AI6, 'USHE Projections'!$A:$A, IFERROR(_xlfn.XLOOKUP(AN$1, 'USHE Projections'!$A$1:$E$1, 'USHE Projections'!$A:$E), "NONE"), (AN$72-AN5)/($AI$72-$AI5)*($AI6-$AI5)+AN5), (AN$72-AN5)/($AI$72-$AI5)*($AI6-$AI5)+AN5) ) ) ) ), 0)} -> 30413 | AO6: {=ROUND( IF(AND(AO$1="Ensign", $AI6>=2021, $AI6<=2024), _xlfn.XLOOKUP($AI6, Ensign!$A$2:$A$12, Ensign!$B$2:$B$12), _xlfn.XLOOKUP($AI6, 'Historic (IPEDS & 2019 RTP)'!$A:$A, _xlfn.XLOOKUP(AO$1, 'Historic (IPEDS & 2019 RTP)'!$A$1:$H$1, 'Historic (IPEDS & 2019 RTP)'!$A:$H), IFERROR(_xlfn.XLOOKUP($AI6, 'USHE Historic'!$A$3:$A$13, _xlfn.XLOOKUP(AO$1, 'USHE Historic'!$A$2:$E$2, 'USHE Historic'!$A$3:$E$13)), _xlfn.IFS( AO$1="BYU", IFERROR(_xlfn.XLOOKUP($AI6, 'MAG College Enrollment Forecast'!$A:$A, 'MAG College Enrollment Forecast'!$B:$B), (AO$72-AO5)/($AI$72-$AI5)*($AI6-$AI5)+AO5), AO$1="UVU", IFERROR(_xlfn.XLOOKUP($AI6, 'MAG College Enrollment Forecast'!$A:$A, 'MAG College Enrollment Forecast'!$C:$C+'MAG College Enrollment Forecast'!$D:$D+'MAG College Enrollment Forecast'!$E:$E+'MAG College Enrollment Forecast'!$F:$F+'MAG College Enrollment Forecast'!$G:$G+'MAG College Enrollment Forecast'!$H:$H), (AO$72-AO5)/($AI$72-$AI5)*($AI6-$AI5)+AO5), TRUE, IFERROR(_xlfn.XLOOKUP($AI6, 'USHE Projections'!$A:$A, IFERROR(_xlfn.XLOOKUP(AO$1, 'USHE Projections'!$A$1:$E$1, 'USHE Projections'!$A:$E), "NONE"), (AO$72-AO5)/($AI$72-$AI5)*($AI6-$AI5)+AO5), (AO$72-AO5)/($AI$72-$AI5)*($AI6-$AI5)+AO5) ) ) ) ), 0)} -> 0 | AP6: {=ROUND( IF(AND(AP$1="Ensign", $AI6>=2021, $AI6<=2024), _xlfn.XLOOKUP($AI6, Ensign!$A$2:$A$12, Ensign!$B$2:$B$12), _xlfn.XLOOKUP($AI6, 'Historic (IPEDS & 2019 RTP)'!$A:$A, _xlfn.XLOOKUP(AP$1, 'Historic (IPEDS & 2019 RTP)'!$A$1:$H$1, 'Historic (IPEDS & 2019 RTP)'!$A:$H), IFERROR(_xlfn.XLOOKUP($AI6, 'USHE Historic'!$A$3:$A$13, _xlfn.XLOOKUP(AP$1, 'USHE Historic'!$A$2:$E$2, 'USHE Historic'!$A$3:$E$13)), _xlfn.IFS( AP$1="BYU", IFERROR(_xlfn.XLOOKUP($AI6, 'MAG College Enrollment Forecast'!$A:$A, 'MAG College Enrollment Forecast'!$B:$B), (AP$72-AP5)/($AI$72-$AI5)*($AI6-$AI5)+AP5), AP$1="UVU", IFERROR(_xlfn.XLOOKUP($AI6, 'MAG College Enrollment Forecast'!$A:$A, 'MAG College Enrollment Forecast'!$C:$C+'MAG College Enrollment Forecast'!$D:$D+'MAG College Enrollment Forecast'!$E:$E+'MAG College Enrollment Forecast'!$F:$F+'MAG College Enrollment Forecast'!$G:$G+'MAG College Enrollment Forecast'!$H:$H), (AP$72-AP5)/($AI$72-$AI5)*($AI6-$AI5)+AP5), TRUE, IFERROR(_xlfn.XLOOKUP($AI6, 'USHE Projections'!$A:$A, IFERROR(_xlfn.XLOOKUP(AP$1, 'USHE Projections'!$A$1:$E$1, 'USHE Projections'!$A:$E), "NONE"), (AP$72-AP5)/($AI$72-$AI5)*($AI6-$AI5)+AP5), (AP$72-AP5)/($AI$72-$AI5)*($AI6-$AI5)+AP5) ) ) ) ), 0)} -> 0
AI7: 1995 | AJ7: {=ROUND( IF(AND(AJ$1="Ensign", $AI7>=2021, $AI7<=2024), _xlfn.XLOOKUP($AI7, Ensign!$A$2:$A$12, Ensign!$B$2:$B$12), _xlfn.XLOOKUP($AI7, 'Historic (IPEDS & 2019 RTP)'!$A:$A, _xlfn.XLOOKUP(AJ$1, 'Historic (IPEDS & 2019 RTP)'!$A$1:$H$1, 'Historic (IPEDS & 2019 RTP)'!$A:$H), IFERROR(_xlfn.XLOOKUP($AI7, 'USHE Historic'!$A$3:$A$13, _xlfn.XLOOKUP(AJ$1, 'USHE Historic'!$A$2:$E$2, 'USHE Historic'!$A$3:$E$13)), _xlfn.IFS( AJ$1="BYU", IFERROR(_xlfn.XLOOKUP($AI7, 'MAG College Enrollment Forecast'!$A:$A, 'MAG College Enrollment Forecast'!$B:$B), (AJ$72-AJ6)/($AI$72-$AI6)*($AI7-$AI6)+AJ6), AJ$1="UVU", IFERROR(_xlfn.XLOOKUP($AI7, 'MAG College Enrollment Forecast'!$A:$A, 'MAG College Enrollment Forecast'!$C:$C+'MAG College Enrollment Forecast'!$D:$D+'MAG College Enrollment Forecast'!$E:$E+'MAG College Enrollment Forecast'!$F:$F+'MAG College Enrollment Forecast'!$G:$G+'MAG College Enrollment Forecast'!$H:$H), (AJ$72-AJ6)/($AI$72-$AI6)*($AI7-$AI6)+AJ6), TRUE, IFERROR(_xlfn.XLOOKUP($AI7, 'USHE Projections'!$A:$A, IFERROR(_xlfn.XLOOKUP(AJ$1, 'USHE Projections'!$A$1:$E$1, 'USHE Projections'!$A:$E), "NONE"), (AJ$72-AJ6)/($AI$72-$AI6)*($AI7-$AI6)+AJ6), (AJ$72-AJ6)/($AI$72-$AI6)*($AI7-$AI6)+AJ6) ) ) ) ), 0)} -> 26810 | AK7: {=ROUND( IF(AND(AK$1="Ensign", $AI7>=2021, $AI7<=2024), _xlfn.XLOOKUP($AI7, Ensign!$A$2:$A$12, Ensign!$B$2:$B$12), _xlfn.XLOOKUP($AI7, 'Historic (IPEDS & 2019 RTP)'!$A:$A, _xlfn.XLOOKUP(AK$1, 'Historic (IPEDS & 2019 RTP)'!$A$1:$H$1, 'Historic (IPEDS & 2019 RTP)'!$A:$H), IFERROR(_xlfn.XLOOKUP($AI7, 'USHE Historic'!$A$3:$A$13, _xlfn.XLOOKUP(AK$1, 'USHE Historic'!$A$2:$E$2, 'USHE Historic'!$A$3:$E$13)), _xlfn.IFS( AK$1="BYU", IFERROR(_xlfn.XLOOKUP($AI7, 'MAG College Enrollment Forecast'!$A:$A, 'MAG College Enrollment Forecast'!$B:$B), (AK$72-AK6)/($AI$72-$AI6)*($AI7-$AI6)+AK6), AK$1="UVU", IFERROR(_xlfn.XLOOKUP($AI7, 'MAG College Enrollment Forecast'!$A:$A, 'MAG College Enrollment Forecast'!$C:$C+'MAG College Enrollment Forecast'!$D:$D+'MAG College Enrollment Forecast'!$E:$E+'MAG College Enrollment Forecast'!$F:$F+'MAG College Enrollment Forecast'!$G:$G+'MAG College Enrollment Forecast'!$H:$H), (AK$72-AK6)/($AI$72-$AI6)*($AI7-$AI6)+AK6), TRUE, IFERROR(_xlfn.XLOOKUP($AI7, 'USHE Projections'!$A:$A, IFERROR(_xlfn.XLOOKUP(AK$1, 'USHE Projections'!$A$1:$E$1, 'USHE Projections'!$A:$E), "NONE"), (AK$72-AK6)/($AI$72-$AI6)*($AI7-$AI6)+AK6), (AK$72-AK6)/($AI$72-$AI6)*($AI7-$AI6)+AK6) ) ) ) ), 0)} -> 13996 | AL7: {=ROUND( IF(AND(AL$1="Ensign", $AI7>=2021, $AI7<=2024), _xlfn.XLOOKUP($AI7, Ensign!$A$2:$A$12, Ensign!$B$2:$B$12), _xlfn.XLOOKUP($AI7, 'Historic (IPEDS & 2019 RTP)'!$A:$A, _xlfn.XLOOKUP(AL$1, 'Historic (IPEDS & 2019 RTP)'!$A$1:$H$1, 'Historic (IPEDS & 2019 RTP)'!$A:$H), IFERROR(_xlfn.XLOOKUP($AI7, 'USHE Historic'!$A$3:$A$13, _xlfn.XLOOKUP(AL$1, 'USHE Historic'!$A$2:$E$2, 'USHE Historic'!$A$3:$E$13)), _xlfn.IFS( AL$1="BYU", IFERROR(_xlfn.XLOOKUP($AI7, 'MAG College Enrollment Forecast'!$A:$A, 'MAG College Enrollment Forecast'!$B:$B), (AL$72-AL6)/($AI$72-$AI6)*($AI7-$AI6)+AL6), AL$1="UVU", IFERROR(_xlfn.XLOOKUP($AI7, 'MAG College Enrollment Forecast'!$A:$A, 'MAG College Enrollment Forecast'!$C:$C+'MAG College Enrollment Forecast'!$D:$D+'MAG College Enrollment Forecast'!$E:$E+'MAG College Enrollment Forecast'!$F:$F+'MAG College Enrollment Forecast'!$G:$G+'MAG College Enrollment Forecast'!$H:$H), (AL$72-AL6)/($AI$72-$AI6)*($AI7-$AI6)+AL6), TRUE, IFERROR(_xlfn.XLOOKUP($AI7, 'USHE Projections'!$A:$A, IFERROR(_xlfn.XLOOKUP(AL$1, 'USHE Projections'!$A$1:$E$1, 'USHE Projections'!$A:$E), "NONE"), (AL$72-AL6)/($AI$72-$AI6)*($AI7-$AI6)+AL6), (AL$72-AL6)/($AI$72-$AI6)*($AI7-$AI6)+AL6) ) ) ) ), 0)} -> 14040 | AM7: {=ROUND( IF(AND(AM$1="Ensign", $AI7>=2021, $AI7<=2024), _xlfn.XLOOKUP($AI7, Ensign!$A$2:$A$12, Ensign!$B$2:$B$12), _xlfn.XLOOKUP($AI7, 'Historic (IPEDS & 2019 RTP)'!$A:$A, _xlfn.XLOOKUP(AM$1, 'Historic (IPEDS & 2019 RTP)'!$A$1:$H$1, 'Historic (IPEDS & 2019 RTP)'!$A:$H), IFERROR(_xlfn.XLOOKUP($AI7, 'USHE Historic'!$A$3:$A$13, _xlfn.XLOOKUP(AM$1, 'USHE Historic'!$A$2:$E$2, 'USHE Historic'!$A$3:$E$13)), _xlfn.IFS( AM$1="BYU", IFERROR(_xlfn.XLOOKUP($AI7, 'MAG College Enrollment Forecast'!$A:$A, 'MAG College Enrollment Forecast'!$B:$B), (AM$72-AM6)/($AI$72-$AI6)*($AI7-$AI6)+AM6), AM$1="UVU", IFERROR(_xlfn.XLOOKUP($AI7, 'MAG College Enrollment Forecast'!$A:$A, 'MAG College Enrollment Forecast'!$C:$C+'MAG College Enrollment Forecast'!$D:$D+'MAG College Enrollment Forecast'!$E:$E+'MAG College Enrollment Forecast'!$F:$F+'MAG College Enrollment Forecast'!$G:$G+'MAG College Enrollment Forecast'!$H:$H), (AM$72-AM6)/($AI$72-$AI6)*($AI7-$AI6)+AM6), TRUE, IFERROR(_xlfn.XLOOKUP($AI7, 'USHE Projections'!$A:$A, IFERROR(_xlfn.XLOOKUP(AM$1, 'USHE Projections'!$A$1:$E$1, 'USHE Projections'!$A:$E), "NONE"), (AM$72-AM6)/($AI$72-$AI6)*($AI7-$AI6)+AM6), (AM$72-AM6)/($AI$72-$AI6)*($AI7-$AI6)+AM6) ) ) ) ), 0)} -> 20834 | AN7: {=ROUND( IF(AND(AN$1="Ensign", $AI7>=2021, $AI7<=2024), _xlfn.XLOOKUP($AI7, Ensign!$A$2:$A$12, Ensign!$B$2:$B$12), _xlfn.XLOOKUP($AI7, 'Historic (IPEDS & 2019 RTP)'!$A:$A, _xlfn.XLOOKUP(AN$1, 'Historic (IPEDS & 2019 RTP)'!$A$1:$H$1, 'Historic (IPEDS & 2019 RTP)'!$A:$H), IFERROR(_xlfn.XLOOKUP($AI7, 'USHE Historic'!$A$3:$A$13, _xlfn.XLOOKUP(AN$1, 'USHE Historic'!$A$2:$E$2, 'USHE Historic'!$A$3:$E$13)), _xlfn.IFS( AN$1="BYU", IFERROR(_xlfn.XLOOKUP($AI7, 'MAG College Enrollment Forecast'!$A:$A, 'MAG College Enrollment Forecast'!$B:$B), (AN$72-AN6)/($AI$72-$AI6)*($AI7-$AI6)+AN6), AN$1="UVU", IFERROR(_xlfn.XLOOKUP($AI7, 'MAG College Enrollment Forecast'!$A:$A, 'MAG College Enrollment Forecast'!$C:$C+'MAG College Enrollment Forecast'!$D:$D+'MAG College Enrollment Forecast'!$E:$E+'MAG College Enrollment Forecast'!$F:$F+'MAG College Enrollment Forecast'!$G:$G+'MAG College Enrollment Forecast'!$H:$H), (AN$72-AN6)/($AI$72-$AI6)*($AI7-$AI6)+AN6), TRUE, IFERROR(_xlfn.XLOOKUP($AI7, 'USHE Projections'!$A:$A, IFERROR(_xlfn.XLOOKUP(AN$1, 'USHE Projections'!$A$1:$E$1, 'USHE Projections'!$A:$E), "NONE"), (AN$72-AN6)/($AI$72-$AI6)*($AI7-$AI6)+AN6), (AN$72-AN6)/($AI$72-$AI6)*($AI7-$AI6)+AN6) ) ) ) ), 0)} -> 30465 | AO7: {=ROUND( IF(AND(AO$1="Ensign", $AI7>=2021, $AI7<=2024), _xlfn.XLOOKUP($AI7, Ensign!$A$2:$A$12, Ensign!$B$2:$B$12), _xlfn.XLOOKUP($AI7, 'Historic (IPEDS & 2019 RTP)'!$A:$A, _xlfn.XLOOKUP(AO$1, 'Historic (IPEDS & 2019 RTP)'!$A$1:$H$1, 'Historic (IPEDS & 2019 RTP)'!$A:$H), IFERROR(_xlfn.XLOOKUP($AI7, 'USHE Historic'!$A$3:$A$13, _xlfn.XLOOKUP(AO$1, 'USHE Historic'!$A$2:$E$2, 'USHE Historic'!$A$3:$E$13)), _xlfn.IFS( AO$1="BYU", IFERROR(_xlfn.XLOOKUP($AI7, 'MAG College Enrollment Forecast'!$A:$A, 'MAG College Enrollment Forecast'!$B:$B), (AO$72-AO6)/($AI$72-$AI6)*($AI7-$AI6)+AO6), AO$1="UVU", IFERROR(_xlfn.XLOOKUP($AI7, 'MAG College Enrollment Forecast'!$A:$A, 'MAG College Enrollment Forecast'!$C:$C+'MAG College Enrollment Forecast'!$D:$D+'MAG College Enrollment Forecast'!$E:$E+'MAG College Enrollment Forecast'!$F:$F+'MAG College Enrollment Forecast'!$G:$G+'MAG College Enrollment Forecast'!$H:$H), (AO$72-AO6)/($AI$72-$AI6)*($AI7-$AI6)+AO6), TRUE, IFERROR(_xlfn.XLOOKUP($AI7, 'USHE Projections'!$A:$A, IFERROR(_xlfn.XLOOKUP(AO$1, 'USHE Projections'!$A$1:$E$1, 'USHE Projections'!$A:$E), "NONE"), (AO$72-AO6)/($AI$72-$AI6)*($AI7-$AI6)+AO6), (AO$72-AO6)/($AI$72-$AI6)*($AI7-$AI6)+AO6) ) ) ) ), 0)} -> 0 | AP7: {=ROUND( IF(AND(AP$1="Ensign", $AI7>=2021, $AI7<=2024), _xlfn.XLOOKUP($AI7, Ensign!$A$2:$A$12, Ensign!$B$2:$B$12), _xlfn.XLOOKUP($AI7, 'Historic (IPEDS & 2019 RTP)'!$A:$A, _xlfn.XLOOKUP(AP$1, 'Historic (IPEDS & 2019 RTP)'!$A$1:$H$1, 'Historic (IPEDS & 2019 RTP)'!$A:$H), IFERROR(_xlfn.XLOOKUP($AI7, 'USHE Historic'!$A$3:$A$13, _xlfn.XLOOKUP(AP$1, 'USHE Historic'!$A$2:$E$2, 'USHE Historic'!$A$3:$E$13)), _xlfn.IFS( AP$1="BYU", IFERROR(_xlfn.XLOOKUP($AI7, 'MAG College Enrollment Forecast'!$A:$A, 'MAG College Enrollment Forecast'!$B:$B), (AP$72-AP6)/($AI$72-$AI6)*($AI7-$AI6)+AP6), AP$1="UVU", IFERROR(_xlfn.XLOOKUP($AI7, 'MAG College Enrollment Forecast'!$A:$A, 'MAG College Enrollment Forecast'!$C:$C+'MAG College Enrollment Forecast'!$D:$D+'MAG College Enrollment Forecast'!$E:$E+'MAG College Enrollment Forecast'!$F:$F+'MAG College Enrollment Forecast'!$G:$G+'MAG College Enrollment Forecast'!$H:$H), (AP$72-AP6)/($AI$72-$AI6)*($AI7-$AI6)+AP6), TRUE, IFERROR(_xlfn.XLOOKUP($AI7, 'USHE Projections'!$A:$A, IFERROR(_xlfn.XLOOKUP(AP$1, 'USHE Projections'!$A$1:$E$1, 'USHE Projections'!$A:$E), "NONE"), (AP$72-AP6)/($AI$72-$AI6)*($AI7-$AI6)+AP6), (AP$72-AP6)/($AI$72-$AI6)*($AI7-$AI6)+AP6) ) ) ) ), 0)} -> 0
AI8: 1996 | AJ8: {=ROUND( IF(AND(AJ$1="Ensign", $AI8>=2021, $AI8<=2024), _xlfn.XLOOKUP($AI8, Ensign!$A$2:$A$12, Ensign!$B$2:$B$12), _xlfn.XLOOKUP($AI8, 'Historic (IPEDS & 2019 RTP)'!$A:$A, _xlfn.XLOOKUP(AJ$1, 'Historic (IPEDS & 2019 RTP)'!$A$1:$H$1, 'Historic (IPEDS & 2019 RTP)'!$A:$H), IFERROR(_xlfn.XLOOKUP($AI8, 'USHE Historic'!$A$3:$A$13, _xlfn.XLOOKUP(AJ$1, 'USHE Historic'!$A$2:$E$2, 'USHE Historic'!$A$3:$E$13)), _xlfn.IFS( AJ$1="BYU", IFERROR(_xlfn.XLOOKUP($AI8, 'MAG College Enrollment Forecast'!$A:$A, 'MAG College Enrollment Forecast'!$B:$B), (AJ$72-AJ7)/($AI$72-$AI7)*($AI8-$AI7)+AJ7), AJ$1="UVU", IFERROR(_xlfn.XLOOKUP($AI8, 'MAG College Enrollment Forecast'!$A:$A, 'MAG College Enrollment Forecast'!$C:$C+'MAG College Enrollment Forecast'!$D:$D+'MAG College Enrollment Forecast'!$E:$E+'MAG College Enrollment Forecast'!$F:$F+'MAG College Enrollment Forecast'!$G:$G+'MAG College Enrollment Forecast'!$H:$H), (AJ$72-AJ7)/($AI$72-$AI7)*($AI8-$AI7)+AJ7), TRUE, IFERROR(_xlfn.XLOOKUP($AI8, 'USHE Projections'!$A:$A, IFERROR(_xlfn.XLOOKUP(AJ$1, 'USHE Projections'!$A$1:$E$1, 'USHE Projections'!$A:$E), "NONE"), (AJ$72-AJ7)/($AI$72-$AI7)*($AI8-$AI7)+AJ7), (AJ$72-AJ7)/($AI$72-$AI7)*($AI8-$AI7)+AJ7) ) ) ) ), 0)} -> 26079 | AK8: {=ROUND( IF(AND(AK$1="Ensign", $AI8>=2021, $AI8<=2024), _xlfn.XLOOKUP($AI8, Ensign!$A$2:$A$12, Ensign!$B$2:$B$12), _xlfn.XLOOKUP($AI8, 'Historic (IPEDS & 2019 RTP)'!$A:$A, _xlfn.XLOOKUP(AK$1, 'Historic (IPEDS & 2019 RTP)'!$A$1:$H$1, 'Historic (IPEDS & 2019 RTP)'!$A:$H), IFERROR(_xlfn.XLOOKUP($AI8, 'USHE Historic'!$A$3:$A$13, _xlfn.XLOOKUP(AK$1, 'USHE Historic'!$A$2:$E$2, 'USHE Historic'!$A$3:$E$13)), _xlfn.IFS( AK$1="BYU", IFERROR(_xlfn.XLOOKUP($AI8, 'MAG College Enrollment Forecast'!$A:$A, 'MAG College Enrollment Forecast'!$B:$B), (AK$72-AK7)/($AI$72-$AI7)*($AI8-$AI7)+AK7), AK$1="UVU", IFERROR(_xlfn.XLOOKUP($AI8, 'MAG College Enrollment Forecast'!$A:$A, 'MAG College Enrollment Forecast'!$C:$C+'MAG College Enrollment Forecast'!$D:$D+'MAG College Enrollment Forecast'!$E:$E+'MAG College Enrollment Forecast'!$F:$F+'MAG College Enrollment Forecast'!$G:$G+'MAG College Enrollment Forecast'!$H:$H), (AK$72-AK7)/($AI$72-$AI7)*($AI8-$AI7)+AK7), TRUE, IFERROR(_xlfn.XLOOKUP($AI8, 'USHE Projections'!$A:$A, IFERROR(_xlfn.XLOOKUP(AK$1, 'USHE Projections'!$A$1:$E$1, 'USHE Projections'!$A:$E), "NONE"), (AK$72-AK7)/($AI$72-$AI7)*($AI8-$AI7)+AK7), (AK$72-AK7)/($AI$72-$AI7)*($AI8-$AI7)+AK7) ) ) ) ), 0)} -> 13906 | AL8: {=ROUND( IF(AND(AL$1="Ensign", $AI8>=2021, $AI8<=2024), _xlfn.XLOOKUP($AI8, Ensign!$A$2:$A$12, Ensign!$B$2:$B$12), _xlfn.XLOOKUP($AI8, 'Historic (IPEDS & 2019 RTP)'!$A:$A, _xlfn.XLOOKUP(AL$1, 'Historic (IPEDS & 2019 RTP)'!$A$1:$H$1, 'Historic (IPEDS & 2019 RTP)'!$A:$H), IFERROR(_xlfn.XLOOKUP($AI8, 'USHE Historic'!$A$3:$A$13, _xlfn.XLOOKUP(AL$1, 'USHE Historic'!$A$2:$E$2, 'USHE Historic'!$A$3:$E$13)), _xlfn.IFS( AL$1="BYU", IFERROR(_xlfn.XLOOKUP($AI8, 'MAG College Enrollment Forecast'!$A:$A, 'MAG College Enrollment Forecast'!$B:$B), (AL$72-AL7)/($AI$72-$AI7)*($AI8-$AI7)+AL7), AL$1="UVU", IFERROR(_xlfn.XLOOKUP($AI8, 'MAG College Enrollment Forecast'!$A:$A, 'MAG College Enrollment Forecast'!$C:$C+'MAG College Enrollment Forecast'!$D:$D+'MAG College Enrollment Forecast'!$E:$E+'MAG College Enrollment Forecast'!$F:$F+'MAG College Enrollment Forecast'!$G:$G+'MAG College Enrollment Forecast'!$H:$H), (AL$72-AL7)/($AI$72-$AI7)*($AI8-$AI7)+AL7), TRUE, IFERROR(_xlfn.XLOOKUP($AI8, 'USHE Projections'!$A:$A, IFERROR(_xlfn.XLOOKUP(AL$1, 'USHE Projections'!$A$1:$E$1, 'USHE Projections'!$A:$E), "NONE"), (AL$72-AL7)/($AI$72-$AI7)*($AI8-$AI7)+AL7), (AL$72-AL7)/($AI$72-$AI7)*($AI8-$AI7)+AL7) ) ) ) ), 0)} -> 14756 | AM8: {=ROUND( IF(AND(AM$1="Ensign", $AI8>=2021, $AI8<=2024), _xlfn.XLOOKUP($AI8, Ensign!$A$2:$A$12, Ensign!$B$2:$B$12), _xlfn.XLOOKUP($AI8, 'Historic (IPEDS & 2019 RTP)'!$A:$A, _xlfn.XLOOKUP(AM$1, 'Historic (IPEDS & 2019 RTP)'!$A$1:$H$1, 'Historic (IPEDS & 2019 RTP)'!$A:$H), IFERROR(_xlfn.XLOOKUP($AI8, 'USHE Historic'!$A$3:$A$13, _xlfn.XLOOKUP(AM$1, 'USHE Historic'!$A$2:$E$2, 'USHE Historic'!$A$3:$E$13)), _xlfn.IFS( AM$1="BYU", IFERROR(_xlfn.XLOOKUP($AI8, 'MAG College Enrollment Forecast'!$A:$A, 'MAG College Enrollment Forecast'!$B:$B), (AM$72-AM7)/($AI$72-$AI7)*($AI8-$AI7)+AM7), AM$1="UVU", IFERROR(_xlfn.XLOOKUP($AI8, 'MAG College Enrollment Forecast'!$A:$A, 'MAG College Enrollment Forecast'!$C:$C+'MAG College Enrollment Forecast'!$D:$D+'MAG College Enrollment Forecast'!$E:$E+'MAG College Enrollment Forecast'!$F:$F+'MAG College Enrollment Forecast'!$G:$G+'MAG College Enrollment Forecast'!$H:$H), (AM$72-AM7)/($AI$72-$AI7)*($AI8-$AI7)+AM7), TRUE, IFERROR(_xlfn.XLOOKUP($AI8, 'USHE Projections'!$A:$A, IFERROR(_xlfn.XLOOKUP(AM$1, 'USHE Projections'!$A$1:$E$1, 'USHE Projections'!$A:$E), "NONE"), (AM$72-AM7)/($AI$72-$AI7)*($AI8-$AI7)+AM7), (AM$72-AM7)/($AI$72-$AI7)*($AI8-$AI7)+AM7) ) ) ) ), 0)} -> 22394 | AN8: {=ROUND( IF(AND(AN$1="Ensign", $AI8>=2021, $AI8<=2024), _xlfn.XLOOKUP($AI8, Ensign!$A$2:$A$12, Ensign!$B$2:$B$12), _xlfn.XLOOKUP($AI8, 'Historic (IPEDS & 2019 RTP)'!$A:$A, _xlfn.XLOOKUP(AN$1, 'Historic (IPEDS & 2019 RTP)'!$A$1:$H$1, 'Historic (IPEDS & 2019 RTP)'!$A:$H), IFERROR(_xlfn.XLOOKUP($AI8, 'USHE Historic'!$A$3:$A$13, _xlfn.XLOOKUP(AN$1, 'USHE Historic'!$A$2:$E$2, 'USHE Historic'!$A$3:$E$13)), _xlfn.IFS( AN$1="BYU", IFERROR(_xlfn.XLOOKUP($AI8, 'MAG College Enrollment Forecast'!$A:$A, 'MAG College Enrollment Forecast'!$B:$B), (AN$72-AN7)/($AI$72-$AI7)*($AI8-$AI7)+AN7), AN$1="UVU", IFERROR(_xlfn.XLOOKUP($AI8, 'MAG College Enrollment Forecast'!$A:$A, 'MAG College Enrollment Forecast'!$C:$C+'MAG College Enrollment Forecast'!$D:$D+'MAG College Enrollment Forecast'!$E:$E+'MAG College Enrollment Forecast'!$F:$F+'MAG College Enrollment Forecast'!$G:$G+'MAG College Enrollment Forecast'!$H:$H), (AN$72-AN7)/($AI$72-$AI7)*($AI8-$AI7)+AN7), TRUE, IFERROR(_xlfn.XLOOKUP($AI8, 'USHE Projections'!$A:$A, IFERROR(_xlfn.XLOOKUP(AN$1, 'USHE Projections'!$A$1:$E$1, 'USHE Projections'!$A:$E), "NONE"), (AN$72-AN7)/($AI$72-$AI7)*($AI8-$AI7)+AN7), (AN$72-AN7)/($AI$72-$AI7)*($AI8-$AI7)+AN7) ) ) ) ), 0)} -> 30563 | AO8: {=ROUND( IF(AND(AO$1="Ensign", $AI8>=2021, $AI8<=2024), _xlfn.XLOOKUP($AI8, Ensign!$A$2:$A$12, Ensign!$B$2:$B$12), _xlfn.XLOOKUP($AI8, 'Historic (IPEDS & 2019 RTP)'!$A:$A, _xlfn.XLOOKUP(AO$1, 'Historic (IPEDS & 2019 RTP)'!$A$1:$H$1, 'Historic (IPEDS & 2019 RTP)'!$A:$H), IFERROR(_xlfn.XLOOKUP($AI8, 'USHE Historic'!$A$3:$A$13, _xlfn.XLOOKUP(AO$1, 'USHE Historic'!$A$2:$E$2, 'USHE Historic'!$A$3:$E$13)), _xlfn.IFS( AO$1="BYU", IFERROR(_xlfn.XLOOKUP($AI8, 'MAG College Enrollment Forecast'!$A:$A, 'MAG College Enrollment Forecast'!$B:$B), (AO$72-AO7)/($AI$72-$AI7)*($AI8-$AI7)+AO7), AO$1="UVU", IFERROR(_xlfn.XLOOKUP($AI8, 'MAG College Enrollment Forecast'!$A:$A, 'MAG College Enrollment Forecast'!$C:$C+'MAG College Enrollment Forecast'!$D:$D+'MAG College Enrollment Forecast'!$E:$E+'MAG College Enrollment Forecast'!$F:$F+'MAG College Enrollment Forecast'!$G:$G+'MAG College Enrollment Forecast'!$H:$H), (AO$72-AO7)/($AI$72-$AI7)*($AI8-$AI7)+AO7), TRUE, IFERROR(_xlfn.XLOOKUP($AI8, 'USHE Projections'!$A:$A, IFERROR(_xlfn.XLOOKUP(AO$1, 'USHE Projections'!$A$1:$E$1, 'USHE Projections'!$A:$E), "NONE"), (AO$72-AO7)/($AI$72-$AI7)*($AI8-$AI7)+AO7), (AO$72-AO7)/($AI$72-$AI7)*($AI8-$AI7)+AO7) ) ) ) ), 0)} -> 0 | AP8: {=ROUND( IF(AND(AP$1="Ensign", $AI8>=2021, $AI8<=2024), _xlfn.XLOOKUP($AI8, Ensign!$A$2:$A$12, Ensign!$B$2:$B$12), _xlfn.XLOOKUP($AI8, 'Historic (IPEDS & 2019 RTP)'!$A:$A, _xlfn.XLOOKUP(AP$1, 'Historic (IPEDS & 2019 RTP)'!$A$1:$H$1, 'Historic (IPEDS & 2019 RTP)'!$A:$H), IFERROR(_xlfn.XLOOKUP($AI8, 'USHE Historic'!$A$3:$A$13, _xlfn.XLOOKUP(AP$1, 'USHE Historic'!$A$2:$E$2, 'USHE Historic'!$A$3:$E$13)), _xlfn.IFS( AP$1="BYU", IFERROR(_xlfn.XLOOKUP($AI8, 'MAG College Enrollment Forecast'!$A:$A, 'MAG College Enrollment Forecast'!$B:$B), (AP$72-AP7)/($AI$72-$AI7)*($AI8-$AI7)+AP7), AP$1="UVU", IFERROR(_xlfn.XLOOKUP($AI8, 'MAG College Enrollment Forecast'!$A:$A, 'MAG College Enrollment Forecast'!$C:$C+'MAG College Enrollment Forecast'!$D:$D+'MAG College Enrollment Forecast'!$E:$E+'MAG College Enrollment Forecast'!$F:$F+'MAG College Enrollment Forecast'!$G:$G+'MAG College Enrollment Forecast'!$H:$H), (AP$72-AP7)/($AI$72-$AI7)*($AI8-$AI7)+AP7), TRUE, IFERROR(_xlfn.XLOOKUP($AI8, 'USHE Projections'!$A:$A, IFERROR(_xlfn.XLOOKUP(AP$1, 'USHE Projections'!$A$1:$E$1, 'USHE Projections'!$A:$E), "NONE"), (AP$72-AP7)/($AI$72-$AI7)*($AI8-$AI7)+AP7), (AP$72-AP7)/($AI$72-$AI7)*($AI8-$AI7)+AP7) ) ) ) ), 0)} -> 0
AI9: 1997 | AJ9: {=ROUND( IF(AND(AJ$1="Ensign", $AI9>=2021, $AI9<=2024), _xlfn.XLOOKUP($AI9, Ensign!$A$2:$A$12, Ensign!$B$2:$B$12), _xlfn.XLOOKUP($AI9, 'Historic (IPEDS & 2019 RTP)'!$A:$A, _xlfn.XLOOKUP(AJ$1, 'Historic (IPEDS & 2019 RTP)'!$A$1:$H$1, 'Historic (IPEDS & 2019 RTP)'!$A:$H), IFERROR(_xlfn.XLOOKUP($AI9, 'USHE Historic'!$A$3:$A$13, _xlfn.XLOOKUP(AJ$1, 'USHE Historic'!$A$2:$E$2, 'USHE Historic'!$A$3:$E$13)), _xlfn.IFS( AJ$1="BYU", IFERROR(_xlfn.XLOOKUP($AI9, 'MAG College Enrollment Forecast'!$A:$A, 'MAG College Enrollment Forecast'!$B:$B), (AJ$72-AJ8)/($AI$72-$AI8)*($AI9-$AI8)+AJ8), AJ$1="UVU", IFERROR(_xlfn.XLOOKUP($AI9, 'MAG College Enrollment Forecast'!$A:$A, 'MAG College Enrollment Forecast'!$C:$C+'MAG College Enrollment Forecast'!$D:$D+'MAG College Enrollment Forecast'!$E:$E+'MAG College Enrollment Forecast'!$F:$F+'MAG College Enrollment Forecast'!$G:$G+'MAG College Enrollment Forecast'!$H:$H), (AJ$72-AJ8)/($AI$72-$AI8)*($AI9-$AI8)+AJ8), TRUE, IFERROR(_xlfn.XLOOKUP($AI9, 'USHE Projections'!$A:$A, IFERROR(_xlfn.XLOOKUP(AJ$1, 'USHE Projections'!$A$1:$E$1, 'USHE Projections'!$A:$E), "NONE"), (AJ$72-AJ8)/($AI$72-$AI8)*($AI9-$AI8)+AJ8), (AJ$72-AJ8)/($AI$72-$AI8)*($AI9-$AI8)+AJ8) ) ) ) ), 0)} -> 25895 | AK9: {=ROUND( IF(AND(AK$1="Ensign", $AI9>=2021, $AI9<=2024), _xlfn.XLOOKUP($AI9, Ensign!$A$2:$A$12, Ensign!$B$2:$B$12), _xlfn.XLOOKUP($AI9, 'Historic (IPEDS & 2019 RTP)'!$A:$A, _xlfn.XLOOKUP(AK$1, 'Historic (IPEDS & 2019 RTP)'!$A$1:$H$1, 'Historic (IPEDS & 2019 RTP)'!$A:$H), IFERROR(_xlfn.XLOOKUP($AI9, 'USHE Historic'!$A$3:$A$13, _xlfn.XLOOKUP(AK$1, 'USHE Historic'!$A$2:$E$2, 'USHE Historic'!$A$3:$E$13)), _xlfn.IFS( AK$1="BYU", IFERROR(_xlfn.XLOOKUP($AI9, 'MAG College Enrollment Forecast'!$A:$A, 'MAG College Enrollment Forecast'!$B:$B), (AK$72-AK8)/($AI$72-$AI8)*($AI9-$AI8)+AK8), AK$1="UVU", IFERROR(_xlfn.XLOOKUP($AI9, 'MAG College Enrollment Forecast'!$A:$A, 'MAG College Enrollment Forecast'!$C:$C+'MAG College Enrollment Forecast'!$D:$D+'MAG College Enrollment Forecast'!$E:$E+'MAG College Enrollment Forecast'!$F:$F+'MAG College Enrollment Forecast'!$G:$G+'MAG College Enrollment Forecast'!$H:$H), (AK$72-AK8)/($AI$72-$AI8)*($AI9-$AI8)+AK8), TRUE, IFERROR(_xlfn.XLOOKUP($AI9, 'USHE Projections'!$A:$A, IFERROR(_xlfn.XLOOKUP(AK$1, 'USHE Projections'!$A$1:$E$1, 'USHE Projections'!$A:$E), "NONE"), (AK$72-AK8)/($AI$72-$AI8)*($AI9-$AI8)+AK8), (AK$72-AK8)/($AI$72-$AI8)*($AI9-$AI8)+AK8) ) ) ) ), 0)} -> 14613 | AL9: {=ROUND( IF(AND(AL$1="Ensign", $AI9>=2021, $AI9<=2024), _xlfn.XLOOKUP($AI9, Ensign!$A$2:$A$12, Ensign!$B$2:$B$12), _xlfn.XLOOKUP($AI9, 'Historic (IPEDS & 2019 RTP)'!$A:$A, _xlfn.XLOOKUP(AL$1, 'Historic (IPEDS & 2019 RTP)'!$A$1:$H$1, 'Historic (IPEDS & 2019 RTP)'!$A:$H), IFERROR(_xlfn.XLOOKUP($AI9, 'USHE Historic'!$A$3:$A$13, _xlfn.XLOOKUP(AL$1, 'USHE Historic'!$A$2:$E$2, 'USHE Historic'!$A$3:$E$13)), _xlfn.IFS( AL$1="BYU", IFERROR(_xlfn.XLOOKUP($AI9, 'MAG College Enrollment Forecast'!$A:$A, 'MAG College Enrollment Forecast'!$B:$B), (AL$72-AL8)/($AI$72-$AI8)*($AI9-$AI8)+AL8), AL$1="UVU", IFERROR(_xlfn.XLOOKUP($AI9, 'MAG College Enrollment Forecast'!$A:$A, 'MAG College Enrollment Forecast'!$C:$C+'MAG College Enrollment Forecast'!$D:$D+'MAG College Enrollment Forecast'!$E:$E+'MAG College Enrollment Forecast'!$F:$F+'MAG College Enrollment Forecast'!$G:$G+'MAG College Enrollment Forecast'!$H:$H), (AL$72-AL8)/($AI$72-$AI8)*($AI9-$AI8)+AL8), TRUE, IFERROR(_xlfn.XLOOKUP($AI9, 'USHE Projections'!$A:$A, IFERROR(_xlfn.XLOOKUP(AL$1, 'USHE Projections'!$A$1:$E$1, 'USHE Projections'!$A:$E), "NONE"), (AL$72-AL8)/($AI$72-$AI8)*($AI9-$AI8)+AL8), (AL$72-AL8)/($AI$72-$AI8)*($AI9-$AI8)+AL8) ) ) ) ), 0)} -> 15994 | AM9: {=ROUND( IF(AND(AM$1="Ensign", $AI9>=2021, $AI9<=2024), _xlfn.XLOOKUP($AI9, Ensign!$A$2:$A$12, Ensign!$B$2:$B$12), _xlfn.XLOOKUP($AI9, 'Historic (IPEDS & 2019 RTP)'!$A:$A, _xlfn.XLOOKUP(AM$1, 'Historic (IPEDS & 2019 RTP)'!$A$1:$H$1, 'Historic (IPEDS & 2019 RTP)'!$A:$H), IFERROR(_xlfn.XLOOKUP($AI9, 'USHE Historic'!$A$3:$A$13, _xlfn.XLOOKUP(AM$1, 'USHE Historic'!$A$2:$E$2, 'USHE Historic'!$A$3:$E$13)), _xlfn.IFS( AM$1="BYU", IFERROR(_xlfn.XLOOKUP($AI9, 'MAG College Enrollment Forecast'!$A:$A, 'MAG College Enrollment Forecast'!$B:$B), (AM$72-AM8)/($AI$72-$AI8)*($AI9-$AI8)+AM8), AM$1="UVU", IFERROR(_xlfn.XLOOKUP($AI9, 'MAG College Enrollment Forecast'!$A:$A, 'MAG College Enrollment Forecast'!$C:$C+'MAG College Enrollment Forecast'!$D:$D+'MAG College Enrollment Forecast'!$E:$E+'MAG College Enrollment Forecast'!$F:$F+'MAG College Enrollment Forecast'!$G:$G+'MAG College Enrollment Forecast'!$H:$H), (AM$72-AM8)/($AI$72-$AI8)*($AI9-$AI8)+AM8), TRUE, IFERROR(_xlfn.XLOOKUP($AI9, 'USHE Projections'!$A:$A, IFERROR(_xlfn.XLOOKUP(AM$1, 'USHE Projections'!$A$1:$E$1, 'USHE Projections'!$A:$E), "NONE"), (AM$72-AM8)/($AI$72-$AI8)*($AI9-$AI8)+AM8), (AM$72-AM8)/($AI$72-$AI8)*($AI9-$AI8)+AM8) ) ) ) ), 0)} -> 24307 | AN9: {=ROUND( IF(AND(AN$1="Ensign", $AI9>=2021, $AI9<=2024), _xlfn.XLOOKUP($AI9, Ensign!$A$2:$A$12, Ensign!$B$2:$B$12), _xlfn.XLOOKUP($AI9, 'Historic (IPEDS & 2019 RTP)'!$A:$A, _xlfn.XLOOKUP(AN$1, 'Historic (IPEDS & 2019 RTP)'!$A$1:$H$1, 'Historic (IPEDS & 2019 RTP)'!$A:$H), IFERROR(_xlfn.XLOOKUP($AI9, 'USHE Historic'!$A$3:$A$13, _xlfn.XLOOKUP(AN$1, 'USHE Historic'!$A$2:$E$2, 'USHE Historic'!$A$3:$E$13)), _xlfn.IFS( AN$1="BYU", IFERROR(_xlfn.XLOOKUP($AI9, 'MAG College Enrollment Forecast'!$A:$A, 'MAG College Enrollment Forecast'!$B:$B), (AN$72-AN8)/($AI$72-$AI8)*($AI9-$AI8)+AN8), AN$1="UVU", IFERROR(_xlfn.XLOOKUP($AI9, 'MAG College Enrollment Forecast'!$A:$A, 'MAG College Enrollment Forecast'!$C:$C+'MAG College Enrollment Forecast'!$D:$D+'MAG College Enrollment Forecast'!$E:$E+'MAG College Enrollment Forecast'!$F:$F+'MAG College Enrollment Forecast'!$G:$G+'MAG College Enrollment Forecast'!$H:$H), (AN$72-AN8)/($AI$72-$AI8)*($AI9-$AI8)+AN8), TRUE, IFERROR(_xlfn.XLOOKUP($AI9, 'USHE Projections'!$A:$A, IFERROR(_xlfn.XLOOKUP(AN$1, 'USHE Projections'!$A$1:$E$1, 'USHE Projections'!$A:$E), "NONE"), (AN$72-AN8)/($AI$72-$AI8)*($AI9-$AI8)+AN8), (AN$72-AN8)/($AI$72-$AI8)*($AI9-$AI8)+AN8) ) ) ) ), 0)} -> 31249 | AO9: {=ROUND( IF(AND(AO$1="Ensign", $AI9>=2021, $AI9<=2024), _xlfn.XLOOKUP($AI9, Ensign!$A$2:$A$12, Ensign!$B$2:$B$12), _xlfn.XLOOKUP($AI9, 'Historic (IPEDS & 2019 RTP)'!$A:$A, _xlfn.XLOOKUP(AO$1, 'Historic (IPEDS & 2019 RTP)'!$A$1:$H$1, 'Historic (IPEDS & 2019 RTP)'!$A:$H), IFERROR(_xlfn.XLOOKUP($AI9, 'USHE Historic'!$A$3:$A$13, _xlfn.XLOOKUP(AO$1, 'USHE Historic'!$A$2:$E$2, 'USHE Historic'!$A$3:$E$13)), _xlfn.IFS( AO$1="BYU", IFERROR(_xlfn.XLOOKUP($AI9, 'MAG College Enrollment Forecast'!$A:$A, 'MAG College Enrollment Forecast'!$B:$B), (AO$72-AO8)/($AI$72-$AI8)*($AI9-$AI8)+AO8), AO$1="UVU", IFERROR(_xlfn.XLOOKUP($AI9, 'MAG College Enrollment Forecast'!$A:$A, 'MAG College Enrollment Forecast'!$C:$C+'MAG College Enrollment Forecast'!$D:$D+'MAG College Enrollment Forecast'!$E:$E+'MAG College Enrollment Forecast'!$F:$F+'MAG College Enrollment Forecast'!$G:$G+'MAG College Enrollment Forecast'!$H:$H), (AO$72-AO8)/($AI$72-$AI8)*($AI9-$AI8)+AO8), TRUE, IFERROR(_xlfn.XLOOKUP($AI9, 'USHE Projections'!$A:$A, IFERROR(_xlfn.XLOOKUP(AO$1, 'USHE Projections'!$A$1:$E$1, 'USHE Projections'!$A:$E), "NONE"), (AO$72-AO8)/($AI$72-$AI8)*($AI9-$AI8)+AO8), (AO$72-AO8)/($AI$72-$AI8)*($AI9-$AI8)+AO8) ) ) ) ), 0)} -> 0 | AP9: {=ROUND( IF(AND(AP$1="Ensign", $AI9>=2021, $AI9<=2024), _xlfn.XLOOKUP($AI9, Ensign!$A$2:$A$12, Ensign!$B$2:$B$12), _xlfn.XLOOKUP($AI9, 'Historic (IPEDS & 2019 RTP)'!$A:$A, _xlfn.XLOOKUP(AP$1, 'Historic (IPEDS & 2019 RTP)'!$A$1:$H$1, 'Historic (IPEDS & 2019 RTP)'!$A:$H), IFERROR(_xlfn.XLOOKUP($AI9, 'USHE Historic'!$A$3:$A$13, _xlfn.XLOOKUP(AP$1, 'USHE Historic'!$A$2:$E$2, 'USHE Historic'!$A$3:$E$13)), _xlfn.IFS( AP$1="BYU", IFERROR(_xlfn.XLOOKUP($AI9, 'MAG College Enrollment Forecast'!$A:$A, 'MAG College Enrollment Forecast'!$B:$B), (AP$72-AP8)/($AI$72-$AI8)*($AI9-$AI8)+AP8), AP$1="UVU", IFERROR(_xlfn.XLOOKUP($AI9, 'MAG College Enrollment Forecast'!$A:$A, 'MAG College Enrollment Forecast'!$C:$C+'MAG College Enrollment Forecast'!$D:$D+'MAG College Enrollment Forecast'!$E:$E+'MAG College Enrollment Forecast'!$F:$F+'MAG College Enrollment Forecast'!$G:$G+'MAG College Enrollment Forecast'!$H:$H), (AP$72-AP8)/($AI$72-$AI8)*($AI9-$AI8)+AP8), TRUE, IFERROR(_xlfn.XLOOKUP($AI9, 'USHE Projections'!$A:$A, IFERROR(_xlfn.XLOOKUP(AP$1, 'USHE Projections'!$A$1:$E$1, 'USHE Projections'!$A:$E), "NONE"), (AP$72-AP8)/($AI$72-$AI8)*($AI9-$AI8)+AP8), (AP$72-AP8)/($AI$72-$AI8)*($AI9-$AI8)+AP8) ) ) ) ), 0)} -> 0
AI10: 1998 | AJ10: {=ROUND( IF(AND(AJ$1="Ensign", $AI10>=2021, $AI10<=2024), _xlfn.XLOOKUP($AI10, Ensign!$A$2:$A$12, Ensign!$B$2:$B$12), _xlfn.XLOOKUP($AI10, 'Historic (IPEDS & 2019 RTP)'!$A:$A, _xlfn.XLOOKUP(AJ$1, 'Historic (IPEDS & 2019 RTP)'!$A$1:$H$1, 'Historic (IPEDS & 2019 RTP)'!$A:$H), IFERROR(_xlfn.XLOOKUP($AI10, 'USHE Historic'!$A$3:$A$13, _xlfn.XLOOKUP(AJ$1, 'USHE Historic'!$A$2:$E$2, 'USHE Historic'!$A$3:$E$13)), _xlfn.IFS( AJ$1="BYU", IFERROR(_xlfn.XLOOKUP($AI10, 'MAG College Enrollment Forecast'!$A:$A, 'MAG College Enrollment Forecast'!$B:$B), (AJ$72-AJ9)/($AI$72-$AI9)*($AI10-$AI9)+AJ9), AJ$1="UVU", IFERROR(_xlfn.XLOOKUP($AI10, 'MAG College Enrollment Forecast'!$A:$A, 'MAG College Enrollment Forecast'!$C:$C+'MAG College Enrollment Forecast'!$D:$D+'MAG College Enrollment Forecast'!$E:$E+'MAG College Enrollment Forecast'!$F:$F+'MAG College Enrollment Forecast'!$G:$G+'MAG College Enrollment Forecast'!$H:$H), (AJ$72-AJ9)/($AI$72-$AI9)*($AI10-$AI9)+AJ9), TRUE, IFERROR(_xlfn.XLOOKUP($AI10, 'USHE Projections'!$A:$A, IFERROR(_xlfn.XLOOKUP(AJ$1, 'USHE Projections'!$A$1:$E$1, 'USHE Projections'!$A:$E), "NONE"), (AJ$72-AJ9)/($AI$72-$AI9)*($AI10-$AI9)+AJ9), (AJ$72-AJ9)/($AI$72-$AI9)*($AI10-$AI9)+AJ9) ) ) ) ), 0)} -> 25018 | AK10: {=ROUND( IF(AND(AK$1="Ensign", $AI10>=2021, $AI10<=2024), _xlfn.XLOOKUP($AI10, Ensign!$A$2:$A$12, Ensign!$B$2:$B$12), _xlfn.XLOOKUP($AI10, 'Historic (IPEDS & 2019 RTP)'!$A:$A, _xlfn.XLOOKUP(AK$1, 'Historic (IPEDS & 2019 RTP)'!$A$1:$H$1, 'Historic (IPEDS & 2019 RTP)'!$A:$H), IFERROR(_xlfn.XLOOKUP($AI10, 'USHE Historic'!$A$3:$A$13, _xlfn.XLOOKUP(AK$1, 'USHE Historic'!$A$2:$E$2, 'USHE Historic'!$A$3:$E$13)), _xlfn.IFS( AK$1="BYU", IFERROR(_xlfn.XLOOKUP($AI10, 'MAG College Enrollment Forecast'!$A:$A, 'MAG College Enrollment Forecast'!$B:$B), (AK$72-AK9)/($AI$72-$AI9)*($AI10-$AI9)+AK9), AK$1="UVU", IFERROR(_xlfn.XLOOKUP($AI10, 'MAG College Enrollment Forecast'!$A:$A, 'MAG College Enrollment Forecast'!$C:$C+'MAG College Enrollment Forecast'!$D:$D+'MAG College Enrollment Forecast'!$E:$E+'MAG College Enrollment Forecast'!$F:$F+'MAG College Enrollment Forecast'!$G:$G+'MAG College Enrollment Forecast'!$H:$H), (AK$72-AK9)/($AI$72-$AI9)*($AI10-$AI9)+AK9), TRUE, IFERROR(_xlfn.XLOOKUP($AI10, 'USHE Projections'!$A:$A, IFERROR(_xlfn.XLOOKUP(AK$1, 'USHE Projections'!$A$1:$E$1, 'USHE Projections'!$A:$E), "NONE"), (AK$72-AK9)/($AI$72-$AI9)*($AI10-$AI9)+AK9), (AK$72-AK9)/($AI$72-$AI9)*($AI10-$AI9)+AK9) ) ) ) ), 0)} -> 13900 | AL10: {=ROUND( IF(AND(AL$1="Ensign", $AI10>=2021, $AI10<=2024), _xlfn.XLOOKUP($AI10, Ensign!$A$2:$A$12, Ensign!$B$2:$B$12), _xlfn.XLOOKUP($AI10, 'Historic (IPEDS & 2019 RTP)'!$A:$A, _xlfn.XLOOKUP(AL$1, 'Historic (IPEDS & 2019 RTP)'!$A$1:$H$1, 'Historic (IPEDS & 2019 RTP)'!$A:$H), IFERROR(_xlfn.XLOOKUP($AI10, 'USHE Historic'!$A$3:$A$13, _xlfn.XLOOKUP(AL$1, 'USHE Historic'!$A$2:$E$2, 'USHE Historic'!$A$3:$E$13)), _xlfn.IFS( AL$1="BYU", IFERROR(_xlfn.XLOOKUP($AI10, 'MAG College Enrollment Forecast'!$A:$A, 'MAG College Enrollment Forecast'!$B:$B), (AL$72-AL9)/($AI$72-$AI9)*($AI10-$AI9)+AL9), AL$1="UVU", IFERROR(_xlfn.XLOOKUP($AI10, 'MAG College Enrollment Forecast'!$A:$A, 'MAG College Enrollment Forecast'!$C:$C+'MAG College Enrollment Forecast'!$D:$D+'MAG College Enrollment Forecast'!$E:$E+'MAG College Enrollment Forecast'!$F:$F+'MAG College Enrollment Forecast'!$G:$G+'MAG College Enrollment Forecast'!$H:$H), (AL$72-AL9)/($AI$72-$AI9)*($AI10-$AI9)+AL9), TRUE, IFERROR(_xlfn.XLOOKUP($AI10, 'USHE Projections'!$A:$A, IFERROR(_xlfn.XLOOKUP(AL$1, 'USHE Projections'!$A$1:$E$1, 'USHE Projections'!$A:$E), "NONE"), (AL$72-AL9)/($AI$72-$AI9)*($AI10-$AI9)+AL9), (AL$72-AL9)/($AI$72-$AI9)*($AI10-$AI9)+AL9) ) ) ) ), 0)} -> 18174 | AM10: {=ROUND( IF(AND(AM$1="Ensign", $AI10>=2021, $AI10<=2024), _xlfn.XLOOKUP($AI10, Ensign!$A$2:$A$12, Ensign!$B$2:$B$12), _xlfn.XLOOKUP($AI10, 'Historic (IPEDS & 2019 RTP)'!$A:$A, _xlfn.XLOOKUP(AM$1, 'Historic (IPEDS & 2019 RTP)'!$A$1:$H$1, 'Historic (IPEDS & 2019 RTP)'!$A:$H), IFERROR(_xlfn.XLOOKUP($AI10, 'USHE Historic'!$A$3:$A$13, _xlfn.XLOOKUP(AM$1, 'USHE Historic'!$A$2:$E$2, 'USHE Historic'!$A$3:$E$13)), _xlfn.IFS( AM$1="BYU", IFERROR(_xlfn.XLOOKUP($AI10, 'MAG College Enrollment Forecast'!$A:$A, 'MAG College Enrollment Forecast'!$B:$B), (AM$72-AM9)/($AI$72-$AI9)*($AI10-$AI9)+AM9), AM$1="UVU", IFERROR(_xlfn.XLOOKUP($AI10, 'MAG College Enrollment Forecast'!$A:$A, 'MAG College Enrollment Forecast'!$C:$C+'MAG College Enrollment Forecast'!$D:$D+'MAG College Enrollment Forecast'!$E:$E+'MAG College Enrollment Forecast'!$F:$F+'MAG College Enrollment Forecast'!$G:$G+'MAG College Enrollment Forecast'!$H:$H), (AM$72-AM9)/($AI$72-$AI9)*($AI10-$AI9)+AM9), TRUE, IFERROR(_xlfn.XLOOKUP($AI10, 'USHE Projections'!$A:$A, IFERROR(_xlfn.XLOOKUP(AM$1, 'USHE Projections'!$A$1:$E$1, 'USHE Projections'!$A:$E), "NONE"), (AM$72-AM9)/($AI$72-$AI9)*($AI10-$AI9)+AM9), (AM$72-AM9)/($AI$72-$AI9)*($AI10-$AI9)+AM9) ) ) ) ), 0)} -> 19754 | AN10: {=ROUND( IF(AND(AN$1="Ensign", $AI10>=2021, $AI10<=2024), _xlfn.XLOOKUP($AI10, Ensign!$A$2:$A$12, Ensign!$B$2:$B$12), _xlfn.XLOOKUP($AI10, 'Historic (IPEDS & 2019 RTP)'!$A:$A, _xlfn.XLOOKUP(AN$1, 'Historic (IPEDS & 2019 RTP)'!$A$1:$H$1, 'Historic (IPEDS & 2019 RTP)'!$A:$H), IFERROR(_xlfn.XLOOKUP($AI10, 'USHE Historic'!$A$3:$A$13, _xlfn.XLOOKUP(AN$1, 'USHE Historic'!$A$2:$E$2, 'USHE Historic'!$A$3:$E$13)), _xlfn.IFS( AN$1="BYU", IFERROR(_xlfn.XLOOKUP($AI10, 'MAG College Enrollment Forecast'!$A:$A, 'MAG College Enrollment Forecast'!$B:$B), (AN$72-AN9)/($AI$72-$AI9)*($AI10-$AI9)+AN9), AN$1="UVU", IFERROR(_xlfn.XLOOKUP($AI10, 'MAG College Enrollment Forecast'!$A:$A, 'MAG College Enrollment Forecast'!$C:$C+'MAG College Enrollment Forecast'!$D:$D+'MAG College Enrollment Forecast'!$E:$E+'MAG College Enrollment Forecast'!$F:$F+'MAG College Enrollment Forecast'!$G:$G+'MAG College Enrollment Forecast'!$H:$H), (AN$72-AN9)/($AI$72-$AI9)*($AI10-$AI9)+AN9), TRUE, IFERROR(_xlfn.XLOOKUP($AI10, 'USHE Projections'!$A:$A, IFERROR(_xlfn.XLOOKUP(AN$1, 'USHE Projections'!$A$1:$E$1, 'USHE Projections'!$A:$E), "NONE"), (AN$72-AN9)/($AI$72-$AI9)*($AI10-$AI9)+AN9), (AN$72-AN9)/($AI$72-$AI9)*($AI10-$AI9)+AN9) ) ) ) ), 0)} -> 32202 | AO10: {=ROUND( IF(AND(AO$1="Ensign", $AI10>=2021, $AI10<=2024), _xlfn.XLOOKUP($AI10, Ensign!$A$2:$A$12, Ensign!$B$2:$B$12), _xlfn.XLOOKUP($AI10, 'Historic (IPEDS & 2019 RTP)'!$A:$A, _xlfn.XLOOKUP(AO$1, 'Historic (IPEDS & 2019 RTP)'!$A$1:$H$1, 'Historic (IPEDS & 2019 RTP)'!$A:$H), IFERROR(_xlfn.XLOOKUP($AI10, 'USHE Historic'!$A$3:$A$13, _xlfn.XLOOKUP(AO$1, 'USHE Historic'!$A$2:$E$2, 'USHE Historic'!$A$3:$E$13)), _xlfn.IFS( AO$1="BYU", IFERROR(_xlfn.XLOOKUP($AI10, 'MAG College Enrollment Forecast'!$A:$A, 'MAG College Enrollment Forecast'!$B:$B), (AO$72-AO9)/($AI$72-$AI9)*($AI10-$AI9)+AO9), AO$1="UVU", IFERROR(_xlfn.XLOOKUP($AI10, 'MAG College Enrollment Forecast'!$A:$A, 'MAG College Enrollment Forecast'!$C:$C+'MAG College Enrollment Forecast'!$D:$D+'MAG College Enrollment Forecast'!$E:$E+'MAG College Enrollment Forecast'!$F:$F+'MAG College Enrollment Forecast'!$G:$G+'MAG College Enrollment Forecast'!$H:$H), (AO$72-AO9)/($AI$72-$AI9)*($AI10-$AI9)+AO9), TRUE, IFERROR(_xlfn.XLOOKUP($AI10, 'USHE Projections'!$A:$A, IFERROR(_xlfn.XLOOKUP(AO$1, 'USHE Projections'!$A$1:$E$1, 'USHE Projections'!$A:$E), "NONE"), (AO$72-AO9)/($AI$72-$AI9)*($AI10-$AI9)+AO9), (AO$72-AO9)/($AI$72-$AI9)*($AI10-$AI9)+AO9) ) ) ) ), 0)} -> 0 | AP10: {=ROUND( IF(AND(AP$1="Ensign", $AI10>=2021, $AI10<=2024), _xlfn.XLOOKUP($AI10, Ensign!$A$2:$A$12, Ensign!$B$2:$B$12), _xlfn.XLOOKUP($AI10, 'Historic (IPEDS & 2019 RTP)'!$A:$A, _xlfn.XLOOKUP(AP$1, 'Historic (IPEDS & 2019 RTP)'!$A$1:$H$1, 'Historic (IPEDS & 2019 RTP)'!$A:$H), IFERROR(_xlfn.XLOOKUP($AI10, 'USHE Historic'!$A$3:$A$13, _xlfn.XLOOKUP(AP$1, 'USHE Historic'!$A$2:$E$2, 'USHE Historic'!$A$3:$E$13)), _xlfn.IFS( AP$1="BYU", IFERROR(_xlfn.XLOOKUP($AI10, 'MAG College Enrollment Forecast'!$A:$A, 'MAG College Enrollment Forecast'!$B:$B), (AP$72-AP9)/($AI$72-$AI9)*($AI10-$AI9)+AP9), AP$1="UVU", IFERROR(_xlfn.XLOOKUP($AI10, 'MAG College Enrollment Forecast'!$A:$A, 'MAG College Enrollment Forecast'!$C:$C+'MAG College Enrollment Forecast'!$D:$D+'MAG College Enrollment Forecast'!$E:$E+'MAG College Enrollment Forecast'!$F:$F+'MAG College Enrollment Forecast'!$G:$G+'MAG College Enrollment Forecast'!$H:$H), (AP$72-AP9)/($AI$72-$AI9)*($AI10-$AI9)+AP9), TRUE, IFERROR(_xlfn.XLOOKUP($AI10, 'USHE Projections'!$A:$A, IFERROR(_xlfn.XLOOKUP(AP$1, 'USHE Projections'!$A$1:$E$1, 'USHE Projections'!$A:$E), "NONE"), (AP$72-AP9)/($AI$72-$AI9)*($AI10-$AI9)+AP9), (AP$72-AP9)/($AI$72-$AI9)*($AI10-$AI9)+AP9) ) ) ) ), 0)} -> 0
AI11: 1999 | AJ11: {=ROUND( IF(AND(AJ$1="Ensign", $AI11>=2021, $AI11<=2024), _xlfn.XLOOKUP($AI11, Ensign!$A$2:$A$12, Ensign!$B$2:$B$12), _xlfn.XLOOKUP($AI11, 'Historic (IPEDS & 2019 RTP)'!$A:$A, _xlfn.XLOOKUP(AJ$1, 'Historic (IPEDS & 2019 RTP)'!$A$1:$H$1, 'Historic (IPEDS & 2019 RTP)'!$A:$H), IFERROR(_xlfn.XLOOKUP($AI11, 'USHE Historic'!$A$3:$A$13, _xlfn.XLOOKUP(AJ$1, 'USHE Historic'!$A$2:$E$2, 'USHE Historic'!$A$3:$E$13)), _xlfn.IFS( AJ$1="BYU", IFERROR(_xlfn.XLOOKUP($AI11, 'MAG College Enrollment Forecast'!$A:$A, 'MAG College Enrollment Forecast'!$B:$B), (AJ$72-AJ10)/($AI$72-$AI10)*($AI11-$AI10)+AJ10), AJ$1="UVU", IFERROR(_xlfn.XLOOKUP($AI11, 'MAG College Enrollment Forecast'!$A:$A, 'MAG College Enrollment Forecast'!$C:$C+'MAG College Enrollment Forecast'!$D:$D+'MAG College Enrollment Forecast'!$E:$E+'MAG College Enrollment Forecast'!$F:$F+'MAG College Enrollment Forecast'!$G:$G+'MAG College Enrollment Forecast'!$H:$H), (AJ$72-AJ10)/($AI$72-$AI10)*($AI11-$AI10)+AJ10), TRUE, IFERROR(_xlfn.XLOOKUP($AI11, 'USHE Projections'!$A:$A, IFERROR(_xlfn.XLOOKUP(AJ$1, 'USHE Projections'!$A$1:$E$1, 'USHE Projections'!$A:$E), "NONE"), (AJ$72-AJ10)/($AI$72-$AI10)*($AI11-$AI10)+AJ10), (AJ$72-AJ10)/($AI$72-$AI10)*($AI11-$AI10)+AJ10) ) ) ) ), 0)} -> 25781 | AK11: {=ROUND( IF(AND(AK$1="Ensign", $AI11>=2021, $AI11<=2024), _xlfn.XLOOKUP($AI11, Ensign!$A$2:$A$12, Ensign!$B$2:$B$12), _xlfn.XLOOKUP($AI11, 'Historic (IPEDS & 2019 RTP)'!$A:$A, _xlfn.XLOOKUP(AK$1, 'Historic (IPEDS & 2019 RTP)'!$A$1:$H$1, 'Historic (IPEDS & 2019 RTP)'!$A:$H), IFERROR(_xlfn.XLOOKUP($AI11, 'USHE Historic'!$A$3:$A$13, _xlfn.XLOOKUP(AK$1, 'USHE Historic'!$A$2:$E$2, 'USHE Historic'!$A$3:$E$13)), _xlfn.IFS( AK$1="BYU", IFERROR(_xlfn.XLOOKUP($AI11, 'MAG College Enrollment Forecast'!$A:$A, 'MAG College Enrollment Forecast'!$B:$B), (AK$72-AK10)/($AI$72-$AI10)*($AI11-$AI10)+AK10), AK$1="UVU", IFERROR(_xlfn.XLOOKUP($AI11, 'MAG College Enrollment Forecast'!$A:$A, 'MAG College Enrollment Forecast'!$C:$C+'MAG College Enrollment Forecast'!$D:$D+'MAG College Enrollment Forecast'!$E:$E+'MAG College Enrollment Forecast'!$F:$F+'MAG College Enrollment Forecast'!$G:$G+'MAG College Enrollment Forecast'!$H:$H), (AK$72-AK10)/($AI$72-$AI10)*($AI11-$AI10)+AK10), TRUE, IFERROR(_xlfn.XLOOKUP($AI11, 'USHE Projections'!$A:$A, IFERROR(_xlfn.XLOOKUP(AK$1, 'USHE Projections'!$A$1:$E$1, 'USHE Projections'!$A:$E), "NONE"), (AK$72-AK10)/($AI$72-$AI10)*($AI11-$AI10)+AK10), (AK$72-AK10)/($AI$72-$AI10)*($AI11-$AI10)+AK10) ) ) ) ), 0)} -> 14984 | AL11: {=ROUND( IF(AND(AL$1="Ensign", $AI11>=2021, $AI11<=2024), _xlfn.XLOOKUP($AI11, Ensign!$A$2:$A$12, Ensign!$B$2:$B$12), _xlfn.XLOOKUP($AI11, 'Historic (IPEDS & 2019 RTP)'!$A:$A, _xlfn.XLOOKUP(AL$1, 'Historic (IPEDS & 2019 RTP)'!$A$1:$H$1, 'Historic (IPEDS & 2019 RTP)'!$A:$H), IFERROR(_xlfn.XLOOKUP($AI11, 'USHE Historic'!$A$3:$A$13, _xlfn.XLOOKUP(AL$1, 'USHE Historic'!$A$2:$E$2, 'USHE Historic'!$A$3:$E$13)), _xlfn.IFS( AL$1="BYU", IFERROR(_xlfn.XLOOKUP($AI11, 'MAG College Enrollment Forecast'!$A:$A, 'MAG College Enrollment Forecast'!$B:$B), (AL$72-AL10)/($AI$72-$AI10)*($AI11-$AI10)+AL10), AL$1="UVU", IFERROR(_xlfn.XLOOKUP($AI11, 'MAG College Enrollment Forecast'!$A:$A, 'MAG College Enrollment Forecast'!$C:$C+'MAG College Enrollment Forecast'!$D:$D+'MAG College Enrollment Forecast'!$E:$E+'MAG College Enrollment Forecast'!$F:$F+'MAG College Enrollment Forecast'!$G:$G+'MAG College Enrollment Forecast'!$H:$H), (AL$72-AL10)/($AI$72-$AI10)*($AI11-$AI10)+AL10), TRUE, IFERROR(_xlfn.XLOOKUP($AI11, 'USHE Projections'!$A:$A, IFERROR(_xlfn.XLOOKUP(AL$1, 'USHE Projections'!$A$1:$E$1, 'USHE Projections'!$A:$E), "NONE"), (AL$72-AL10)/($AI$72-$AI10)*($AI11-$AI10)+AL10), (AL$72-AL10)/($AI$72-$AI10)*($AI11-$AI10)+AL10) ) ) ) ), 0)} -> 20062 | AM11: {=ROUND( IF(AND(AM$1="Ensign", $AI11>=2021, $AI11<=2024), _xlfn.XLOOKUP($AI11, Ensign!$A$2:$A$12, Ensign!$B$2:$B$12), _xlfn.XLOOKUP($AI11, 'Historic (IPEDS & 2019 RTP)'!$A:$A, _xlfn.XLOOKUP(AM$1, 'Historic (IPEDS & 2019 RTP)'!$A$1:$H$1, 'Historic (IPEDS & 2019 RTP)'!$A:$H), IFERROR(_xlfn.XLOOKUP($AI11, 'USHE Historic'!$A$3:$A$13, _xlfn.XLOOKUP(AM$1, 'USHE Historic'!$A$2:$E$2, 'USHE Historic'!$A$3:$E$13)), _xlfn.IFS( AM$1="BYU", IFERROR(_xlfn.XLOOKUP($AI11, 'MAG College Enrollment Forecast'!$A:$A, 'MAG College Enrollment Forecast'!$B:$B), (AM$72-AM10)/($AI$72-$AI10)*($AI11-$AI10)+AM10), AM$1="UVU", IFERROR(_xlfn.XLOOKUP($AI11, 'MAG College Enrollment Forecast'!$A:$A, 'MAG College Enrollment Forecast'!$C:$C+'MAG College Enrollment Forecast'!$D:$D+'MAG College Enrollment Forecast'!$E:$E+'MAG College Enrollment Forecast'!$F:$F+'MAG College Enrollment Forecast'!$G:$G+'MAG College Enrollment Forecast'!$H:$H), (AM$72-AM10)/($AI$72-$AI10)*($AI11-$AI10)+AM10), TRUE, IFERROR(_xlfn.XLOOKUP($AI11, 'USHE Projections'!$A:$A, IFERROR(_xlfn.XLOOKUP(AM$1, 'USHE Projections'!$A$1:$E$1, 'USHE Projections'!$A:$E), "NONE"), (AM$72-AM10)/($AI$72-$AI10)*($AI11-$AI10)+AM10), (AM$72-AM10)/($AI$72-$AI10)*($AI11-$AI10)+AM10) ) ) ) ), 0)} -> 21273 | AN11: {=ROUND( IF(AND(AN$1="Ensign", $AI11>=2021, $AI11<=2024), _xlfn.XLOOKUP($AI11, Ensign!$A$2:$A$12, Ensign!$B$2:$B$12), _xlfn.XLOOKUP($AI11, 'Historic (IPEDS & 2019 RTP)'!$A:$A, _xlfn.XLOOKUP(AN$1, 'Historic (IPEDS & 2019 RTP)'!$A$1:$H$1, 'Historic (IPEDS & 2019 RTP)'!$A:$H), IFERROR(_xlfn.XLOOKUP($AI11, 'USHE Historic'!$A$3:$A$13, _xlfn.XLOOKUP(AN$1, 'USHE Historic'!$A$2:$E$2, 'USHE Historic'!$A$3:$E$13)), _xlfn.IFS( AN$1="BYU", IFERROR(_xlfn.XLOOKUP($AI11, 'MAG College Enrollment Forecast'!$A:$A, 'MAG College Enrollment Forecast'!$B:$B), (AN$72-AN10)/($AI$72-$AI10)*($AI11-$AI10)+AN10), AN$1="UVU", IFERROR(_xlfn.XLOOKUP($AI11, 'MAG College Enrollment Forecast'!$A:$A, 'MAG College Enrollment Forecast'!$C:$C+'MAG College Enrollment Forecast'!$D:$D+'MAG College Enrollment Forecast'!$E:$E+'MAG College Enrollment Forecast'!$F:$F+'MAG College Enrollment Forecast'!$G:$G+'MAG College Enrollment Forecast'!$H:$H), (AN$72-AN10)/($AI$72-$AI10)*($AI11-$AI10)+AN10), TRUE, IFERROR(_xlfn.XLOOKUP($AI11, 'USHE Projections'!$A:$A, IFERROR(_xlfn.XLOOKUP(AN$1, 'USHE Projections'!$A$1:$E$1, 'USHE Projections'!$A:$E), "NONE"), (AN$72-AN10)/($AI$72-$AI10)*($AI11-$AI10)+AN10), (AN$72-AN10)/($AI$72-$AI10)*($AI11-$AI10)+AN10) ) ) ) ), 0)} -> 32731 | AO11: {=ROUND( IF(AND(AO$1="Ensign", $AI11>=2021, $AI11<=2024), _xlfn.XLOOKUP($AI11, Ensign!$A$2:$A$12, Ensign!$B$2:$B$12), _xlfn.XLOOKUP($AI11, 'Historic (IPEDS & 2019 RTP)'!$A:$A, _xlfn.XLOOKUP(AO$1, 'Historic (IPEDS & 2019 RTP)'!$A$1:$H$1, 'Historic (IPEDS & 2019 RTP)'!$A:$H), IFERROR(_xlfn.XLOOKUP($AI11, 'USHE Historic'!$A$3:$A$13, _xlfn.XLOOKUP(AO$1, 'USHE Historic'!$A$2:$E$2, 'USHE Historic'!$A$3:$E$13)), _xlfn.IFS( AO$1="BYU", IFERROR(_xlfn.XLOOKUP($AI11, 'MAG College Enrollment Forecast'!$A:$A, 'MAG College Enrollment Forecast'!$B:$B), (AO$72-AO10)/($AI$72-$AI10)*($AI11-$AI10)+AO10), AO$1="UVU", IFERROR(_xlfn.XLOOKUP($AI11, 'MAG College Enrollment Forecast'!$A:$A, 'MAG College Enrollment Forecast'!$C:$C+'MAG College Enrollment Forecast'!$D:$D+'MAG College Enrollment Forecast'!$E:$E+'MAG College Enrollment Forecast'!$F:$F+'MAG College Enrollment Forecast'!$G:$G+'MAG College Enrollment Forecast'!$H:$H), (AO$72-AO10)/($AI$72-$AI10)*($AI11-$AI10)+AO10), TRUE, IFERROR(_xlfn.XLOOKUP($AI11, 'USHE Projections'!$A:$A, IFERROR(_xlfn.XLOOKUP(AO$1, 'USHE Projections'!$A$1:$E$1, 'USHE Projections'!$A:$E), "NONE"), (AO$72-AO10)/($AI$72-$AI10)*($AI11-$AI10)+AO10), (AO$72-AO10)/($AI$72-$AI10)*($AI11-$AI10)+AO10) ) ) ) ), 0)} -> 0 | AP11: {=ROUND( IF(AND(AP$1="Ensign", $AI11>=2021, $AI11<=2024), _xlfn.XLOOKUP($AI11, Ensign!$A$2:$A$12, Ensign!$B$2:$B$12), _xlfn.XLOOKUP($AI11, 'Historic (IPEDS & 2019 RTP)'!$A:$A, _xlfn.XLOOKUP(AP$1, 'Historic (IPEDS & 2019 RTP)'!$A$1:$H$1, 'Historic (IPEDS & 2019 RTP)'!$A:$H), IFERROR(_xlfn.XLOOKUP($AI11, 'USHE Historic'!$A$3:$A$13, _xlfn.XLOOKUP(AP$1, 'USHE Historic'!$A$2:$E$2, 'USHE Historic'!$A$3:$E$13)), _xlfn.IFS( AP$1="BYU", IFERROR(_xlfn.XLOOKUP($AI11, 'MAG College Enrollment Forecast'!$A:$A, 'MAG College Enrollment Forecast'!$B:$B), (AP$72-AP10)/($AI$72-$AI10)*($AI11-$AI10)+AP10), AP$1="UVU", IFERROR(_xlfn.XLOOKUP($AI11, 'MAG College Enrollment Forecast'!$A:$A, 'MAG College Enrollment Forecast'!$C:$C+'MAG College Enrollment Forecast'!$D:$D+'MAG College Enrollment Forecast'!$E:$E+'MAG College Enrollment Forecast'!$F:$F+'MAG College Enrollment Forecast'!$G:$G+'MAG College Enrollment Forecast'!$H:$H), (AP$72-AP10)/($AI$72-$AI10)*($AI11-$AI10)+AP10), TRUE, IFERROR(_xlfn.XLOOKUP($AI11, 'USHE Projections'!$A:$A, IFERROR(_xlfn.XLOOKUP(AP$1, 'USHE Projections'!$A$1:$E$1, 'USHE Projections'!$A:$E), "NONE"), (AP$72-AP10)/($AI$72-$AI10)*($AI11-$AI10)+AP10), (AP$72-AP10)/($AI$72-$AI10)*($AI11-$AI10)+AP10) ) ) ) ), 0)} -> 0
AI12: 2000 | AJ12: {=ROUND( IF(AND(AJ$1="Ensign", $AI12>=2021, $AI12<=2024), _xlfn.XLOOKUP($AI12, Ensign!$A$2:$A$12, Ensign!$B$2:$B$12), _xlfn.XLOOKUP($AI12, 'Historic (IPEDS & 2019 RTP)'!$A:$A, _xlfn.XLOOKUP(AJ$1, 'Historic (IPEDS & 2019 RTP)'!$A$1:$H$1, 'Historic (IPEDS & 2019 RTP)'!$A:$H), IFERROR(_xlfn.XLOOKUP($AI12, 'USHE Historic'!$A$3:$A$13, _xlfn.XLOOKUP(AJ$1, 'USHE Historic'!$A$2:$E$2, 'USHE Historic'!$A$3:$E$13)), _xlfn.IFS( AJ$1="BYU", IFERROR(_xlfn.XLOOKUP($AI12, 'MAG College Enrollment Forecast'!$A:$A, 'MAG College Enrollment Forecast'!$B:$B), (AJ$72-AJ11)/($AI$72-$AI11)*($AI12-$AI11)+AJ11), AJ$1="UVU", IFERROR(_xlfn.XLOOKUP($AI12, 'MAG College Enrollment Forecast'!$A:$A, 'MAG College Enrollment Forecast'!$C:$C+'MAG College Enrollment Forecast'!$D:$D+'MAG College Enrollment Forecast'!$E:$E+'MAG College Enrollment Forecast'!$F:$F+'MAG College Enrollment Forecast'!$G:$G+'MAG College Enrollment Forecast'!$H:$H), (AJ$72-AJ11)/($AI$72-$AI11)*($AI12-$AI11)+AJ11), TRUE, IFERROR(_xlfn.XLOOKUP($AI12, 'USHE Projections'!$A:$A, IFERROR(_xlfn.XLOOKUP(AJ$1, 'USHE Projections'!$A$1:$E$1, 'USHE Projections'!$A:$E), "NONE"), (AJ$72-AJ11)/($AI$72-$AI11)*($AI12-$AI11)+AJ11), (AJ$72-AJ11)/($AI$72-$AI11)*($AI12-$AI11)+AJ11) ) ) ) ), 0)} -> 24948 | AK12: {=ROUND( IF(AND(AK$1="Ensign", $AI12>=2021, $AI12<=2024), _xlfn.XLOOKUP($AI12, Ensign!$A$2:$A$12, Ensign!$B$2:$B$12), _xlfn.XLOOKUP($AI12, 'Historic (IPEDS & 2019 RTP)'!$A:$A, _xlfn.XLOOKUP(AK$1, 'Historic (IPEDS & 2019 RTP)'!$A$1:$H$1, 'Historic (IPEDS & 2019 RTP)'!$A:$H), IFERROR(_xlfn.XLOOKUP($AI12, 'USHE Historic'!$A$3:$A$13, _xlfn.XLOOKUP(AK$1, 'USHE Historic'!$A$2:$E$2, 'USHE Historic'!$A$3:$E$13)), _xlfn.IFS( AK$1="BYU", IFERROR(_xlfn.XLOOKUP($AI12, 'MAG College Enrollment Forecast'!$A:$A, 'MAG College Enrollment Forecast'!$B:$B), (AK$72-AK11)/($AI$72-$AI11)*($AI12-$AI11)+AK11), AK$1="UVU", IFERROR(_xlfn.XLOOKUP($AI12, 'MAG College Enrollment Forecast'!$A:$A, 'MAG College Enrollment Forecast'!$C:$C+'MAG College Enrollment Forecast'!$D:$D+'MAG College Enrollment Forecast'!$E:$E+'MAG College Enrollment Forecast'!$F:$F+'MAG College Enrollment Forecast'!$G:$G+'MAG College Enrollment Forecast'!$H:$H), (AK$72-AK11)/($AI$72-$AI11)*($AI12-$AI11)+AK11), TRUE, IFERROR(_xlfn.XLOOKUP($AI12, 'USHE Projections'!$A:$A, IFERROR(_xlfn.XLOOKUP(AK$1, 'USHE Projections'!$A$1:$E$1, 'USHE Projections'!$A:$E), "NONE"), (AK$72-AK11)/($AI$72-$AI11)*($AI12-$AI11)+AK11), (AK$72-AK11)/($AI$72-$AI11)*($AI12-$AI11)+AK11) ) ) ) ), 0)} -> 16050 | AL12: {=ROUND( IF(AND(AL$1="Ensign", $AI12>=2021, $AI12<=2024), _xlfn.XLOOKUP($AI12, Ensign!$A$2:$A$12, Ensign!$B$2:$B$12), _xlfn.XLOOKUP($AI12, 'Historic (IPEDS & 2019 RTP)'!$A:$A, _xlfn.XLOOKUP(AL$1, 'Historic (IPEDS & 2019 RTP)'!$A$1:$H$1, 'Historic (IPEDS & 2019 RTP)'!$A:$H), IFERROR(_xlfn.XLOOKUP($AI12, 'USHE Historic'!$A$3:$A$13, _xlfn.XLOOKUP(AL$1, 'USHE Historic'!$A$2:$E$2, 'USHE Historic'!$A$3:$E$13)), _xlfn.IFS( AL$1="BYU", IFERROR(_xlfn.XLOOKUP($AI12, 'MAG College Enrollment Forecast'!$A:$A, 'MAG College Enrollment Forecast'!$B:$B), (AL$72-AL11)/($AI$72-$AI11)*($AI12-$AI11)+AL11), AL$1="UVU", IFERROR(_xlfn.XLOOKUP($AI12, 'MAG College Enrollment Forecast'!$A:$A, 'MAG College Enrollment Forecast'!$C:$C+'MAG College Enrollment Forecast'!$D:$D+'MAG College Enrollment Forecast'!$E:$E+'MAG College Enrollment Forecast'!$F:$F+'MAG College Enrollment Forecast'!$G:$G+'MAG College Enrollment Forecast'!$H:$H), (AL$72-AL11)/($AI$72-$AI11)*($AI12-$AI11)+AL11), TRUE, IFERROR(_xlfn.XLOOKUP($AI12, 'USHE Projections'!$A:$A, IFERROR(_xlfn.XLOOKUP(AL$1, 'USHE Projections'!$A$1:$E$1, 'USHE Projections'!$A:$E), "NONE"), (AL$72-AL11)/($AI$72-$AI11)*($AI12-$AI11)+AL11), (AL$72-AL11)/($AI$72-$AI11)*($AI12-$AI11)+AL11) ) ) ) ), 0)} -> 20946 | AM12: {=ROUND( IF(AND(AM$1="Ensign", $AI12>=2021, $AI12<=2024), _xlfn.XLOOKUP($AI12, Ensign!$A$2:$A$12, Ensign!$B$2:$B$12), _xlfn.XLOOKUP($AI12, 'Historic (IPEDS & 2019 RTP)'!$A:$A, _xlfn.XLOOKUP(AM$1, 'Historic (IPEDS & 2019 RTP)'!$A$1:$H$1, 'Historic (IPEDS & 2019 RTP)'!$A:$H), IFERROR(_xlfn.XLOOKUP($AI12, 'USHE Historic'!$A$3:$A$13, _xlfn.XLOOKUP(AM$1, 'USHE Historic'!$A$2:$E$2, 'USHE Historic'!$A$3:$E$13)), _xlfn.IFS( AM$1="BYU", IFERROR(_xlfn.XLOOKUP($AI12, 'MAG College Enrollment Forecast'!$A:$A, 'MAG College Enrollment Forecast'!$B:$B), (AM$72-AM11)/($AI$72-$AI11)*($AI12-$AI11)+AM11), AM$1="UVU", IFERROR(_xlfn.XLOOKUP($AI12, 'MAG College Enrollment Forecast'!$A:$A, 'MAG College Enrollment Forecast'!$C:$C+'MAG College Enrollment Forecast'!$D:$D+'MAG College Enrollment Forecast'!$E:$E+'MAG College Enrollment Forecast'!$F:$F+'MAG College Enrollment Forecast'!$G:$G+'MAG College Enrollment Forecast'!$H:$H), (AM$72-AM11)/($AI$72-$AI11)*($AI12-$AI11)+AM11), TRUE, IFERROR(_xlfn.XLOOKUP($AI12, 'USHE Projections'!$A:$A, IFERROR(_xlfn.XLOOKUP(AM$1, 'USHE Projections'!$A$1:$E$1, 'USHE Projections'!$A:$E), "NONE"), (AM$72-AM11)/($AI$72-$AI11)*($AI12-$AI11)+AM11), (AM$72-AM11)/($AI$72-$AI11)*($AI12-$AI11)+AM11) ) ) ) ), 0)} -> 21596 | AN12: {=ROUND( IF(AND(AN$1="Ensign", $AI12>=2021, $AI12<=2024), _xlfn.XLOOKUP($AI12, Ensign!$A$2:$A$12, Ensign!$B$2:$B$12), _xlfn.XLOOKUP($AI12, 'Historic (IPEDS & 2019 RTP)'!$A:$A, _xlfn.XLOOKUP(AN$1, 'Historic (IPEDS & 2019 RTP)'!$A$1:$H$1, 'Historic (IPEDS & 2019 RTP)'!$A:$H), IFERROR(_xlfn.XLOOKUP($AI12, 'USHE Historic'!$A$3:$A$13, _xlfn.XLOOKUP(AN$1, 'USHE Historic'!$A$2:$E$2, 'USHE Historic'!$A$3:$E$13)), _xlfn.IFS( AN$1="BYU", IFERROR(_xlfn.XLOOKUP($AI12, 'MAG College Enrollment Forecast'!$A:$A, 'MAG College Enrollment Forecast'!$B:$B), (AN$72-AN11)/($AI$72-$AI11)*($AI12-$AI11)+AN11), AN$1="UVU", IFERROR(_xlfn.XLOOKUP($AI12, 'MAG College Enrollment Forecast'!$A:$A, 'MAG College Enrollment Forecast'!$C:$C+'MAG College Enrollment Forecast'!$D:$D+'MAG College Enrollment Forecast'!$E:$E+'MAG College Enrollment Forecast'!$F:$F+'MAG College Enrollment Forecast'!$G:$G+'MAG College Enrollment Forecast'!$H:$H), (AN$72-AN11)/($AI$72-$AI11)*($AI12-$AI11)+AN11), TRUE, IFERROR(_xlfn.XLOOKUP($AI12, 'USHE Projections'!$A:$A, IFERROR(_xlfn.XLOOKUP(AN$1, 'USHE Projections'!$A$1:$E$1, 'USHE Projections'!$A:$E), "NONE"), (AN$72-AN11)/($AI$72-$AI11)*($AI12-$AI11)+AN11), (AN$72-AN11)/($AI$72-$AI11)*($AI12-$AI11)+AN11) ) ) ) ), 0)} -> 32554 | AO12: {=ROUND( IF(AND(AO$1="Ensign", $AI12>=2021, $AI12<=2024), _xlfn.XLOOKUP($AI12, Ensign!$A$2:$A$12, Ensign!$B$2:$B$12), _xlfn.XLOOKUP($AI12, 'Historic (IPEDS & 2019 RTP)'!$A:$A, _xlfn.XLOOKUP(AO$1, 'Historic (IPEDS & 2019 RTP)'!$A$1:$H$1, 'Historic (IPEDS & 2019 RTP)'!$A:$H), IFERROR(_xlfn.XLOOKUP($AI12, 'USHE Historic'!$A$3:$A$13, _xlfn.XLOOKUP(AO$1, 'USHE Historic'!$A$2:$E$2, 'USHE Historic'!$A$3:$E$13)), _xlfn.IFS( AO$1="BYU", IFERROR(_xlfn.XLOOKUP($AI12, 'MAG College Enrollment Forecast'!$A:$A, 'MAG College Enrollment Forecast'!$B:$B), (AO$72-AO11)/($AI$72-$AI11)*($AI12-$AI11)+AO11), AO$1="UVU", IFERROR(_xlfn.XLOOKUP($AI12, 'MAG College Enrollment Forecast'!$A:$A, 'MAG College Enrollment Forecast'!$C:$C+'MAG College Enrollment Forecast'!$D:$D+'MAG College Enrollment Forecast'!$E:$E+'MAG College Enrollment Forecast'!$F:$F+'MAG College Enrollment Forecast'!$G:$G+'MAG College Enrollment Forecast'!$H:$H), (AO$72-AO11)/($AI$72-$AI11)*($AI12-$AI11)+AO11), TRUE, IFERROR(_xlfn.XLOOKUP($AI12, 'USHE Projections'!$A:$A, IFERROR(_xlfn.XLOOKUP(AO$1, 'USHE Projections'!$A$1:$E$1, 'USHE Projections'!$A:$E), "NONE"), (AO$72-AO11)/($AI$72-$AI11)*($AI12-$AI11)+AO11), (AO$72-AO11)/($AI$72-$AI11)*($AI12-$AI11)+AO11) ) ) ) ), 0)} -> 824 | AP12: {=ROUND( IF(AND(AP$1="Ensign", $AI12>=2021, $AI12<=2024), _xlfn.XLOOKUP($AI12, Ensign!$A$2:$A$12, Ensign!$B$2:$B$12), _xlfn.XLOOKUP($AI12, 'Historic (IPEDS & 2019 RTP)'!$A:$A, _xlfn.XLOOKUP(AP$1, 'Historic (IPEDS & 2019 RTP)'!$A$1:$H$1, 'Historic (IPEDS & 2019 RTP)'!$A:$H), IFERROR(_xlfn.XLOOKUP($AI12, 'USHE Historic'!$A$3:$A$13, _xlfn.XLOOKUP(AP$1, 'USHE Historic'!$A$2:$E$2, 'USHE Historic'!$A$3:$E$13)), _xlfn.IFS( AP$1="BYU", IFERROR(_xlfn.XLOOKUP($AI12, 'MAG College Enrollment Forecast'!$A:$A, 'MAG College Enrollment Forecast'!$B:$B), (AP$72-AP11)/($AI$72-$AI11)*($AI12-$AI11)+AP11), AP$1="UVU", IFERROR(_xlfn.XLOOKUP($AI12, 'MAG College Enrollment Forecast'!$A:$A, 'MAG College Enrollment Forecast'!$C:$C+'MAG College Enrollment Forecast'!$D:$D+'MAG College Enrollment Forecast'!$E:$E+'MAG College Enrollment Forecast'!$F:$F+'MAG College Enrollment Forecast'!$G:$G+'MAG College Enrollment Forecast'!$H:$H), (AP$72-AP11)/($AI$72-$AI11)*($AI12-$AI11)+AP11), TRUE, IFERROR(_xlfn.XLOOKUP($AI12, 'USHE Projections'!$A:$A, IFERROR(_xlfn.XLOOKUP(AP$1, 'USHE Projections'!$A$1:$E$1, 'USHE Projections'!$A:$E), "NONE"), (AP$72-AP11)/($AI$72-$AI11)*($AI12-$AI11)+AP11), (AP$72-AP11)/($AI$72-$AI11)*($AI12-$AI11)+AP11) ) ) ) ), 0)} -> 2403
AI13: 2001 | AJ13: {=ROUND( IF(AND(AJ$1="Ensign", $AI13>=2021, $AI13<=2024), _xlfn.XLOOKUP($AI13, Ensign!$A$2:$A$12, Ensign!$B$2:$B$12), _xlfn.XLOOKUP($AI13, 'Historic (IPEDS & 2019 RTP)'!$A:$A, _xlfn.XLOOKUP(AJ$1, 'Historic (IPEDS & 2019 RTP)'!$A$1:$H$1, 'Historic (IPEDS & 2019 RTP)'!$A:$H), IFERROR(_xlfn.XLOOKUP($AI13, 'USHE Historic'!$A$3:$A$13, _xlfn.XLOOKUP(AJ$1, 'USHE Historic'!$A$2:$E$2, 'USHE Historic'!$A$3:$E$13)), _xlfn.IFS( AJ$1="BYU", IFERROR(_xlfn.XLOOKUP($AI13, 'MAG College Enrollment Forecast'!$A:$A, 'MAG College Enrollment Forecast'!$B:$B), (AJ$72-AJ12)/($AI$72-$AI12)*($AI13-$AI12)+AJ12), AJ$1="UVU", IFERROR(_xlfn.XLOOKUP($AI13, 'MAG College Enrollment Forecast'!$A:$A, 'MAG College Enrollment Forecast'!$C:$C+'MAG College Enrollment Forecast'!$D:$D+'MAG College Enrollment Forecast'!$E:$E+'MAG College Enrollment Forecast'!$F:$F+'MAG College Enrollment Forecast'!$G:$G+'MAG College Enrollment Forecast'!$H:$H), (AJ$72-AJ12)/($AI$72-$AI12)*($AI13-$AI12)+AJ12), TRUE, IFERROR(_xlfn.XLOOKUP($AI13, 'USHE Projections'!$A:$A, IFERROR(_xlfn.XLOOKUP(AJ$1, 'USHE Projections'!$A$1:$E$1, 'USHE Projections'!$A:$E), "NONE"), (AJ$72-AJ12)/($AI$72-$AI12)*($AI13-$AI12)+AJ12), (AJ$72-AJ12)/($AI$72-$AI12)*($AI13-$AI12)+AJ12) ) ) ) ), 0)} -> 27668 | AK13: {=ROUND( IF(AND(AK$1="Ensign", $AI13>=2021, $AI13<=2024), _xlfn.XLOOKUP($AI13, Ensign!$A$2:$A$12, Ensign!$B$2:$B$12), _xlfn.XLOOKUP($AI13, 'Historic (IPEDS & 2019 RTP)'!$A:$A, _xlfn.XLOOKUP(AK$1, 'Historic (IPEDS & 2019 RTP)'!$A$1:$H$1, 'Historic (IPEDS & 2019 RTP)'!$A:$H), IFERROR(_xlfn.XLOOKUP($AI13, 'USHE Historic'!$A$3:$A$13, _xlfn.XLOOKUP(AK$1, 'USHE Historic'!$A$2:$E$2, 'USHE Historic'!$A$3:$E$13)), _xlfn.IFS( AK$1="BYU", IFERROR(_xlfn.XLOOKUP($AI13, 'MAG College Enrollment Forecast'!$A:$A, 'MAG College Enrollment Forecast'!$B:$B), (AK$72-AK12)/($AI$72-$AI12)*($AI13-$AI12)+AK12), AK$1="UVU", IFERROR(_xlfn.XLOOKUP($AI13, 'MAG College Enrollment Forecast'!$A:$A, 'MAG College Enrollment Forecast'!$C:$C+'MAG College Enrollment Forecast'!$D:$D+'MAG College Enrollment Forecast'!$E:$E+'MAG College Enrollment Forecast'!$F:$F+'MAG College Enrollment Forecast'!$G:$G+'MAG College Enrollment Forecast'!$H:$H), (AK$72-AK12)/($AI$72-$AI12)*($AI13-$AI12)+AK12), TRUE, IFERROR(_xlfn.XLOOKUP($AI13, 'USHE Projections'!$A:$A, IFERROR(_xlfn.XLOOKUP(AK$1, 'USHE Projections'!$A$1:$E$1, 'USHE Projections'!$A:$E), "NONE"), (AK$72-AK12)/($AI$72-$AI12)*($AI13-$AI12)+AK12), (AK$72-AK12)/($AI$72-$AI12)*($AI13-$AI12)+AK12) ) ) ) ), 0)} -> 16873 | AL13: {=ROUND( IF(AND(AL$1="Ensign", $AI13>=2021, $AI13<=2024), _xlfn.XLOOKUP($AI13, Ensign!$A$2:$A$12, Ensign!$B$2:$B$12), _xlfn.XLOOKUP($AI13, 'Historic (IPEDS & 2019 RTP)'!$A:$A, _xlfn.XLOOKUP(AL$1, 'Historic (IPEDS & 2019 RTP)'!$A$1:$H$1, 'Historic (IPEDS & 2019 RTP)'!$A:$H), IFERROR(_xlfn.XLOOKUP($AI13, 'USHE Historic'!$A$3:$A$13, _xlfn.XLOOKUP(AL$1, 'USHE Historic'!$A$2:$E$2, 'USHE Historic'!$A$3:$E$13)), _xlfn.IFS( AL$1="BYU", IFERROR(_xlfn.XLOOKUP($AI13, 'MAG College Enrollment Forecast'!$A:$A, 'MAG College Enrollment Forecast'!$B:$B), (AL$72-AL12)/($AI$72-$AI12)*($AI13-$AI12)+AL12), AL$1="UVU", IFERROR(_xlfn.XLOOKUP($AI13, 'MAG College Enrollment Forecast'!$A:$A, 'MAG College Enrollment Forecast'!$C:$C+'MAG College Enrollment Forecast'!$D:$D+'MAG College Enrollment Forecast'!$E:$E+'MAG College Enrollment Forecast'!$F:$F+'MAG College Enrollment Forecast'!$G:$G+'MAG College Enrollment Forecast'!$H:$H), (AL$72-AL12)/($AI$72-$AI12)*($AI13-$AI12)+AL12), TRUE, IFERROR(_xlfn.XLOOKUP($AI13, 'USHE Projections'!$A:$A, IFERROR(_xlfn.XLOOKUP(AL$1, 'USHE Projections'!$A$1:$E$1, 'USHE Projections'!$A:$E), "NONE"), (AL$72-AL12)/($AI$72-$AI12)*($AI13-$AI12)+AL12), (AL$72-AL12)/($AI$72-$AI12)*($AI13-$AI12)+AL12) ) ) ) ), 0)} -> 22609 | AM13: {=ROUND( IF(AND(AM$1="Ensign", $AI13>=2021, $AI13<=2024), _xlfn.XLOOKUP($AI13, Ensign!$A$2:$A$12, Ensign!$B$2:$B$12), _xlfn.XLOOKUP($AI13, 'Historic (IPEDS & 2019 RTP)'!$A:$A, _xlfn.XLOOKUP(AM$1, 'Historic (IPEDS & 2019 RTP)'!$A$1:$H$1, 'Historic (IPEDS & 2019 RTP)'!$A:$H), IFERROR(_xlfn.XLOOKUP($AI13, 'USHE Historic'!$A$3:$A$13, _xlfn.XLOOKUP(AM$1, 'USHE Historic'!$A$2:$E$2, 'USHE Historic'!$A$3:$E$13)), _xlfn.IFS( AM$1="BYU", IFERROR(_xlfn.XLOOKUP($AI13, 'MAG College Enrollment Forecast'!$A:$A, 'MAG College Enrollment Forecast'!$B:$B), (AM$72-AM12)/($AI$72-$AI12)*($AI13-$AI12)+AM12), AM$1="UVU", IFERROR(_xlfn.XLOOKUP($AI13, 'MAG College Enrollment Forecast'!$A:$A, 'MAG College Enrollment Forecast'!$C:$C+'MAG College Enrollment Forecast'!$D:$D+'MAG College Enrollment Forecast'!$E:$E+'MAG College Enrollment Forecast'!$F:$F+'MAG College Enrollment Forecast'!$G:$G+'MAG College Enrollment Forecast'!$H:$H), (AM$72-AM12)/($AI$72-$AI12)*($AI13-$AI12)+AM12), TRUE, IFERROR(_xlfn.XLOOKUP($AI13, 'USHE Projections'!$A:$A, IFERROR(_xlfn.XLOOKUP(AM$1, 'USHE Projections'!$A$1:$E$1, 'USHE Projections'!$A:$E), "NONE"), (AM$72-AM12)/($AI$72-$AI12)*($AI13-$AI12)+AM12), (AM$72-AM12)/($AI$72-$AI12)*($AI13-$AI12)+AM12) ) ) ) ), 0)} -> 23701 | AN13: {=ROUND( IF(AND(AN$1="Ensign", $AI13>=2021, $AI13<=2024), _xlfn.XLOOKUP($AI13, Ensign!$A$2:$A$12, Ensign!$B$2:$B$12), _xlfn.XLOOKUP($AI13, 'Historic (IPEDS & 2019 RTP)'!$A:$A, _xlfn.XLOOKUP(AN$1, 'Historic (IPEDS & 2019 RTP)'!$A$1:$H$1, 'Historic (IPEDS & 2019 RTP)'!$A:$H), IFERROR(_xlfn.XLOOKUP($AI13, 'USHE Historic'!$A$3:$A$13, _xlfn.XLOOKUP(AN$1, 'USHE Historic'!$A$2:$E$2, 'USHE Historic'!$A$3:$E$13)), _xlfn.IFS( AN$1="BYU", IFERROR(_xlfn.XLOOKUP($AI13, 'MAG College Enrollment Forecast'!$A:$A, 'MAG College Enrollment Forecast'!$B:$B), (AN$72-AN12)/($AI$72-$AI12)*($AI13-$AI12)+AN12), AN$1="UVU", IFERROR(_xlfn.XLOOKUP($AI13, 'MAG College Enrollment Forecast'!$A:$A, 'MAG College Enrollment Forecast'!$C:$C+'MAG College Enrollment Forecast'!$D:$D+'MAG College Enrollment Forecast'!$E:$E+'MAG College Enrollment Forecast'!$F:$F+'MAG College Enrollment Forecast'!$G:$G+'MAG College Enrollment Forecast'!$H:$H), (AN$72-AN12)/($AI$72-$AI12)*($AI13-$AI12)+AN12), TRUE, IFERROR(_xlfn.XLOOKUP($AI13, 'USHE Projections'!$A:$A, IFERROR(_xlfn.XLOOKUP(AN$1, 'USHE Projections'!$A$1:$E$1, 'USHE Projections'!$A:$E), "NONE"), (AN$72-AN12)/($AI$72-$AI12)*($AI13-$AI12)+AN12), (AN$72-AN12)/($AI$72-$AI12)*($AI13-$AI12)+AN12) ) ) ) ), 0)} -> 32771 | AO13: {=ROUND( IF(AND(AO$1="Ensign", $AI13>=2021, $AI13<=2024), _xlfn.XLOOKUP($AI13, Ensign!$A$2:$A$12, Ensign!$B$2:$B$12), _xlfn.XLOOKUP($AI13, 'Historic (IPEDS & 2019 RTP)'!$A:$A, _xlfn.XLOOKUP(AO$1, 'Historic (IPEDS & 2019 RTP)'!$A$1:$H$1, 'Historic (IPEDS & 2019 RTP)'!$A:$H), IFERROR(_xlfn.XLOOKUP($AI13, 'USHE Historic'!$A$3:$A$13, _xlfn.XLOOKUP(AO$1, 'USHE Historic'!$A$2:$E$2, 'USHE Historic'!$A$3:$E$13)), _xlfn.IFS( AO$1="BYU", IFERROR(_xlfn.XLOOKUP($AI13, 'MAG College Enrollment Forecast'!$A:$A, 'MAG College Enrollment Forecast'!$B:$B), (AO$72-AO12)/($AI$72-$AI12)*($AI13-$AI12)+AO12), AO$1="UVU", IFERROR(_xlfn.XLOOKUP($AI13, 'MAG College Enrollment Forecast'!$A:$A, 'MAG College Enrollment Forecast'!$C:$C+'MAG College Enrollment Forecast'!$D:$D+'MAG College Enrollment Forecast'!$E:$E+'MAG College Enrollment Forecast'!$F:$F+'MAG College Enrollment Forecast'!$G:$G+'MAG College Enrollment Forecast'!$H:$H), (AO$72-AO12)/($AI$72-$AI12)*($AI13-$AI12)+AO12), TRUE, IFERROR(_xlfn.XLOOKUP($AI13, 'USHE Projections'!$A:$A, IFERROR(_xlfn.XLOOKUP(AO$1, 'USHE Projections'!$A$1:$E$1, 'USHE Projections'!$A:$E), "NONE"), (AO$72-AO12)/($AI$72-$AI12)*($AI13-$AI12)+AO12), (AO$72-AO12)/($AI$72-$AI12)*($AI13-$AI12)+AO12) ) ) ) ), 0)} -> 1025 | AP13: {=ROUND( IF(AND(AP$1="Ensign", $AI13>=2021, $AI13<=2024), _xlfn.XLOOKUP($AI13, Ensign!$A$2:$A$12, Ensign!$B$2:$B$12), _xlfn.XLOOKUP($AI13, 'Historic (IPEDS & 2019 RTP)'!$A:$A, _xlfn.XLOOKUP(AP$1, 'Historic (IPEDS & 2019 RTP)'!$A$1:$H$1, 'Historic (IPEDS & 2019 RTP)'!$A:$H), IFERROR(_xlfn.XLOOKUP($AI13, 'USHE Historic'!$A$3:$A$13, _xlfn.XLOOKUP(AP$1, 'USHE Historic'!$A$2:$E$2, 'USHE Historic'!$A$3:$E$13)), _xlfn.IFS( AP$1="BYU", IFERROR(_xlfn.XLOOKUP($AI13, 'MAG College Enrollment Forecast'!$A:$A, 'MAG College Enrollment Forecast'!$B:$B), (AP$72-AP12)/($AI$72-$AI12)*($AI13-$AI12)+AP12), AP$1="UVU", IFERROR(_xlfn.XLOOKUP($AI13, 'MAG College Enrollment Forecast'!$A:$A, 'MAG College Enrollment Forecast'!$C:$C+'MAG College Enrollment Forecast'!$D:$D+'MAG College Enrollment Forecast'!$E:$E+'MAG College Enrollment Forecast'!$F:$F+'MAG College Enrollment Forecast'!$G:$G+'MAG College Enrollment Forecast'!$H:$H), (AP$72-AP12)/($AI$72-$AI12)*($AI13-$AI12)+AP12), TRUE, IFERROR(_xlfn.XLOOKUP($AI13, 'USHE Projections'!$A:$A, IFERROR(_xlfn.XLOOKUP(AP$1, 'USHE Projections'!$A$1:$E$1, 'USHE Projections'!$A:$E), "NONE"), (AP$72-AP12)/($AI$72-$AI12)*($AI13-$AI12)+AP12), (AP$72-AP12)/($AI$72-$AI12)*($AI13-$AI12)+AP12) ) ) ) ), 0)} -> 2474
... AI16: 2004 | AJ16: {=ROUND( IF(AND(AJ$1="Ensign", $AI16>=2021, $AI16<=2024), _xlfn.XLOOKUP($AI16, Ensign!$A$2:$A$12, Ensign!$B$2:$B$12), _xlfn.XLOOKUP($AI16, 'Historic (IPEDS & 2019 RTP)'!$A:$A, _xlfn.XLOOKUP(AJ$1, 'Historic (IPEDS & 2019 RTP)'!$A$1:$H$1, 'Historic (IPEDS & 2019 RTP)'!$A:$H), IFERROR(_xlfn.XLOOKUP($AI16, 'USHE Historic'!$A$3:$A$13, _xlfn.XLOOKUP(AJ$1, 'USHE Historic'!$A$2:$E$2, 'USHE Historic'!$A$3:$E$13)), _xlfn.IFS( AJ$1="BYU", IFERROR(_xlfn.XLOOKUP($AI16, 'MAG College Enrollment Forecast'!$A:$A, 'MAG College Enrollment Forecast'!$B:$B), (AJ$72-AJ15)/($AI$72-$AI15)*($AI16-$AI15)+AJ15), AJ$1="UVU", IFERROR(_xlfn.XLOOKUP($AI16, 'MAG College Enrollment Forecast'!$A:$A, 'MAG College Enrollment Forecast'!$C:$C+'MAG College Enrollment Forecast'!$D:$D+'MAG College Enrollment Forecast'!$E:$E+'MAG College Enrollment Forecast'!$F:$F+'MAG College Enrollment Forecast'!$G:$G+'MAG College Enrollment Forecast'!$H:$H), (AJ$72-AJ15)/($AI$72-$AI15)*($AI16-$AI15)+AJ15), TRUE, IFERROR(_xlfn.XLOOKUP($AI16, 'USHE Projections'!$A:$A, IFERROR(_xlfn.XLOOKUP(AJ$1, 'USHE Projections'!$A$1:$E$1, 'USHE Projections'!$A:$E), "NONE"), (AJ$72-AJ15)/($AI$72-$AI15)*($AI16-$AI15)+AJ15), (AJ$72-AJ15)/($AI$72-$AI15)*($AI16-$AI15)+AJ15) ) ) ) ), 0)} -> 28933 | AK16: {=ROUND( IF(AND(AK$1="Ensign", $AI16>=2021, $AI16<=2024), _xlfn.XLOOKUP($AI16, Ensign!$A$2:$A$12, Ensign!$B$2:$B$12), _xlfn.XLOOKUP($AI16, 'Historic (IPEDS & 2019 RTP)'!$A:$A, _xlfn.XLOOKUP(AK$1, 'Historic (IPEDS & 2019 RTP)'!$A$1:$H$1, 'Historic (IPEDS & 2019 RTP)'!$A:$H), IFERROR(_xlfn.XLOOKUP($AI16, 'USHE Historic'!$A$3:$A$13, _xlfn.XLOOKUP(AK$1, 'USHE Historic'!$A$2:$E$2, 'USHE Historic'!$A$3:$E$13)), _xlfn.IFS( AK$1="BYU", IFERROR(_xlfn.XLOOKUP($AI16, 'MAG College Enrollment Forecast'!$A:$A, 'MAG College Enrollment Forecast'!$B:$B), (AK$72-AK15)/($AI$72-$AI15)*($AI16-$AI15)+AK15), AK$1="UVU", IFERROR(_xlfn.XLOOKUP($AI16, 'MAG College Enrollment Forecast'!$A:$A, 'MAG College Enrollment Forecast'!$C:$C+'MAG College Enrollment Forecast'!$D:$D+'MAG College Enrollment Forecast'!$E:$E+'MAG College Enrollment Forecast'!$F:$F+'MAG College Enrollment Forecast'!$G:$G+'MAG College Enrollment Forecast'!$H:$H), (AK$72-AK15)/($AI$72-$AI15)*($AI16-$AI15)+AK15), TRUE, IFERROR(_xlfn.XLOOKUP($AI16, 'USHE Projections'!$A:$A, IFERROR(_xlfn.XLOOKUP(AK$1, 'USHE Projections'!$A$1:$E$1, 'USHE Projections'!$A:$E), "NONE"), (AK$72-AK15)/($AI$72-$AI15)*($AI16-$AI15)+AK15), (AK$72-AK15)/($AI$72-$AI15)*($AI16-$AI15)+AK15) ) ) ) ), 0)} -> 18498 | AL16: {=ROUND( IF(AND(AL$1="Ensign", $AI16>=2021, $AI16<=2024), _xlfn.XLOOKUP($AI16, Ensign!$A$2:$A$12, Ensign!$B$2:$B$12), _xlfn.XLOOKUP($AI16, 'Historic (IPEDS & 2019 RTP)'!$A:$A, _xlfn.XLOOKUP(AL$1, 'Historic (IPEDS & 2019 RTP)'!$A$1:$H$1, 'Historic (IPEDS & 2019 RTP)'!$A:$H), IFERROR(_xlfn.XLOOKUP($AI16, 'USHE Historic'!$A$3:$A$13, _xlfn.XLOOKUP(AL$1, 'USHE Historic'!$A$2:$E$2, 'USHE Historic'!$A$3:$E$13)), _xlfn.IFS( AL$1="BYU", IFERROR(_xlfn.XLOOKUP($AI16, 'MAG College Enrollment Forecast'!$A:$A, 'MAG College Enrollment Forecast'!$B:$B), (AL$72-AL15)/($AI$72-$AI15)*($AI16-$AI15)+AL15), AL$1="UVU", IFERROR(_xlfn.XLOOKUP($AI16, 'MAG College Enrollment Forecast'!$A:$A, 'MAG College Enrollment Forecast'!$C:$C+'MAG College Enrollment Forecast'!$D:$D+'MAG College Enrollment Forecast'!$E:$E+'MAG College Enrollment Forecast'!$F:$F+'MAG College Enrollment Forecast'!$G:$G+'MAG College Enrollment Forecast'!$H:$H), (AL$72-AL15)/($AI$72-$AI15)*($AI16-$AI15)+AL15), TRUE, IFERROR(_xlfn.XLOOKUP($AI16, 'USHE Projections'!$A:$A, IFERROR(_xlfn.XLOOKUP(AL$1, 'USHE Projections'!$A$1:$E$1, 'USHE Projections'!$A:$E), "NONE"), (AL$72-AL15)/($AI$72-$AI15)*($AI16-$AI15)+AL15), (AL$72-AL15)/($AI$72-$AI15)*($AI16-$AI15)+AL15) ) ) ) ), 0)} -> 24149 | AM16: {=ROUND( IF(AND(AM$1="Ensign", $AI16>=2021, $AI16<=2024), _xlfn.XLOOKUP($AI16, Ensign!$A$2:$A$12, Ensign!$B$2:$B$12), _xlfn.XLOOKUP($AI16, 'Historic (IPEDS & 2019 RTP)'!$A:$A, _xlfn.XLOOKUP(AM$1, 'Historic (IPEDS & 2019 RTP)'!$A$1:$H$1, 'Historic (IPEDS & 2019 RTP)'!$A:$H), IFERROR(_xlfn.XLOOKUP($AI16, 'USHE Historic'!$A$3:$A$13, _xlfn.XLOOKUP(AM$1, 'USHE Historic'!$A$2:$E$2, 'USHE Historic'!$A$3:$E$13)), _xlfn.IFS( AM$1="BYU", IFERROR(_xlfn.XLOOKUP($AI16, 'MAG College Enrollment Forecast'!$A:$A, 'MAG College Enrollment Forecast'!$B:$B), (AM$72-AM15)/($AI$72-$AI15)*($AI16-$AI15)+AM15), AM$1="UVU", IFERROR(_xlfn.XLOOKUP($AI16, 'MAG College Enrollment Forecast'!$A:$A, 'MAG College Enrollment Forecast'!$C:$C+'MAG College Enrollment Forecast'!$D:$D+'MAG College Enrollment Forecast'!$E:$E+'MAG College Enrollment Forecast'!$F:$F+'MAG College Enrollment Forecast'!$G:$G+'MAG College Enrollment Forecast'!$H:$H), (AM$72-AM15)/($AI$72-$AI15)*($AI16-$AI15)+AM15), TRUE, IFERROR(_xlfn.XLOOKUP($AI16, 'USHE Projections'!$A:$A, IFERROR(_xlfn.XLOOKUP(AM$1, 'USHE Projections'!$A$1:$E$1, 'USHE Projections'!$A:$E), "NONE"), (AM$72-AM15)/($AI$72-$AI15)*($AI16-$AI15)+AM15), (AM$72-AM15)/($AI$72-$AI15)*($AI16-$AI15)+AM15) ) ) ) ), 0)} -> 24725 | AN16: {=ROUND( IF(AND(AN$1="Ensign", $AI16>=2021, $AI16<=2024), _xlfn.XLOOKUP($AI16, Ensign!$A$2:$A$12, Ensign!$B$2:$B$12), _xlfn.XLOOKUP($AI16, 'Historic (IPEDS & 2019 RTP)'!$A:$A, _xlfn.XLOOKUP(AN$1, 'Historic (IPEDS & 2019 RTP)'!$A$1:$H$1, 'Historic (IPEDS & 2019 RTP)'!$A:$H), IFERROR(_xlfn.XLOOKUP($AI16, 'USHE Historic'!$A$3:$A$13, _xlfn.XLOOKUP(AN$1, 'USHE Historic'!$A$2:$E$2, 'USHE Historic'!$A$3:$E$13)), _xlfn.IFS( AN$1="BYU", IFERROR(_xlfn.XLOOKUP($AI16, 'MAG College Enrollment Forecast'!$A:$A, 'MAG College Enrollment Forecast'!$B:$B), (AN$72-AN15)/($AI$72-$AI15)*($AI16-$AI15)+AN15), AN$1="UVU", IFERROR(_xlfn.XLOOKUP($AI16, 'MAG College Enrollment Forecast'!$A:$A, 'MAG College Enrollment Forecast'!$C:$C+'MAG College Enrollment Forecast'!$D:$D+'MAG College Enrollment Forecast'!$E:$E+'MAG College Enrollment Forecast'!$F:$F+'MAG College Enrollment Forecast'!$G:$G+'MAG College Enrollment Forecast'!$H:$H), (AN$72-AN15)/($AI$72-$AI15)*($AI16-$AI15)+AN15), TRUE, IFERROR(_xlfn.XLOOKUP($AI16, 'USHE Projections'!$A:$A, IFERROR(_xlfn.XLOOKUP(AN$1, 'USHE Projections'!$A$1:$E$1, 'USHE Projections'!$A:$E), "NONE"), (AN$72-AN15)/($AI$72-$AI15)*($AI16-$AI15)+AN15), (AN$72-AN15)/($AI$72-$AI15)*($AI16-$AI15)+AN15) ) ) ) ), 0)} -> 34347 | AO16: {=ROUND( IF(AND(AO$1="Ensign", $AI16>=2021, $AI16<=2024), _xlfn.XLOOKUP($AI16, Ensign!$A$2:$A$12, Ensign!$B$2:$B$12), _xlfn.XLOOKUP($AI16, 'Historic (IPEDS & 2019 RTP)'!$A:$A, _xlfn.XLOOKUP(AO$1, 'Historic (IPEDS & 2019 RTP)'!$A$1:$H$1, 'Historic (IPEDS & 2019 RTP)'!$A:$H), IFERROR(_xlfn.XLOOKUP($AI16, 'USHE Historic'!$A$3:$A$13, _xlfn.XLOOKUP(AO$1, 'USHE Historic'!$A$2:$E$2, 'USHE Historic'!$A$3:$E$13)), _xlfn.IFS( AO$1="BYU", IFERROR(_xlfn.XLOOKUP($AI16, 'MAG College Enrollment Forecast'!$A:$A, 'MAG College Enrollment Forecast'!$B:$B), (AO$72-AO15)/($AI$72-$AI15)*($AI16-$AI15)+AO15), AO$1="UVU", IFERROR(_xlfn.XLOOKUP($AI16, 'MAG College Enrollment Forecast'!$A:$A, 'MAG College Enrollment Forecast'!$C:$C+'MAG College Enrollment Forecast'!$D:$D+'MAG College Enrollment Forecast'!$E:$E+'MAG College Enrollment Forecast'!$F:$F+'MAG College Enrollment Forecast'!$G:$G+'MAG College Enrollment Forecast'!$H:$H), (AO$72-AO15)/($AI$72-$AI15)*($AI16-$AI15)+AO15), TRUE, IFERROR(_xlfn.XLOOKUP($AI16, 'USHE Projections'!$A:$A, IFERROR(_xlfn.XLOOKUP(AO$1, 'USHE Projections'!$A$1:$E$1, 'USHE Projections'!$A:$E), "NONE"), (AO$72-AO15)/($AI$72-$AI15)*($AI16-$AI15)+AO15), (AO$72-AO15)/($AI$72-$AI15)*($AI16-$AI15)+AO15) ) ) ) ), 0)} -> 1248 | AP16: {=ROUND( IF(AND(AP$1="Ensign", $AI16>=2021, $AI16<=2024), _xlfn.XLOOKUP($AI16, Ensign!$A$2:$A$12, Ensign!$B$2:$B$12), _xlfn.XLOOKUP($AI16, 'Historic (IPEDS & 2019 RTP)'!$A:$A, _xlfn.XLOOKUP(AP$1, 'Historic (IPEDS & 2019 RTP)'!$A$1:$H$1, 'Historic (IPEDS & 2019 RTP)'!$A:$H), IFERROR(_xlfn.XLOOKUP($AI16, 'USHE Historic'!$A$3:$A$13, _xlfn.XLOOKUP(AP$1, 'USHE Historic'!$A$2:$E$2, 'USHE Historic'!$A$3:$E$13)), _xlfn.IFS( AP$1="BYU", IFERROR(_xlfn.XLOOKUP($AI16, 'MAG College Enrollment Forecast'!$A:$A, 'MAG College Enrollment Forecast'!$B:$B), (AP$72-AP15)/($AI$72-$AI15)*($AI16-$AI15)+AP15), AP$1="UVU", IFERROR(_xlfn.XLOOKUP($AI16, 'MAG College Enrollment Forecast'!$A:$A, 'MAG College Enrollment Forecast'!$C:$C+'MAG College Enrollment Forecast'!$D:$D+'MAG College Enrollment Forecast'!$E:$E+'MAG College Enrollment Forecast'!$F:$F+'MAG College Enrollment Forecast'!$G:$G+'MAG College Enrollment Forecast'!$H:$H), (AP$72-AP15)/($AI$72-$AI15)*($AI16-$AI15)+AP15), TRUE, IFERROR(_xlfn.XLOOKUP($AI16, 'USHE Projections'!$A:$A, IFERROR(_xlfn.XLOOKUP(AP$1, 'USHE Projections'!$A$1:$E$1, 'USHE Projections'!$A:$E), "NONE"), (AP$72-AP15)/($AI$72-$AI15)*($AI16-$AI15)+AP15), (AP$72-AP15)/($AI$72-$AI15)*($AI16-$AI15)+AP15) ) ) ) ), 0)} -> 2417
