Workbook

Sheet Export_ControlTot
A1: Trip Table Control Total
D2: =(D45/D5)^(1/35)-1 -> 0.033326208 | E2: =(E45/E5)^(1/35)-1 -> 0.0025636279 | F2: =(F45/F5)^(1/35)-1 -> 0.0083149749 | G2: =(G45/G5)^(1/35)-1 -> 0.0083149749 | H2: =(H45/H5)^(1/35)-1 -> 0.010894515 | I2: =(I45/I5)^(1/35)-1 -> 0.029652837 | J2: =(J45/J5)^(1/35)-1 -> 0.03514702 | K2: =(K45/K5)^(1/35)-1 -> 0.015415105 | ... S2: =(S45/S5)^(1/35)-1 -> 0.015409768 | T2: =(T45/T19)^(1/35)-1 -> 0.081576934 | U2: =(U45/U5)^(1/35)-1 -> 0.00089927024 | V2: =(V45/V5)^(1/35)-1 -> 0.019195821 | W2: =(W45/W10)^(1/35)-1 -> 0.019569946 | X2: =(X45/X5)^(1/35)-1 -> 0.014919234 | Y2: =(Y45/Y18)^(1/35)-1 -> 0.062602895 | Z2: =(Z45/Z28)^(1/35)-1 -> 0.05036397
A4: ;Year | B4: Airport | C4: Lagoon | D4: LDSBC | E4: Westmin | F4: UofU_Main | G4: UofU_Med | H4: WSU_Ogden | I4: WSU_Davis | J4: WSU_West | K4: SLCC_TL | L4: SLCC_SC | M4: SLCC_JD | N4: SLCC_Mead | O4: SLCC_ML | P4: SLCC_LB | Q4: SLCC_HL | R4: SLCC_Airp | S4: SLCC_West | T4: SLCC_HM | U4: BYU | V4: UVU_main | W4: UVU_Geneva | X4: UVU_ThankP | Y4: UVU_VINE | Z4: UVU_PAYSON
A5: 2010 | B5: =airport2019!G7 -> 26389.105 | C5: =lagoon2019!E13 -> 6424.3697 | D5: =Result!B5 -> 2000 | E5: =Result!C5 -> 3200 | F5: =Result!D5 -> 26896.55 | G5: =Result!E5 -> 4746.45 | H5: =Result!F5 -> 19352 | I5: =Result!G5 -> 4409 | J5: =Result!H5 -> 735 | K5: =Result!I5 -> 18914 | ... Z5: =Result!X5 -> 0
A6: 2011 | B6: =airport2019!G8 -> 25742.608 | C6: =lagoon2019!E14 -> 6505.2521 | D6: =Result!B6 -> 2100 | E6: =Result!C6 -> 3207.5 | F6: =Result!D6 -> 27813.7 | G6: =Result!E6 -> 4908.3 | H6: =Result!F6 -> 20742 | I6: =Result!G6 -> 4726 | J6: =Result!H6 -> 788 | K6: =Result!I6 -> 18170 | ... Z6: =Result!X6 -> 0
A7: 2012 | B7: =airport2019!G9 -> 25379.758 | C7: =lagoon2019!E15 -> 6595.3782 | D7: =Result!B7 -> 2200 | E7: =Result!C7 -> 3215 | F7: =Result!D7 -> 28297.35 | G7: =Result!E7 -> 4993.65 | H7: =Result!F7 -> 21248.25 | I7: =Result!G7 -> 5232.25 | J7: =Result!H7 -> 900.5 | K7: =Result!I7 -> 17687 | ... Z7: =Result!X7 -> 0
A8: 2013 | B8: =airport2019!G10 -> 25486.312 | C8: =lagoon2019!E16 -> 6701.6807 | D8: =Result!B8 -> 2307.8947 | E8: =Result!C8 -> 3222.5 | F8: =Result!D8 -> 30792.1 | G8: =Result!E8 -> 5433.9 | H8: =Result!F8 -> 20575.5 | I8: =Result!G8 -> 4559.5 | J8: =Result!H8 -> 751 | K8: =Result!I8 -> 17311 | ... Z8: =Result!X8 -> 0
A9: 2014 | B9: =airport2019!G11 -> 26692.213 | C9: =lagoon2019!E17 -> 6791.8067 | D9: =Result!B9 -> 2415.7895 | E9: =Result!C9 -> 3230 | F9: =Result!D9 -> 27202.55 | G9: =Result!E9 -> 4800.45 | H9: =Result!F9 -> 21037.65 | I9: =Result!G9 -> 5021.65 | J9: =Result!H9 -> 853.7 | K9: =Result!I9 -> 16525 | ... Z9: =Result!X9 -> 0
A10: 2015 | B10: =airport2019!G12 -> 27954.02 | C10: =lagoon2019!E18 -> 6898.1092 | D10: =Result!B10 -> 2523.6842 | E10: =Result!C10 -> 3237.5 | F10: =Result!D10 -> 27331.75 | G10: =Result!E10 -> 4823.25 | H10: =Result!F10 -> 20740.2 | I10: =Result!G10 -> 4724.2 | J10: =Result!H10 -> 787.6 | K10: =Result!I10 -> 15379 | ... Z10: =Result!X10 -> 0
A11: 2016 | B11: =airport2019!G13 -> 29234.872 | C11: =lagoon2019!E19 -> 7034.4538 | D11: =Result!B11 -> 2631.5789 | E11: =Result!C11 -> 3245 | F11: =Result!D11 -> 27583.35 | G11: =Result!E11 -> 4867.65 | H11: =Result!F11 -> 21183 | I11: =Result!G11 -> 5167 | J11: =Result!H11 -> 886 | K11: =Result!I11 -> 15874 | ... Z11: =Result!X11 -> 0
A12: 2017 | B12: =airport2019!G14 -> 30552.746 | C12: =lagoon2019!E20 -> 7168.4874 | D12: =Result!B12 -> 2739.4737 | E12: =Result!C12 -> 3252.5 | F12: =Result!D12 -> 28180.05 | G12: =Result!E12 -> 4972.95 | H12: =Result!F12 -> 21697.35 | I12: =Result!G12 -> 5681.35 | J12: =Result!H12 -> 1000.3 | K12: =Result!I12 -> 15945 | ... Z12: =Result!X12 -> 0
A13: 2018 | B13: =airport2019!G15 -> 32263.358 | C13: =lagoon2019!E21 -> 7300.2101 | D13: =Result!B13 -> 2847.3684 | E13: =Result!C13 -> 3260 | F13: =Result!D13 -> 29109.95 | G13: =Result!E13 -> 5137.05 | H13: =Result!F13 -> 22755.251 | I13: =Result!G13 -> 6739.251 | J13: =Result!H13 -> 1235.3891 | K13: =Result!I13 -> 16295 | ... Z13: =Result!X13 -> 0
A14: 2019 | B14: =airport2019!G16 -> 32699.509 | C14: =lagoon2019!E22 -> 7434.2437 | D14: =Result!B14 -> 2955.2632 | E14: =Result!C14 -> 3267.5 | F14: =Result!D14 -> 29959.1 | G14: =Result!E14 -> 5286.9 | H14: =Result!F14 -> 23382.042 | I14: =Result!G14 -> 7366.0424 | J14: =Result!H14 -> 1374.6761 | K14: =Result!I14 -> 16627 | ... Z14: =Result!X14 -> 0
A15: 2020 | B15: =airport2019!G17 -> 33141.556 | C15: =lagoon2019!E23 -> 7565.9664 | D15: =Result!B15 -> 3063.1579 | E15: =Result!C15 -> 3275 | F15: =Result!D15 -> 30666.3 | G15: =Result!E15 -> 5411.7 | H15: =Result!F15 -> 24004.267 | I15: =Result!G15 -> 7988.2666 | J15: =Result!H15 -> 1512.9481 | K15: =Result!I15 -> 16968 | ... Z15: =Result!X15 -> 0
A16: 2021 | B16: =airport2019!G18 -> 33589.579 | C16: =lagoon2019!E24 -> 7717.4033 | D16: =Result!B16 -> 3171.0526 | E16: =Result!C16 -> 3282.5 | F16: =Result!D16 -> 30990.15 | G16: =Result!E16 -> 5468.85 | H16: =Result!F16 -> 24610.161 | I16: =Result!G16 -> 8594.1612 | J16: =Result!H16 -> 1647.5914 | K16: =Result!I16 -> 17316 | ... Z16: =Result!X16 -> 0
... A45: 2050 | B45: =airport2019!G47 -> 49581.873 | C45: =lagoon2019!E53 -> 11590.238 | D45: =Result!B45 -> 6300 | E45: =Result!C45 -> 3500 | F45: =Result!D45 -> 35938.85 | G45: =Result!E45 -> 6342.15 | H45: =Result!F45 -> 28276.8 | I45: =Result!G45 -> 12260.8 | J45: =Result!H45 -> 2462.4 | K45: =Result!I45 -> 32308 | ... Z45: =Result!X45 -> 1675

Sheet Export_Factors
A1: College Factors
B3: ;index | C3: LDSBC | D3: Westmin | E3: UofU_Main | F3: UofU_Med | G3: WSU_Ogden | H3: WSU_Davis | I3: WSU_West | J3: SLCC_TL | K3: SLCC_SC | L3: SLCC_JD | M3: SLCC_Mead | N3: SLCC_ML | O3: SLCC_LB | P3: SLCC_HL | Q3: SLCC_Airp | R3: SLCC_West | S3: SLCC_HM | T3: BYU | U3: UVU_main | V3: UVU_Geneva | W3: UVU_ThankP | X3: UVU_VINE | Y3: UVU_PAYSON | Z3: Var_Name
A4: Pct_Remove | B4: 1 | C4: ='calc%concurrent'!F5 -> 0.1005 | D4: ='calc%concurrent'!F12 -> 0.0115625 | E4: ='calc%concurrent'!F9 -> 0.026040514 | F4: =$E4 -> 0.026040514 | G4: ='calc%concurrent'!F10 -> 0.21501654 | H4: ='calc%concurrent'!F11 -> 0.30851477 | I4: =H4 -> 0.30851477 | J4: ='calc%concurrent'!F6 -> 0.34092451 | K4: =$J4 -> 0.34092451 | L4: =$J4 -> 0.34092451 | M4: =$J4 -> 0.34092451 | N4: =$J4 -> 0.34092451 | O4: =$J4 -> 0.34092451 | P4: =$J4 -> 0.34092451 | Q4: =$J4 -> 0.34092451 | R4: =$J4 -> 0.34092451 | S4: =$J4 -> 0.34092451 | T4: =E4 -> 0.026040514 | U4: ='calc%concurrent'!F8 -> 0.26992029 | V4: =$U4 -> 0.26992029 | W4: =$U4 -> 0.26992029 | X4: =$U4 -> 0.26992029 | Y4: =$U4 -> 0.26992029 | Z4: Pct_Remove
A5: FTERate | B5: 2 | C5: ='Calc%FTE'!F43 -> 1.1790281 | D5: ='Calc%FTE'!F47 -> 1.0984237 | E5: ='Calc%FTE'!E31 -> 1.2097574 | F5: =$E5 -> 1.2097574 | G5: ='Calc%FTE'!E33 -> 1.5884046 | H5: =$G5 -> 1.5884046 | I5: =$G5 -> 1.5884046 | J5: ='Calc%FTE'!E38 -> 2.005139 | K5: =$J5 -> 2.005139 | L5: =$J5 -> 2.005139 | M5: =$J5 -> 2.005139 | N5: =$J5 -> 2.005139 | O5: =$J5 -> 2.005139 | P5: =$J5 -> 2.005139 | Q5: =$J5 -> 2.005139 | R5: =$J5 -> 2.005139 | S5: =$J5 -> 2.005139 | T5: =E5 -> 1.2097574 | U5: ='Calc%FTE'!E37 -> 1.3995716 | V5: =$U5 -> 1.3995716 | W5: =$U5 -> 1.3995716 | X5: =$U5 -> 1.3995716 | Y5: =$U5 -> 1.3995716 | Z5: FTERate
A6: HBCRates | B6: 3 | C6: 0.9301 | D6: 0.9301 | E6: 0.9301 | F6: =$E6 -> 0.9301 | G6: 0.83 | H6: 0.677 | I6: =H6 -> 0.677 | J6: 0.6219 | K6: 0.6422 | L6: 0.5687 | M6: =L6 -> 0.5687 | N6: 0.6158 | O6: =N6 -> 0.6158 | P6: =O6 -> 0.6158 | Q6: =P6 -> 0.6158 | R6: =Q6 -> 0.6158 | S6: =R6 -> 0.6158 | T6: 0.9301 | U6: 0.9452 | V6: =$U6 -> 0.9452 | W6: =$U6 -> 0.9452 | X6: =$U6 -> 0.9452 | Y6: =$U6 -> 0.9452 | Z6: HBCRates
A8: Note:
A9: Removal means concurrent, online degree etc.
A10: FTERate = FTE / Total Headcount, Total Headcount includes online and concurrent enrollment

Sheet Result
D2: 0.85 | E2: 0.15
D3: U of U | F3: WSU Ogden | I3: SLCC | T3: UVU
A4: Year | B4: LDSBC | C4: Westmintor | D4: Main | E4: Med | F4: Ogden | G4: Davis | H4: west | I4: =M47 -> Taylorsville Redwood Campus | J4: =N47 -> South City Campus | K4: =O47 -> Jordan Campus | L4: =P47 -> Meadowbrook | M4: =Q47 -> Miller Campus & Miller Campus (Internet) | N4: =R47 -> Library Square Center (Opened Spring 06-07) | O4: =S47 -> highland | P4: =T47 -> Ariport | Q4: =U47 -> Westpointe | R4: Heriman | S4: BYU | T4: main | U4: Geneva | V4: thankPoint | W4: vineyard | X4: payson
A5: 2010 | B5: =B6-100 -> 2000 | C5: =Westminstor!B24 -> 3200 | D5: =U!$F42 * D$2 -> 26896.55 | E5: =U!$F42 * E$2 -> 4746.45 | F5: =ROUND(WSU!F123*0.79,0) -> 19352 | G5: =ROUND(WSU!F123*0.18,0) -> 4409 | H5: =ROUND(WSU!F123*0.03,0) -> 735 | I5: =ROUND(slcc!$C24*M$48,0) -> 18914 | J5: =ROUND(slcc!$C24*N$48,0) -> 6394 | K5: =ROUND(slcc!$C24*O$48,0) -> 7160 | L5: =ROUND(slcc!$C24*P$48,0) -> 268 | M5: =ROUND(slcc!$C24*Q$48,0) -> 2718 | N5: =ROUND(slcc!$C24*R$48,0) -> 1187 | O5: =ROUND(slcc!$C24*S$48,0) -> 1072 | P5: 200 | Q5: =ROUND(slcc!$C24*U$48,0) -> 421 | S5: =BYU!E6 -> 32947 | T5: =ROUND(UVU!C24-V5-U5,0) -> 31340 | V5: 399
A6: 2011 | B6: =B7-100 -> 2100 | C6: =Westminstor!B25 -> 3207.5 | D6: =U!$F43 * D$2 -> 27813.7 | E6: =U!$F43 * E$2 -> 4908.3 | F6: =ROUND(WSU!F124*0.79,0) -> 20742 | G6: =ROUND(WSU!F124*0.18,0) -> 4726 | H6: =ROUND(WSU!F124*0.03,0) -> 788 | I6: =ROUND(slcc!$C25*M$48,0) -> 18170 | J6: =ROUND(slcc!$C25*N$48,0) -> 6143 | K6: =ROUND(slcc!$C25*O$48,0) -> 6878 | L6: =ROUND(slcc!$C25*P$48,0) -> 257 | M6: =ROUND(slcc!$C25*Q$48,0) -> 2612 | N6: =ROUND(slcc!$C25*R$48,0) -> 1140 | O6: =ROUND(slcc!$C25*S$48,0) -> 1030 | P6: =P5+20 -> 220 | Q6: =ROUND(slcc!$C25*U$48,0) -> 405 | S6: =ROUND(S$5+(S$45-S$5)*($A6-$A$5)/($A$45-$A$5),0) -> 32973 | T6: =UVU!C25-SUM(U6:X6) -> 32334 | V6: 400
A7: 2012 | B7: =LDSBC!B3 -> 2200 | C7: =Westminstor!B26 -> 3215 | D7: =U!$F44 * D$2 -> 28297.35 | E7: =U!$F44 * E$2 -> 4993.65 | F7: =F6+0.45*(WSU!F125-WSU!F124) -> 21248.25 | G7: =G6+0.45*(WSU!F125-WSU!F124) -> 5232.25 | H7: =H6+0.1*(WSU!F125-WSU!F124) -> 900.5 | I7: =ROUND(slcc!$C26*M$48,0) -> 17687 | J7: =ROUND(slcc!$C26*N$48,0) -> 5979 | K7: =ROUND(slcc!$C26*O$48,0) -> 6695 | L7: =ROUND(slcc!$C26*P$48,0) -> 251 | M7: =ROUND(slcc!$C26*Q$48,0) -> 2542 | N7: =ROUND(slcc!$C26*R$48,0) -> 1110 | O7: =ROUND(slcc!$C26*S$48,0) -> 1003 | P7: =P6+20 -> 240 | Q7: =ROUND(slcc!$C26*U$48,0) -> 394 | S7: =ROUND(S$5+(S$45-S$5)*($A7-$A$5)/($A$45-$A$5),0) -> 33000 | T7: =UVU!C26-SUM(U7:X7) -> 31403 | V7: =ROUND(V$6+(V$45-V$6)*($A7-$A$6)/($A$45-$A$6),0) -> 407
A8: 2013 | B8: =LDSBC!B4 -> 2307.8947 | C8: =Westminstor!B27 -> 3222.5 | D8: =U!$F45 * D$2 -> 30792.1 | E8: =U!$F45 * E$2 -> 5433.9 | F8: =F7+0.45*(WSU!F126-WSU!F125) -> 20575.5 | G8: =G7+0.45*(WSU!F126-WSU!F125) -> 4559.5 | H8: =H7+0.1*(WSU!F126-WSU!F125) -> 751 | I8: =ROUND(slcc!$C27*M$48,0) -> 17311 | J8: =ROUND(slcc!$C27*N$48,0) -> 5852 | K8: =ROUND(slcc!$C27*O$48,0) -> 6553 | L8: =ROUND(slcc!$C27*P$48,0) -> 245 | M8: =ROUND(slcc!$C27*Q$48,0) -> 2488 | N8: =ROUND(slcc!$C27*R$48,0) -> 1086 | O8: =ROUND(slcc!$C27*S$48,0) -> 981 | P8: =P7+20 -> 260 | Q8: =ROUND(slcc!$C27*U$48,0) -> 385 | S8: =ROUND(S$5+(S$45-S$5)*($A8-$A$5)/($A$45-$A$5),0) -> 33026 | T8: =UVU!C27-SUM(U8:X8) -> 30466 | V8: =ROUND(V$6+(V$45-V$6)*($A8-$A$6)/($A$45-$A$6),0) -> 414
A9: 2014 | B9: =LDSBC!B5 -> 2415.7895 | C9: =Westminstor!B28 -> 3230 | D9: =U!$F46 * D$2 -> 27202.55 | E9: =U!$F46 * E$2 -> 4800.45 | F9: =F8+0.45*(WSU!F127-WSU!F126) -> 21037.65 | G9: =G8+0.45*(WSU!F127-WSU!F126) -> 5021.65 | H9: =H8+0.1*(WSU!F127-WSU!F126) -> 853.7 | I9: =ROUND(slcc!$C28*M$48,0) -> 16525 | J9: =ROUND(slcc!$C28*N$48,0) -> 5586 | K9: =ROUND(slcc!$C28*O$48,0) -> 6255 | L9: =ROUND(slcc!$C28*P$48,0) -> 234 | M9: =ROUND(slcc!$C28*Q$48,0) -> 2375 | N9: =ROUND(slcc!$C28*R$48,0) -> 1037 | O9: =ROUND(slcc!$C28*S$48,0) -> 937 | P9: =P8+20 -> 280 | Q9: =ROUND(slcc!$C28*U$48,0) -> 368 | S9: =ROUND(S$5+(S$45-S$5)*($A9-$A$5)/($A$45-$A$5),0) -> 33052 | T9: =UVU!C28-SUM(U9:X9) -> 31168 | V9: =ROUND(V$6+(V$45-V$6)*($A9-$A$6)/($A$45-$A$6),0) -> 421
A10: 2015 | B10: =LDSBC!B6 -> 2523.6842 | C10: =Westminstor!B29 -> 3237.5 | D10: =U!$F47 * D$2 -> 27331.75 | E10: =U!$F47 * E$2 -> 4823.25 | F10: =F9+0.45*(WSU!F128-WSU!F127) -> 20740.2 | G10: =G9+0.45*(WSU!F128-WSU!F127) -> 4724.2 | H10: =H9+0.1*(WSU!F128-WSU!F127) -> 787.6 | I10: =ROUND(slcc!$C29*M$48,0) -> 15379 | J10: =ROUND(slcc!$C29*N$48,0) -> 5199 | K10: =ROUND(slcc!$C29*O$48,0) -> 5821 | L10: =ROUND(slcc!$C29*P$48,0) -> 218 | M10: =ROUND(slcc!$C29*Q$48,0) -> 2210 | N10: =ROUND(slcc!$C29*R$48,0) -> 965 | O10: =ROUND(slcc!$C29*S$48,0) -> 872 | P10: =P9+20 -> 300 | Q10: =ROUND(slcc!$C29*U$48,0) -> 342 | S10: =ROUND(S$5+(S$45-S$5)*($A10-$A$5)/($A$45-$A$5),0) -> 33079 | T10: =UVU!C29-SUM(U10:X10) -> 32457 | U10: 680 | V10: =ROUND(V$6+(V$45-V$6)*($A10-$A$6)/($A$45-$A$6),0) -> 428
A11: 2016 | B11: =LDSBC!B7 -> 2631.5789 | C11: =Westminstor!B30 -> 3245 | D11: =U!$F48 * D$2 -> 27583.35 | E11: =U!$F48 * E$2 -> 4867.65 | F11: =F10+0.45*(WSU!F129-WSU!F128) -> 21183 | G11: =G10+0.45*(WSU!F129-WSU!F128) -> 5167 | H11: =H10+0.1*(WSU!F129-WSU!F128) -> 886 | I11: =ROUND(slcc!$C30*M$48,0) -> 15874 | J11: =ROUND(slcc!$C30*N$48,0) -> 5366 | K11: =ROUND(slcc!$C30*O$48,0) -> 6009 | L11: =ROUND(slcc!$C30*P$48,0) -> 225 | M11: =ROUND(slcc!$C30*Q$48,0) -> 2281 | N11: =ROUND(slcc!$C30*R$48,0) -> 996 | O11: =ROUND(slcc!$C30*S$48,0) -> 900 | P11: =P10+20 -> 320 | Q11: =ROUND(slcc!$C30*U$48,0) -> 353 | S11: =ROUND(S$5+(S$45-S$5)*($A11-$A$5)/($A$45-$A$5),0) -> 33105 | T11: =UVU!C30-SUM(U11:X11) -> 33992 | U11: =ROUND(U$10+(U$45-U$10)*($A11-$A$10)/($A$45-$A$10),0) -> 699 | V11: =ROUND(V$6+(V$45-V$6)*($A11-$A$6)/($A$45-$A$6),0) -> 435
A12: 2017 | B12: =LDSBC!B8 -> 2739.4737 | C12: =Westminstor!B31 -> 3252.5 | D12: =U!$F49 * D$2 -> 28180.05 | E12: =U!$F49 * E$2 -> 4972.95 | F12: =F11+0.45*(WSU!F130-WSU!F129) -> 21697.35 | G12: =G11+0.45*(WSU!F130-WSU!F129) -> 5681.35 | H12: =H11+0.1*(WSU!F130-WSU!F129) -> 1000.3 | I12: =ROUND(slcc!$C31*M$48,0) -> 15945 | J12: =ROUND(slcc!$C31*N$48,0) -> 5390 | K12: =ROUND(slcc!$C31*O$48,0) -> 6036 | L12: =ROUND(slcc!$C31*P$48,0) -> 226 | M12: =ROUND(slcc!$C31*Q$48,0) -> 2292 | N12: =ROUND(slcc!$C31*R$48,0) -> 1001 | O12: =ROUND(slcc!$C31*S$48,0) -> 904 | P12: =P11+20 -> 340 | Q12: =ROUND(slcc!$C31*U$48,0) -> 355 | S12: =ROUND(S$5+(S$45-S$5)*($A12-$A$5)/($A$45-$A$5),0) -> 33131 | T12: =UVU!C31-SUM(U12:X12) -> 36625 | U12: =ROUND(U$10+(U$45-U$10)*($A12-$A$10)/($A$45-$A$10),0) -> 718 | V12: =ROUND(V$6+(V$45-V$6)*($A12-$A$6)/($A$45-$A$6),0) -> 442
A13: 2018 | B13: =LDSBC!B9 -> 2847.3684 | C13: =Westminstor!B32 -> 3260 | D13: =U!$F50 * D$2 -> 29109.95 | E13: =U!$F50 * E$2 -> 5137.05 | F13: =F12+0.45*(WSU!F131-WSU!F130) -> 22755.251 | G13: =G12+0.45*(WSU!F131-WSU!F130) -> 6739.251 | H13: =H12+0.1*(WSU!F131-WSU!F130) -> 1235.3891 | I13: =ROUND(slcc!$C32*M$48,0) -> 16295 | J13: =ROUND(slcc!$C32*N$48,0) -> 5508 | K13: =ROUND(slcc!$C32*O$48,0) -> 6168 | L13: =ROUND(slcc!$C32*P$48,0) -> 231 | M13: =ROUND(slcc!$C32*Q$48,0) -> 2342 | N13: =ROUND(slcc!$C32*R$48,0) -> 1023 | O13: =ROUND(slcc!$C32*S$48,0) -> 924 | P13: =P12+20 -> 360 | Q13: =ROUND(slcc!$C32*U$48,0) -> 363 | S13: =ROUND(S$5+(S$45-S$5)*($A13-$A$5)/($A$45-$A$5),0) -> 33158 | T13: =UVU!C32-SUM(U13:X13) -> 36557.193 | U13: =ROUND(U$10+(U$45-U$10)*($A13-$A$10)/($A$45-$A$10),0) -> 737 | V13: =ROUND(V$6+(V$45-V$6)*($A13-$A$6)/($A$45-$A$6),0) -> 448
A14: 2019 | B14: =LDSBC!B10 -> 2955.2632 | C14: =Westminstor!B33 -> 3267.5 | D14: =U!$F51 * D$2 -> 29959.1 | E14: =U!$F51 * E$2 -> 5286.9 | F14: =F13+0.45*(WSU!F132-WSU!F131) -> 23382.042 | G14: =G13+0.45*(WSU!F132-WSU!F131) -> 7366.0424 | H14: =H13+0.1*(WSU!F132-WSU!F131) -> 1374.6761 | I14: =ROUND(slcc!$C33*M$48,0) -> 16627 | J14: =ROUND(slcc!$C33*N$48,0) -> 5621 | K14: =ROUND(slcc!$C33*O$48,0) -> 6294 | L14: =ROUND(slcc!$C33*P$48,0) -> 236 | M14: =ROUND(slcc!$C33*Q$48,0) -> 2390 | N14: =ROUND(slcc!$C33*R$48,0) -> 1043 | O14: =ROUND(slcc!$C33*S$48,0) -> 942 | P14: =P13+20 -> 380 | Q14: =ROUND(slcc!$C33*U$48,0) -> 370 | S14: =ROUND(S$5+(S$45-S$5)*($A14-$A$5)/($A$45-$A$5),0) -> 33184 | T14: =UVU!C33-SUM(U14:X14) -> 37930.643 | U14: =ROUND(U$10+(U$45-U$10)*($A14-$A$10)/($A$45-$A$10),0) -> 755 | V14: =ROUND(V$6+(V$45-V$6)*($A14-$A$6)/($A$45-$A$6),0) -> 455
A15: 2020 | B15: =LDSBC!B11 -> 3063.1579 | C15: =Westminstor!B34 -> 3275 | D15: =U!$F52 * D$2 -> 30666.3 | E15: =U!$F52 * E$2 -> 5411.7 | F15: =F14+0.45*(WSU!F133-WSU!F132) -> 24004.267 | G15: =G14+0.45*(WSU!F133-WSU!F132) -> 7988.2666 | H15: =H14+0.1*(WSU!F133-WSU!F132) -> 1512.9481 | I15: =ROUND(slcc!$C34*M$48,0) -> 16968 | J15: =ROUND(slcc!$C34*N$48,0) -> 5736 | K15: =ROUND(slcc!$C34*O$48,0) -> 6423 | L15: =ROUND(slcc!$C34*P$48,0) -> 240 | M15: =ROUND(slcc!$C34*Q$48,0) -> 2439 | N15: =ROUND(slcc!$C34*R$48,0) -> 1065 | O15: =ROUND(slcc!$C34*S$48,0) -> 962 | P15: =P14+20 -> 400 | Q15: =ROUND(slcc!$C34*U$48,0) -> 378 | S15: =ROUND(S$5+(S$45-S$5)*($A15-$A$5)/($A$45-$A$5),0) -> 33210 | T15: =UVU!C34-SUM(U15:X15) -> 39358.186 | U15: =ROUND(U$10+(U$45-U$10)*($A15-$A$10)/($A$45-$A$10),0) -> 774 | V15: =ROUND(V$6+(V$45-V$6)*($A15-$A$6)/($A$45-$A$6),0) -> 462
A16: 2021 | B16: =LDSBC!B12 -> 3171.0526 | C16: =Westminstor!B35 -> 3282.5 | D16: =U!$F53 * D$2 -> 30990.15 | E16: =U!$F53 * E$2 -> 5468.85 | F16: =F15+0.45*(WSU!F134-WSU!F133) -> 24610.161 | G16: =G15+0.45*(WSU!F134-WSU!F133) -> 8594.1612 | H16: =H15+0.1*(WSU!F134-WSU!F133) -> 1647.5914 | I16: =ROUND(slcc!$C35*M$48,0) -> 17316 | J16: =ROUND(slcc!$C35*N$48,0) -> 5854 | K16: =ROUND(slcc!$C35*O$48,0) -> 6555 | L16: =ROUND(slcc!$C35*P$48,0) -> 245 | M16: =ROUND(slcc!$C35*Q$48,0) -> 2489 | N16: =ROUND(slcc!$C35*R$48,0) -> 1087 | O16: =ROUND(slcc!$C35*S$48,0) -> 981 | P16: =P15+20 -> 420 | Q16: =ROUND(slcc!$C35*U$48,0) -> 386 | S16: =ROUND(S$5+(S$45-S$5)*($A16-$A$5)/($A$45-$A$5),0) -> 33237 | T16: =UVU!C35-SUM(U16:X16) -> 40617.821 | U16: =ROUND(U$10+(U$45-U$10)*($A16-$A$10)/($A$45-$A$10),0) -> 793 | V16: =ROUND(V$6+(V$45-V$6)*($A16-$A$6)/($A$45-$A$6),0) -> 469
A17: 2022 | B17: =LDSBC!B13 -> 3278.9474 | C17: =Westminstor!B36 -> 3290 | D17: =U!$F54 * D$2 -> 31236.65 | E17: =U!$F54 * E$2 -> 5512.35 | F17: =F16+0.45*(WSU!F135-WSU!F134) -> 25193.797 | G17: =G16+0.45*(WSU!F135-WSU!F134) -> 9177.797 | H17: =H16+0.1*(WSU!F135-WSU!F134) -> 1777.2882 | I17: =ROUND(slcc!$C36*M$48,0) -> 17665 | J17: =ROUND(slcc!$C36*N$48,0) -> 5972 | K17: =ROUND(slcc!$C36*O$48,0) -> 6687 | L17: =ROUND(slcc!$C36*P$48,0) -> 250 | M17: =ROUND(slcc!$C36*Q$48,0) -> 2539 | N17: =ROUND(slcc!$C36*R$48,0) -> 1109 | O17: =ROUND(slcc!$C36*S$48,0) -> 1001 | P17: =P16+20 -> 440 | Q17: =ROUND(slcc!$C36*U$48,0) -> 393 | S17: =ROUND(S$5+(S$45-S$5)*($A17-$A$5)/($A$45-$A$5),0) -> 33263 | T17: =UVU!C36-SUM(U17:X17) -> 42059.167 | U17: =ROUND(U$10+(U$45-U$10)*($A17-$A$10)/($A$45-$A$10),0) -> 812 | V17: =ROUND(V$6+(V$45-V$6)*($A17-$A$6)/($A$45-$A$6),0) -> 476
A18: 2023 | B18: =LDSBC!B14 -> 3386.8421 | C18: =Westminstor!B37 -> 3297.5 | D18: =U!$F55 * D$2 -> 31499.3 | E18: =U!$F55 * E$2 -> 5558.7 | F18: =F17+0.45*(WSU!F136-WSU!F135) -> 25753.623 | G18: =G17+0.45*(WSU!F136-WSU!F135) -> 9737.6228 | H18: =H17+0.1*(WSU!F136-WSU!F135) -> 1901.6939 | I18: =ROUND(slcc!$C37*M$48,0) -> 18015 | J18: =ROUND(slcc!$C37*N$48,0) -> 6090 | K18: =ROUND(slcc!$C37*O$48,0) -> 6820 | L18: =ROUND(slcc!$C37*P$48,0) -> 255 | M18: =ROUND(slcc!$C37*Q$48,0) -> 2589 | N18: =ROUND(slcc!$C37*R$48,0) -> 1131 | O18: =ROUND(slcc!$C37*S$48,0) -> 1021 | P18: =P17+20 -> 460 | Q18: =ROUND(slcc!$C37*U$48,0) -> 401 | S18: =ROUND(S$5+(S$45-S$5)*($A18-$A$5)/($A$45-$A$5),0) -> 33289 | T18: =UVU!C37-SUM(U18:X18) -> 43355.776 | U18: =ROUND(U$10+(U$45-U$10)*($A18-$A$10)/($A$45-$A$10),0) -> 831 | V18: =ROUND(V$6+(V$45-V$6)*($A18-$A$6)/($A$45-$A$6),0) -> 483 | W18: 200
A19: 2024 | B19: =LDSBC!B15 -> 3494.7368 | C19: =Westminstor!B38 -> 3305 | D19: =U!$F56 * D$2 -> 31885.2 | E19: =U!$F56 * E$2 -> 5626.8 | F19: =F18+0.45*(WSU!F137-WSU!F136) -> 26291.059 | G19: =G18+0.45*(WSU!F137-WSU!F136) -> 10275.059 | H19: =H18+0.1*(WSU!F137-WSU!F136) -> 2021.1242 | I19: =ROUND(slcc!$C38*M$48,0) -> 18361 | J19: =ROUND(slcc!$C38*N$48,0) -> 6207 | K19: =ROUND(slcc!$C38*O$48,0) -> 6950 | L19: =ROUND(slcc!$C38*P$48,0) -> 260 | M19: =ROUND(slcc!$C38*Q$48,0) -> 2639 | N19: =ROUND(slcc!$C38*R$48,0) -> 1152 | O19: =ROUND(slcc!$C38*S$48,0) -> 1041 | P19: =P18+20 -> 480 | Q19: =ROUND(slcc!$C38*U$48,0) -> 409 | R19: 400 | S19: =ROUND(S$5+(S$45-S$5)*($A19-$A$5)/($A$45-$A$5),0) -> 33316 | T19: =UVU!C38-SUM(U19:X19) -> 44856.208 | U19: =ROUND(U$10+(U$45-U$10)*($A19-$A$10)/($A$45-$A$10),0) -> 850 | V19: =ROUND(V$6+(V$45-V$6)*($A19-$A$6)/($A$45-$A$6),0) -> 490 | W19: =W18+(W$45-$W$18)/($A$45-$A$18) -> 254.62963
A20: 2025 | B20: =LDSBC!B16 -> 3602.6316 | C20: =Westminstor!B39 -> 3312.5 | D20: =U!$F57 * D$2 -> 32363.75 | E20: =U!$F57 * E$2 -> 5711.25 | F20: =F19+0.45*(WSU!F138-WSU!F137) -> 26809.208 | G20: =G19+0.45*(WSU!F138-WSU!F137) -> 10793.208 | H20: =H19+0.1*(WSU!F138-WSU!F137) -> 2136.2684 | I20: =ROUND(slcc!$C39*M$48,0) -> 18707 | J20: =ROUND(slcc!$C39*N$48,0) -> 6324 | K20: =ROUND(slcc!$C39*O$48,0) -> 7082 | L20: =ROUND(slcc!$C39*P$48,0) -> 265 | M20: =ROUND(slcc!$C39*Q$48,0) -> 2689 | N20: =ROUND(slcc!$C39*R$48,0) -> 1174 | O20: =ROUND(slcc!$C39*S$48,0) -> 1060 | P20: =P19+20 -> 500 | Q20: =ROUND(slcc!$C39*U$48,0) -> 417 | R20: =R19+224 -> 624 | S20: =ROUND(S$5+(S$45-S$5)*($A20-$A$5)/($A$45-$A$5),0) -> 33342 | T20: =UVU!C39-SUM(U20:X20) -> 46416.373 | U20: =ROUND(U$10+(U$45-U$10)*($A20-$A$10)/($A$45-$A$10),0) -> 869 | V20: =ROUND(V$6+(V$45-V$6)*($A20-$A$6)/($A$45-$A$6),0) -> 497 | W20: =W19+(W$45-$W$18)/($A$45-$A$18) -> 309.25926
A21: 2026 | B21: =LDSBC!B17 -> 3710.5263 | C21: =Westminstor!B40 -> 3320 | D21: =U!$F58 * D$2 -> 32839.75 | E21: =U!$F58 * E$2 -> 5795.25 | F21: =F20+0.45*(WSU!F139-WSU!F138) -> 27265.627 | G21: =G20+0.45*(WSU!F139-WSU!F138) -> 11249.627 | H21: =H20+0.1*(WSU!F139-WSU!F138) -> 2237.6949 | I21: =ROUND(slcc!$C40*M$48,0) -> 19050 | J21: =ROUND(slcc!$C40*N$48,0) -> 6440 | K21: =ROUND(slcc!$C40*O$48,0) -> 7211 | L21: =ROUND(slcc!$C40*P$48,0) -> 270 | M21: =ROUND(slcc!$C40*Q$48,0) -> 2738 | N21: =ROUND(slcc!$C40*R$48,0) -> 1195 | O21: =ROUND(slcc!$C40*S$48,0) -> 1080 | P21: =P20+20 -> 520 | Q21: =ROUND(slcc!$C40*U$48,0) -> 424 | R21: =R20+224 -> 848 | S21: =ROUND(S$5+(S$45-S$5)*($A21-$A$5)/($A$45-$A$5),0) -> 33368 | T21: =UVU!C40-SUM(U21:X21) -> 48040.111 | U21: =ROUND(U$10+(U$45-U$10)*($A21-$A$10)/($A$45-$A$10),0) -> 887 | V21: =ROUND(V$6+(V$45-V$6)*($A21-$A$6)/($A$45-$A$6),0) -> 504 | W21: =W20+(W$45-$W$18)/($A$45-$A$18) -> 363.88889
A22: 2027 | B22: =LDSBC!B18 -> 3818.4211 | C22: =Westminstor!B41 -> 3327.5 | D22: =U!$F59 * D$2 -> 33274.1 | E22: =U!$F59 * E$2 -> 5871.9 | F22: =ROUND(F$21+(F$45-F$21)*($A22-$A$21)/($A$45-$A$21),0) -> 27308 | G22: =ROUND(G$21+(G$45-G$21)*($A22-$A$21)/($A$45-$A$21),0) -> 11292 | H22: =ROUND(H$21+(H$45-H$21)*($A22-$A$21)/($A$45-$A$21),0) -> 2247 | I22: =ROUND(slcc!$C41*M$48,0) -> 19603 | J22: =ROUND(slcc!$C41*N$48,0) -> 6627 | K22: =ROUND(slcc!$C41*O$48,0) -> 7420 | L22: =ROUND(slcc!$C41*P$48,0) -> 278 | M22: =ROUND(slcc!$C41*Q$48,0) -> 2817 | N22: =ROUND(slcc!$C41*R$48,0) -> 1230 | O22: =ROUND(slcc!$C41*S$48,0) -> 1111 | P22: =P21+20 -> 540 | Q22: =ROUND(slcc!$C41*U$48,0) -> 436 | R22: =R21+224 -> 1072 | S22: =ROUND(S$5+(S$45-S$5)*($A22-$A$5)/($A$45-$A$5),0) -> 33395 | T22: =UVU!C41-SUM(U22:X22) -> 48648.44 | U22: =ROUND(U$10+(U$45-U$10)*($A22-$A$10)/($A$45-$A$10),0) -> 906 | V22: =ROUND(V$6+(V$45-V$6)*($A22-$A$6)/($A$45-$A$6),0) -> 511 | W22: =W21+(W$45-$W$18)/($A$45-$A$18) -> 418.51852
A23: 2028 | B23: =LDSBC!B19 -> 3926.3158 | C23: =Westminstor!B42 -> 3335 | D23: =U!$F60 * D$2 -> 33666.8 | E23: =U!$F60 * E$2 -> 5941.2 | F23: =ROUND(F$21+(F$45-F$21)*($A23-$A$21)/($A$45-$A$21),0) -> 27350 | G23: =ROUND(G$21+(G$45-G$21)*($A23-$A$21)/($A$45-$A$21),0) -> 11334 | H23: =ROUND(H$21+(H$45-H$21)*($A23-$A$21)/($A$45-$A$21),0) -> 2256 | I23: =ROUND(slcc!$C42*M$48,0) -> 20155 | J23: =ROUND(slcc!$C42*N$48,0) -> 6814 | K23: =ROUND(slcc!$C42*O$48,0) -> 7630 | L23: =ROUND(slcc!$C42*P$48,0) -> 286 | M23: =ROUND(slcc!$C42*Q$48,0) -> 2897 | N23: =ROUND(slcc!$C42*R$48,0) -> 1265 | O23: =ROUND(slcc!$C42*S$48,0) -> 1142 | P23: =P22+20 -> 560 | Q23: =ROUND(slcc!$C42*U$48,0) -> 449 | R23: =R22+224 -> 1296 | S23: =ROUND(S$5+(S$45-S$5)*($A23-$A$5)/($A$45-$A$5),0) -> 33421 | T23: =UVU!C42-SUM(U23:X23) -> 49256.769 | U23: =ROUND(U$10+(U$45-U$10)*($A23-$A$10)/($A$45-$A$10),0) -> 925 | V23: =ROUND(V$6+(V$45-V$6)*($A23-$A$6)/($A$45-$A$6),0) -> 518 | W23: =W22+(W$45-$W$18)/($A$45-$A$18) -> 473.14815
A24: 2029 | B24: =LDSBC!B20 -> 4034.2105 | C24: =Westminstor!B43 -> 3342.5 | D24: =U!$F61 * D$2 -> 34017.85 | E24: =U!$F61 * E$2 -> 6003.15 | F24: =ROUND(F$21+(F$45-F$21)*($A24-$A$21)/($A$45-$A$21),0) -> 27392 | G24: =ROUND(G$21+(G$45-G$21)*($A24-$A$21)/($A$45-$A$21),0) -> 11376 | H24: =ROUND(H$21+(H$45-H$21)*($A24-$A$21)/($A$45-$A$21),0) -> 2266 | I24: =ROUND(slcc!$C43*M$48,0) -> 20707 | J24: =ROUND(slcc!$C43*N$48,0) -> 7000 | K24: =ROUND(slcc!$C43*O$48,0) -> 7839 | L24: =ROUND(slcc!$C43*P$48,0) -> 293 | M24: =ROUND(slcc!$C43*Q$48,0) -> 2976 | N24: =ROUND(slcc!$C43*R$48,0) -> 1299 | O24: =ROUND(slcc!$C43*S$48,0) -> 1174 | P24: =P23+20 -> 580 | Q24: =ROUND(slcc!$C43*U$48,0) -> 461 | R24: =R23+224 -> 1520 | S24: =ROUND(S$5+(S$45-S$5)*($A24-$A$5)/($A$45-$A$5),0) -> 33447 | T24: =UVU!C43-SUM(U24:X24) -> 49865.097 | U24: =ROUND(U$10+(U$45-U$10)*($A24-$A$10)/($A$45-$A$10),0) -> 944 | V24: =ROUND(V$6+(V$45-V$6)*($A24-$A$6)/($A$45-$A$6),0) -> 525 | W24: =W23+(W$45-$W$18)/($A$45-$A$18) -> 527.77778
A25: 2030 | B25: =LDSBC!B21 -> 4142.1053 | C25: =Westminstor!B44 -> 3350 | D25: =U!$F62 * D$2 -> 34327.25 | E25: =U!$F62 * E$2 -> 6057.75 | F25: =ROUND(F$21+(F$45-F$21)*($A25-$A$21)/($A$45-$A$21),0) -> 27434 | G25: =ROUND(G$21+(G$45-G$21)*($A25-$A$21)/($A$45-$A$21),0) -> 11418 | H25: =ROUND(H$21+(H$45-H$21)*($A25-$A$21)/($A$45-$A$21),0) -> 2275 | I25: =ROUND(slcc!$C44*M$48,0) -> 21260 | J25: =ROUND(slcc!$C44*N$48,0) -> 7187 | K25: =ROUND(slcc!$C44*O$48,0) -> 8048 | L25: =ROUND(slcc!$C44*P$48,0) -> 301 | M25: =ROUND(slcc!$C44*Q$48,0) -> 3056 | N25: =ROUND(slcc!$C44*R$48,0) -> 1334 | O25: =ROUND(slcc!$C44*S$48,0) -> 1205 | P25: =P24+20 -> 600 | Q25: =ROUND(slcc!$C44*U$48,0) -> 473 | R25: =R24+224 -> 1744 | S25: =ROUND(S$5+(S$45-S$5)*($A25-$A$5)/($A$45-$A$5),0) -> 33474 | T25: =UVU!C44-SUM(U25:X25) -> 50473.426 | U25: =ROUND(U$10+(U$45-U$10)*($A25-$A$10)/($A$45-$A$10),0) -> 963 | V25: =ROUND(V$6+(V$45-V$6)*($A25-$A$6)/($A$45-$A$6),0) -> 532 | W25: =W24+(W$45-$W$18)/($A$45-$A$18) -> 582.40741
A26: 2031 | B26: =LDSBC!B22 -> 4250 | C26: =Westminstor!B45 -> 3357.5 | D26: =U!$F63 * D$2 -> 34595 | E26: =U!$F63 * E$2 -> 6105 | F26: =ROUND(F$21+(F$45-F$21)*($A26-$A$21)/($A$45-$A$21),0) -> 27476 | G26: =ROUND(G$21+(G$45-G$21)*($A26-$A$21)/($A$45-$A$21),0) -> 11460 | H26: =ROUND(H$21+(H$45-H$21)*($A26-$A$21)/($A$45-$A$21),0) -> 2285 | I26: =ROUND(slcc!$C45*M$48,0) -> 21812 | J26: =ROUND(slcc!$C45*N$48,0) -> 7374 | K26: =ROUND(slcc!$C45*O$48,0) -> 8257 | L26: =ROUND(slcc!$C45*P$48,0) -> 309 | M26: =ROUND(slcc!$C45*Q$48,0) -> 3135 | N26: =ROUND(slcc!$C45*R$48,0) -> 1369 | O26: =ROUND(slcc!$C45*S$48,0) -> 1236 | P26: =P25+20 -> 620 | Q26: =ROUND(slcc!$C45*U$48,0) -> 486 | R26: =R25+224 -> 1968 | S26: =ROUND(S$5+(S$45-S$5)*($A26-$A$5)/($A$45-$A$5),0) -> 33500 | T26: =UVU!C45-SUM(U26:X26) -> 51082.755 | U26: =ROUND(U$10+(U$45-U$10)*($A26-$A$10)/($A$45-$A$10),0) -> 982 | V26: =ROUND(V$6+(V$45-V$6)*($A26-$A$6)/($A$45-$A$6),0) -> 538 | W26: =W25+(W$45-$W$18)/($A$45-$A$18) -> 637.03704
A27: 2032 | B27: =LDSBC!B23 -> 4357.8947 | C27: =Westminstor!B46 -> 3365 | D27: =U!$F64 * D$2 -> 34821.1 | E27: =U!$F64 * E$2 -> 6144.9 | F27: =ROUND(F$21+(F$45-F$21)*($A27-$A$21)/($A$45-$A$21),0) -> 27518 | G27: =ROUND(G$21+(G$45-G$21)*($A27-$A$21)/($A$45-$A$21),0) -> 11502 | H27: =ROUND(H$21+(H$45-H$21)*($A27-$A$21)/($A$45-$A$21),0) -> 2294 | I27: =ROUND(slcc!$C46*M$48,0) -> 22365 | J27: =ROUND(slcc!$C46*N$48,0) -> 7561 | K27: =ROUND(slcc!$C46*O$48,0) -> 8466 | L27: =ROUND(slcc!$C46*P$48,0) -> 317 | M27: =ROUND(slcc!$C46*Q$48,0) -> 3214 | N27: =ROUND(slcc!$C46*R$48,0) -> 1403 | O27: =ROUND(slcc!$C46*S$48,0) -> 1268 | P27: =P26+20 -> 640 | Q27: =ROUND(slcc!$C46*U$48,0) -> 498 | R27: =R26+224 -> 2192 | S27: =ROUND(S$5+(S$45-S$5)*($A27-$A$5)/($A$45-$A$5),0) -> 33526 | T27: =UVU!C46-SUM(U27:X27) -> 51691.083 | U27: =ROUND(U$10+(U$45-U$10)*($A27-$A$10)/($A$45-$A$10),0) -> 1001 | V27: =ROUND(V$6+(V$45-V$6)*($A27-$A$6)/($A$45-$A$6),0) -> 545 | W27: =W26+(W$45-$W$18)/($A$45-$A$18) -> 691.66667
A28: 2033 | B28: =LDSBC!B24 -> 4465.7895 | C28: =Westminstor!B47 -> 3372.5 | D28: =U!$F65 * D$2 -> 35005.55 | E28: =U!$F65 * E$2 -> 6177.45 | F28: =ROUND(F$21+(F$45-F$21)*($A28-$A$21)/($A$45-$A$21),0) -> 27561 | G28: =ROUND(G$21+(G$45-G$21)*($A28-$A$21)/($A$45-$A$21),0) -> 11545 | H28: =ROUND(H$21+(H$45-H$21)*($A28-$A$21)/($A$45-$A$21),0) -> 2303 | I28: =ROUND(slcc!$C47*M$48,0) -> 22917 | J28: =ROUND(slcc!$C47*N$48,0) -> 7747 | K28: =ROUND(slcc!$C47*O$48,0) -> 8675 | L28: =ROUND(slcc!$C47*P$48,0) -> 325 | M28: =ROUND(slcc!$C47*Q$48,0) -> 3294 | N28: =ROUND(slcc!$C47*R$48,0) -> 1438 | O28: =ROUND(slcc!$C47*S$48,0) -> 1299 | P28: =P27+20 -> 660 | Q28: =ROUND(slcc!$C47*U$48,0) -> 510 | R28: =R27+224 -> 2416 | S28: =ROUND(S$5+(S$45-S$5)*($A28-$A$5)/($A$45-$A$5),0) -> 33552 | T28: =UVU!C47-SUM(U28:X28) -> 52000.412 | U28: =ROUND(U$10+(U$45-U$10)*($A28-$A$10)/($A$45-$A$10),0) -> 1019 | V28: =ROUND(V$6+(V$45-V$6)*($A28-$A$6)/($A$45-$A$6),0) -> 552 | W28: =W27+(W$45-$W$18)/($A$45-$A$18) -> 746.2963 | X28: 300
A29: 2034 | B29: =LDSBC!B25 -> 4573.6842 | C29: =Westminstor!B48 -> 3380 | D29: =U!$F66 * D$2 -> 35148.35 | E29: =U!$F66 * E$2 -> 6202.65 | F29: =ROUND(F$21+(F$45-F$21)*($A29-$A$21)/($A$45-$A$21),0) -> 27603 | G29: =ROUND(G$21+(G$45-G$21)*($A29-$A$21)/($A$45-$A$21),0) -> 11587 | H29: =ROUND(H$21+(H$45-H$21)*($A29-$A$21)/($A$45-$A$21),0) -> 2313 | I29: =ROUND(slcc!$C48*M$48,0) -> 23469 | J29: =ROUND(slcc!$C48*N$48,0) -> 7934 | K29: =ROUND(slcc!$C48*O$48,0) -> 8884 | L29: =ROUND(slcc!$C48*P$48,0) -> 333 | M29: =ROUND(slcc!$C48*Q$48,0) -> 3373 | N29: =ROUND(slcc!$C48*R$48,0) -> 1473 | O29: =ROUND(slcc!$C48*S$48,0) -> 1330 | P29: =P28+20 -> 680 | Q29: =ROUND(slcc!$C48*U$48,0) -> 523 | R29: =R28+224 -> 2640 | S29: =ROUND(S$5+(S$45-S$5)*($A29-$A$5)/($A$45-$A$5),0) -> 33579 | T29: =UVU!C48-SUM(U29:X29) -> 52527.858 | U29: =ROUND(U$10+(U$45-U$10)*($A29-$A$10)/($A$45-$A$10),0) -> 1038 | V29: =ROUND(V$6+(V$45-V$6)*($A29-$A$6)/($A$45-$A$6),0) -> 559 | W29: =W28+(W$45-$W$18)/($A$45-$A$18) -> 800.92593 | X29: =X28+(X$45-$X$28)/($A$45-$A$28) -> 380.88235
A30: 2035 | B30: =LDSBC!B26 -> 4681.5789 | C30: =Westminstor!B49 -> 3387.5 | D30: =U!$F67 * D$2 -> 35278.4 | E30: =U!$F67 * E$2 -> 6225.6 | F30: =ROUND(F$21+(F$45-F$21)*($A30-$A$21)/($A$45-$A$21),0) -> 27645 | G30: =ROUND(G$21+(G$45-G$21)*($A30-$A$21)/($A$45-$A$21),0) -> 11629 | H30: =ROUND(H$21+(H$45-H$21)*($A30-$A$21)/($A$45-$A$21),0) -> 2322 | I30: =ROUND(slcc!$C49*M$48,0) -> 24022 | J30: =ROUND(slcc!$C49*N$48,0) -> 8121 | K30: =ROUND(slcc!$C49*O$48,0) -> 9093 | L30: =ROUND(slcc!$C49*P$48,0) -> 340 | M30: =ROUND(slcc!$C49*Q$48,0) -> 3453 | N30: =ROUND(slcc!$C49*R$48,0) -> 1507 | O30: =ROUND(slcc!$C49*S$48,0) -> 1362 | P30: =P29+20 -> 700 | Q30: =ROUND(slcc!$C49*U$48,0) -> 535 | R30: =R29+224 -> 2864 | S30: =ROUND(S$5+(S$45-S$5)*($A30-$A$5)/($A$45-$A$5),0) -> 33605 | T30: =UVU!C49-SUM(U30:X30) -> 53055.305 | U30: =ROUND(U$10+(U$45-U$10)*($A30-$A$10)/($A$45-$A$10),0) -> 1057 | V30: =ROUND(V$6+(V$45-V$6)*($A30-$A$6)/($A$45-$A$6),0) -> 566 | W30: =W29+(W$45-$W$18)/($A$45-$A$18) -> 855.55556 | X30: =X29+(X$45-$X$28)/($A$45-$A$28) -> 461.76471
A31: 2036 | B31: =LDSBC!B27 -> 4789.4737 | C31: =Westminstor!B50 -> 3395 | D31: =U!$F68 * D$2 -> 35395.7 | E31: =U!$F68 * E$2 -> 6246.3 | F31: =ROUND(F$21+(F$45-F$21)*($A31-$A$21)/($A$45-$A$21),0) -> 27687 | G31: =ROUND(G$21+(G$45-G$21)*($A31-$A$21)/($A$45-$A$21),0) -> 11671 | H31: =ROUND(H$21+(H$45-H$21)*($A31-$A$21)/($A$45-$A$21),0) -> 2331 | I31: =ROUND(slcc!$C50*M$48,0) -> 24574 | J31: =ROUND(slcc!$C50*N$48,0) -> 8307 | K31: =ROUND(slcc!$C50*O$48,0) -> 9302 | L31: =ROUND(slcc!$C50*P$48,0) -> 348 | M31: =ROUND(slcc!$C50*Q$48,0) -> 3532 | N31: =ROUND(slcc!$C50*R$48,0) -> 1542 | O31: =ROUND(slcc!$C50*S$48,0) -> 1393 | P31: =P30+20 -> 720 | Q31: =ROUND(slcc!$C50*U$48,0) -> 547 | R31: =R30+224 -> 3088 | S31: =ROUND(S$5+(S$45-S$5)*($A31-$A$5)/($A$45-$A$5),0) -> 33631 | T31: =UVU!C50-SUM(U31:X31) -> 53582.751 | U31: =ROUND(U$10+(U$45-U$10)*($A31-$A$10)/($A$45-$A$10),0) -> 1076 | V31: =ROUND(V$6+(V$45-V$6)*($A31-$A$6)/($A$45-$A$6),0) -> 573 | W31: =W30+(W$45-$W$18)/($A$45-$A$18) -> 910.18519 | X31: =X30+(X$45-$X$28)/($A$45-$A$28) -> 542.64706
A32: 2037 | B32: =LDSBC!B28 -> 4897.3684 | C32: =Westminstor!B51 -> 3402.5 | D32: =U!$F69 * D$2 -> 35500.25 | E32: =U!$F69 * E$2 -> 6264.75 | F32: =ROUND(F$21+(F$45-F$21)*($A32-$A$21)/($A$45-$A$21),0) -> 27729 | G32: =ROUND(G$21+(G$45-G$21)*($A32-$A$21)/($A$45-$A$21),0) -> 11713 | H32: =ROUND(H$21+(H$45-H$21)*($A32-$A$21)/($A$45-$A$21),0) -> 2341 | I32: =ROUND(slcc!$C51*M$48,0) -> 25127 | J32: =ROUND(slcc!$C51*N$48,0) -> 8494 | K32: =ROUND(slcc!$C51*O$48,0) -> 9512 | L32: =ROUND(slcc!$C51*P$48,0) -> 356 | M32: =ROUND(slcc!$C51*Q$48,0) -> 3611 | N32: =ROUND(slcc!$C51*R$48,0) -> 1577 | O32: =ROUND(slcc!$C51*S$48,0) -> 1424 | P32: =P31+20 -> 740 | Q32: =ROUND(slcc!$C51*U$48,0) -> 560 | R32: =R31+224 -> 3312 | S32: =ROUND(S$5+(S$45-S$5)*($A32-$A$5)/($A$45-$A$5),0) -> 33658 | T32: =UVU!C51-SUM(U32:X32) -> 54110.197 | U32: =ROUND(U$10+(U$45-U$10)*($A32-$A$10)/($A$45-$A$10),0) -> 1095 | V32: =ROUND(V$6+(V$45-V$6)*($A32-$A$6)/($A$45-$A$6),0) -> 580 | W32: =W31+(W$45-$W$18)/($A$45-$A$18) -> 964.81481 | X32: =X31+(X$45-$X$28)/($A$45-$A$28) -> 623.52941
A33: 2038 | B33: =LDSBC!B29 -> 5005.2632 | C33: =Westminstor!B52 -> 3410 | D33: =U!$F70 * D$2 -> 35592.05 | E33: =U!$F70 * E$2 -> 6280.95 | F33: =ROUND(F$21+(F$45-F$21)*($A33-$A$21)/($A$45-$A$21),0) -> 27771 | G33: =ROUND(G$21+(G$45-G$21)*($A33-$A$21)/($A$45-$A$21),0) -> 11755 | H33: =ROUND(H$21+(H$45-H$21)*($A33-$A$21)/($A$45-$A$21),0) -> 2350 | I33: =ROUND(slcc!$C52*M$48,0) -> 25679 | J33: =ROUND(slcc!$C52*N$48,0) -> 8681 | K33: =ROUND(slcc!$C52*O$48,0) -> 9721 | L33: =ROUND(slcc!$C52*P$48,0) -> 364 | M33: =ROUND(slcc!$C52*Q$48,0) -> 3691 | N33: =ROUND(slcc!$C52*R$48,0) -> 1611 | O33: =ROUND(slcc!$C52*S$48,0) -> 1455 | P33: =P32+20 -> 760 | Q33: =ROUND(slcc!$C52*U$48,0) -> 572 | R33: =R32+224 -> 3536 | S33: =ROUND(S$5+(S$45-S$5)*($A33-$A$5)/($A$45-$A$5),0) -> 33684 | T33: =UVU!C52-SUM(U33:X33) -> 54637.644 | U33: =ROUND(U$10+(U$45-U$10)*($A33-$A$10)/($A$45-$A$10),0) -> 1114 | V33: =ROUND(V$6+(V$45-V$6)*($A33-$A$6)/($A$45-$A$6),0) -> 587 | W33: =W32+(W$45-$W$18)/($A$45-$A$18) -> 1019.4444 | X33: =X32+(X$45-$X$28)/($A$45-$A$28) -> 704.41176
A34: 2039 | B34: =LDSBC!B30 -> 5113.1579 | C34: =Westminstor!B53 -> 3417.5 | D34: =U!$F71 * D$2 -> 35671.1 | E34: =U!$F71 * E$2 -> 6294.9 | F34: =ROUND(F$21+(F$45-F$21)*($A34-$A$21)/($A$45-$A$21),0) -> 27813 | G34: =ROUND(G$21+(G$45-G$21)*($A34-$A$21)/($A$45-$A$21),0) -> 11797 | H34: =ROUND(H$21+(H$45-H$21)*($A34-$A$21)/($A$45-$A$21),0) -> 2359 | I34: =ROUND(slcc!$C53*M$48,0) -> 26232 | J34: =ROUND(slcc!$C53*N$48,0) -> 8868 | K34: =ROUND(slcc!$C53*O$48,0) -> 9930 | L34: =ROUND(slcc!$C53*P$48,0) -> 372 | M34: =ROUND(slcc!$C53*Q$48,0) -> 3770 | N34: =ROUND(slcc!$C53*R$48,0) -> 1646 | O34: =ROUND(slcc!$C53*S$48,0) -> 1487 | P34: =P33+20 -> 780 | Q34: =ROUND(slcc!$C53*U$48,0) -> 584 | R34: =R33+224 -> 3760 | S34: =ROUND(S$5+(S$45-S$5)*($A34-$A$5)/($A$45-$A$5),0) -> 33710 | T34: =UVU!C53-SUM(U34:X34) -> 55165.09 | U34: =ROUND(U$10+(U$45-U$10)*($A34-$A$10)/($A$45-$A$10),0) -> 1133 | V34: =ROUND(V$6+(V$45-V$6)*($A34-$A$6)/($A$45-$A$6),0) -> 594 | W34: =W33+(W$45-$W$18)/($A$45-$A$18) -> 1074.0741 | X34: =X33+(X$45-$X$28)/($A$45-$A$28) -> 785.29412
A35: 2040 | B35: =LDSBC!B31 -> 5221.0526 | C35: =Westminstor!B54 -> 3425 | D35: =U!$F72 * D$2 -> 35737.4 | E35: =U!$F72 * E$2 -> 6306.6 | F35: =ROUND(F$21+(F$45-F$21)*($A35-$A$21)/($A$45-$A$21),0) -> 27855 | G35: =ROUND(G$21+(G$45-G$21)*($A35-$A$21)/($A$45-$A$21),0) -> 11839 | H35: =ROUND(H$21+(H$45-H$21)*($A35-$A$21)/($A$45-$A$21),0) -> 2369 | I35: =ROUND(slcc!$C54*M$48,0) -> 26784 | J35: =ROUND(slcc!$C54*N$48,0) -> 9054 | K35: =ROUND(slcc!$C54*O$48,0) -> 10139 | L35: =ROUND(slcc!$C54*P$48,0) -> 380 | M35: =ROUND(slcc!$C54*Q$48,0) -> 3850 | N35: =ROUND(slcc!$C54*R$48,0) -> 1681 | O35: =ROUND(slcc!$C54*S$48,0) -> 1518 | P35: =P34+20 -> 800 | Q35: =ROUND(slcc!$C54*U$48,0) -> 596 | R35: =R34+224 -> 3984 | S35: =ROUND(S$5+(S$45-S$5)*($A35-$A$5)/($A$45-$A$5),0) -> 33737 | T35: =UVU!C54-SUM(U35:X35) -> 55693.536 | U35: =ROUND(U$10+(U$45-U$10)*($A35-$A$10)/($A$45-$A$10),0) -> 1151 | V35: =ROUND(V$6+(V$45-V$6)*($A35-$A$6)/($A$45-$A$6),0) -> 601 | W35: =W34+(W$45-$W$18)/($A$45-$A$18) -> 1128.7037 | X35: =X34+(X$45-$X$28)/($A$45-$A$28) -> 866.17647
A36: 2041 | B36: =LDSBC!B32 -> 5328.9474 | C36: =Westminstor!B55 -> 3432.5 | D36: =U!$F73 * D$2 -> 35790.95 | E36: =U!$F73 * E$2 -> 6316.05 | F36: =ROUND(F$21+(F$45-F$21)*($A36-$A$21)/($A$45-$A$21),0) -> 27898 | G36: =ROUND(G$21+(G$45-G$21)*($A36-$A$21)/($A$45-$A$21),0) -> 11882 | H36: =ROUND(H$21+(H$45-H$21)*($A36-$A$21)/($A$45-$A$21),0) -> 2378 | I36: =ROUND(slcc!$C55*M$48,0) -> 27336 | J36: =ROUND(slcc!$C55*N$48,0) -> 9241 | K36: =ROUND(slcc!$C55*O$48,0) -> 10348 | L36: =ROUND(slcc!$C55*P$48,0) -> 387 | M36: =ROUND(slcc!$C55*Q$48,0) -> 3929 | N36: =ROUND(slcc!$C55*R$48,0) -> 1715 | O36: =ROUND(slcc!$C55*S$48,0) -> 1549 | P36: =P35+20 -> 820 | Q36: =ROUND(slcc!$C55*U$48,0) -> 609 | R36: =R35+224 -> 4208 | S36: =ROUND(S$5+(S$45-S$5)*($A36-$A$5)/($A$45-$A$5),0) -> 33763 | T36: =UVU!C55-SUM(U36:X36) -> 56220.983 | U36: =ROUND(U$10+(U$45-U$10)*($A36-$A$10)/($A$45-$A$10),0) -> 1170 | V36: =ROUND(V$6+(V$45-V$6)*($A36-$A$6)/($A$45-$A$6),0) -> 608 | W36: =W35+(W$45-$W$18)/($A$45-$A$18) -> 1183.3333 | X36: =X35+(X$45-$X$28)/($A$45-$A$28) -> 947.05882
A37: 2042 | B37: =LDSBC!B33 -> 5436.8421 | C37: =Westminstor!B56 -> 3440 | D37: =U!$F74 * D$2 -> 35831.75 | E37: =U!$F74 * E$2 -> 6323.25 | F37: =ROUND(F$21+(F$45-F$21)*($A37-$A$21)/($A$45-$A$21),0) -> 27940 | G37: =ROUND(G$21+(G$45-G$21)*($A37-$A$21)/($A$45-$A$21),0) -> 11924 | H37: =ROUND(H$21+(H$45-H$21)*($A37-$A$21)/($A$45-$A$21),0) -> 2387 | I37: =ROUND(slcc!$C56*M$48,0) -> 27889 | J37: =ROUND(slcc!$C56*N$48,0) -> 9428 | K37: =ROUND(slcc!$C56*O$48,0) -> 10557 | L37: =ROUND(slcc!$C56*P$48,0) -> 395 | M37: =ROUND(slcc!$C56*Q$48,0) -> 4008 | N37: =ROUND(slcc!$C56*R$48,0) -> 1750 | O37: =ROUND(slcc!$C56*S$48,0) -> 1581 | P37: =P36+20 -> 840 | Q37: =ROUND(slcc!$C56*U$48,0) -> 621 | R37: =R36+224 -> 4432 | S37: =ROUND(S$5+(S$45-S$5)*($A37-$A$5)/($A$45-$A$5),0) -> 33789 | T37: =UVU!C56-SUM(U37:X37) -> 56748.429 | U37: =ROUND(U$10+(U$45-U$10)*($A37-$A$10)/($A$45-$A$10),0) -> 1189 | V37: =ROUND(V$6+(V$45-V$6)*($A37-$A$6)/($A$45-$A$6),0) -> 615 | W37: =W36+(W$45-$W$18)/($A$45-$A$18) -> 1237.963 | X37: =X36+(X$45-$X$28)/($A$45-$A$28) -> 1027.9412
A38: 2043 | B38: =LDSBC!B34 -> 5544.7368 | C38: =Westminstor!B57 -> 3447.5 | D38: =U!$F75 * D$2 -> 35859.8 | E38: =U!$F75 * E$2 -> 6328.2 | F38: =ROUND(F$21+(F$45-F$21)*($A38-$A$21)/($A$45-$A$21),0) -> 27982 | G38: =ROUND(G$21+(G$45-G$21)*($A38-$A$21)/($A$45-$A$21),0) -> 11966 | H38: =ROUND(H$21+(H$45-H$21)*($A38-$A$21)/($A$45-$A$21),0) -> 2397 | I38: =ROUND(slcc!$C57*M$48,0) -> 28441 | J38: =ROUND(slcc!$C57*N$48,0) -> 9615 | K38: =ROUND(slcc!$C57*O$48,0) -> 10766 | L38: =ROUND(slcc!$C57*P$48,0) -> 403 | M38: =ROUND(slcc!$C57*Q$48,0) -> 4088 | N38: =ROUND(slcc!$C57*R$48,0) -> 1785 | O38: =ROUND(slcc!$C57*S$48,0) -> 1612 | P38: =P37+20 -> 860 | Q38: =ROUND(slcc!$C57*U$48,0) -> 633 | R38: =R37+224 -> 4656 | S38: =ROUND(S$5+(S$45-S$5)*($A38-$A$5)/($A$45-$A$5),0) -> 33816 | T38: =UVU!C57-SUM(U38:X38) -> 57275.876 | U38: =ROUND(U$10+(U$35-U$10)*($A38-$A$10)/($A$35-$A$10),0) -> 1208 | V38: =ROUND(V$6+(V$45-V$6)*($A38-$A$6)/($A$45-$A$6),0) -> 622 | W38: =W37+(W$45-$W$18)/($A$45-$A$18) -> 1292.5926 | X38: =X37+(X$45-$X$28)/($A$45-$A$28) -> 1108.8235
A39: 2044 | B39: =LDSBC!B35 -> 5652.6316 | C39: =Westminstor!B58 -> 3455 | D39: =U!$F76 * D$2 -> 35883.6 | E39: =U!$F76 * E$2 -> 6332.4 | F39: =ROUND(F$21+(F$45-F$21)*($A39-$A$21)/($A$45-$A$21),0) -> 28024 | G39: =ROUND(G$21+(G$45-G$21)*($A39-$A$21)/($A$45-$A$21),0) -> 12008 | H39: =ROUND(H$21+(H$45-H$21)*($A39-$A$21)/($A$45-$A$21),0) -> 2406 | I39: =ROUND(slcc!$C58*M$48,0) -> 28994 | J39: =ROUND(slcc!$C58*N$48,0) -> 9801 | K39: =ROUND(slcc!$C58*O$48,0) -> 10975 | L39: =ROUND(slcc!$C58*P$48,0) -> 411 | M39: =ROUND(slcc!$C58*Q$48,0) -> 4167 | N39: =ROUND(slcc!$C58*R$48,0) -> 1819 | O39: =ROUND(slcc!$C58*S$48,0) -> 1643 | P39: =P38+20 -> 880 | Q39: =ROUND(slcc!$C58*U$48,0) -> 646 | R39: =R38+224 -> 4880 | S39: =ROUND(S$5+(S$45-S$5)*($A39-$A$5)/($A$45-$A$5),0) -> 33842 | T39: =UVU!C58-SUM(U39:X39) -> 57805.322 | U39: =ROUND(U$10+(U$35-U$10)*($A39-$A$10)/($A$35-$A$10),0) -> 1226 | V39: =ROUND(V$6+(V$45-V$6)*($A39-$A$6)/($A$45-$A$6),0) -> 628 | W39: =W38+(W$45-$W$18)/($A$45-$A$18) -> 1347.2222 | X39: =X38+(X$45-$X$28)/($A$45-$A$28) -> 1189.7059
A40: 2045 | B40: =LDSBC!B36 -> 5760.5263 | C40: =Westminstor!B59 -> 3462.5 | D40: =U!$F77 * D$2 -> 35903.15 | E40: =U!$F77 * E$2 -> 6335.85 | F40: =ROUND(F$21+(F$45-F$21)*($A40-$A$21)/($A$45-$A$21),0) -> 28066 | G40: =ROUND(G$21+(G$45-G$21)*($A40-$A$21)/($A$45-$A$21),0) -> 12050 | H40: =ROUND(H$21+(H$45-H$21)*($A40-$A$21)/($A$45-$A$21),0) -> 2416 | I40: =ROUND(slcc!$C59*M$48,0) -> 29546 | J40: =ROUND(slcc!$C59*N$48,0) -> 9988 | K40: =ROUND(slcc!$C59*O$48,0) -> 11184 | L40: =ROUND(slcc!$C59*P$48,0) -> 419 | M40: =ROUND(slcc!$C59*Q$48,0) -> 4246 | N40: =ROUND(slcc!$C59*R$48,0) -> 1854 | O40: =ROUND(slcc!$C59*S$48,0) -> 1675 | P40: =P39+20 -> 900 | Q40: =ROUND(slcc!$C59*U$48,0) -> 658 | R40: =R39+224 -> 5104 | S40: =ROUND(S$5+(S$45-S$5)*($A40-$A$5)/($A$45-$A$5),0) -> 33868 | T40: =UVU!C59-SUM(U40:X40) -> 58332.768 | U40: =ROUND(U$10+(U$35-U$10)*($A40-$A$10)/($A$35-$A$10),0) -> 1245 | V40: =ROUND(V$6+(V$45-V$6)*($A40-$A$6)/($A$45-$A$6),0) -> 635 | W40: =W39+(W$45-$W$18)/($A$45-$A$18) -> 1401.8519 | X40: =X39+(X$45-$X$28)/($A$45-$A$28) -> 1270.5882
A41: 2046 | B41: =LDSBC!B37 -> 5868.4211 | C41: =Westminstor!B60 -> 3470 | D41: =U!$F78 * D$2 -> 35918.45 | E41: =U!$F78 * E$2 -> 6338.55 | F41: =ROUND(F$21+(F$45-F$21)*($A41-$A$21)/($A$45-$A$21),0) -> 28108 | G41: =ROUND(G$21+(G$45-G$21)*($A41-$A$21)/($A$45-$A$21),0) -> 12092 | H41: =ROUND(H$21+(H$45-H$21)*($A41-$A$21)/($A$45-$A$21),0) -> 2425 | I41: =ROUND(slcc!$C60*M$48,0) -> 30098 | J41: =ROUND(slcc!$C60*N$48,0) -> 10175 | K41: =ROUND(slcc!$C60*O$48,0) -> 11394 | L41: =ROUND(slcc!$C60*P$48,0) -> 426 | M41: =ROUND(slcc!$C60*Q$48,0) -> 4326 | N41: =ROUND(slcc!$C60*R$48,0) -> 1889 | O41: =ROUND(slcc!$C60*S$48,0) -> 1706 | P41: =P40+20 -> 920 | Q41: =ROUND(slcc!$C60*U$48,0) -> 670 | R41: =R40+224 -> 5328 | S41: =ROUND(S$5+(S$45-S$5)*($A41-$A$5)/($A$45-$A$5),0) -> 33895 | T41: =UVU!C60-SUM(U41:X41) -> 58860.215 | U41: =ROUND(U$10+(U$35-U$10)*($A41-$A$10)/($A$35-$A$10),0) -> 1264 | V41: =ROUND(V$6+(V$45-V$6)*($A41-$A$6)/($A$45-$A$6),0) -> 642 | W41: =W40+(W$45-$W$18)/($A$45-$A$18) -> 1456.4815 | X41: =X40+(X$45-$X$28)/($A$45-$A$28) -> 1351.4706
A42: 2047 | B42: =LDSBC!B38 -> 5976.3158 | C42: =Westminstor!B61 -> 3477.5 | D42: =U!$F79 * D$2 -> 35929.5 | E42: =U!$F79 * E$2 -> 6340.5 | F42: =ROUND(F$21+(F$45-F$21)*($A42-$A$21)/($A$45-$A$21),0) -> 28150 | G42: =ROUND(G$21+(G$45-G$21)*($A42-$A$21)/($A$45-$A$21),0) -> 12134 | H42: =ROUND(H$21+(H$45-H$21)*($A42-$A$21)/($A$45-$A$21),0) -> 2434 | I42: =ROUND(slcc!$C61*M$48,0) -> 30651 | J42: =ROUND(slcc!$C61*N$48,0) -> 10362 | K42: =ROUND(slcc!$C61*O$48,0) -> 11603 | L42: =ROUND(slcc!$C61*P$48,0) -> 434 | M42: =ROUND(slcc!$C61*Q$48,0) -> 4405 | N42: =ROUND(slcc!$C61*R$48,0) -> 1923 | O42: =ROUND(slcc!$C61*S$48,0) -> 1737 | P42: =P41+20 -> 940 | Q42: =ROUND(slcc!$C61*U$48,0) -> 683 | R42: =R41+224 -> 5552 | S42: =ROUND(S$5+(S$45-S$5)*($A42-$A$5)/($A$45-$A$5),0) -> 33921 | T42: =UVU!C61-SUM(U42:X42) -> 59387.661 | U42: =ROUND(U$10+(U$35-U$10)*($A42-$A$10)/($A$35-$A$10),0) -> 1283 | V42: =ROUND(V$6+(V$45-V$6)*($A42-$A$6)/($A$45-$A$6),0) -> 649 | W42: =W41+(W$45-$W$18)/($A$45-$A$18) -> 1511.1111 | X42: =X41+(X$45-$X$28)/($A$45-$A$28) -> 1432.3529
A43: 2048 | B43: =LDSBC!B39 -> 6084.2105 | C43: =Westminstor!B62 -> 3485 | D43: =U!$F80 * D$2 -> 35936.3 | E43: =U!$F80 * E$2 -> 6341.7 | F43: =ROUND(F$21+(F$45-F$21)*($A43-$A$21)/($A$45-$A$21),0) -> 28193 | G43: =ROUND(G$21+(G$45-G$21)*($A43-$A$21)/($A$45-$A$21),0) -> 12177 | H43: =ROUND(H$21+(H$45-H$21)*($A43-$A$21)/($A$45-$A$21),0) -> 2444 | I43: =ROUND(slcc!$C62*M$48,0) -> 31203 | J43: =ROUND(slcc!$C62*N$48,0) -> 10548 | K43: =ROUND(slcc!$C62*O$48,0) -> 11812 | L43: =ROUND(slcc!$C62*P$48,0) -> 442 | M43: =ROUND(slcc!$C62*Q$48,0) -> 4485 | N43: =ROUND(slcc!$C62*R$48,0) -> 1958 | O43: =ROUND(slcc!$C62*S$48,0) -> 1769 | P43: =P42+20 -> 960 | Q43: =ROUND(slcc!$C62*U$48,0) -> 695 | R43: =R42+224 -> 5776 | S43: =ROUND(S$5+(S$45-S$5)*($A43-$A$5)/($A$45-$A$5),0) -> 33947 | T43: =UVU!C62-SUM(U43:X43) -> 59915.107 | U43: =ROUND(U$10+(U$35-U$10)*($A43-$A$10)/($A$35-$A$10),0) -> 1302 | V43: =ROUND(V$6+(V$45-V$6)*($A43-$A$6)/($A$45-$A$6),0) -> 656 | W43: =W42+(W$45-$W$18)/($A$45-$A$18) -> 1565.7407 | X43: =X42+(X$45-$X$28)/($A$45-$A$28) -> 1513.2353
A44: 2049 | B44: =LDSBC!B40 -> 6192.1053 | C44: =Westminstor!B63 -> 3492.5 | D44: =U!$F81 * D$2 -> 35938.85 | E44: =U!$F81 * E$2 -> 6342.15 | F44: =ROUND(F$21+(F$45-F$21)*($A44-$A$21)/($A$45-$A$21),0) -> 28235 | G44: =ROUND(G$21+(G$45-G$21)*($A44-$A$21)/($A$45-$A$21),0) -> 12219 | H44: =ROUND(H$21+(H$45-H$21)*($A44-$A$21)/($A$45-$A$21),0) -> 2453 | I44: =ROUND(slcc!$C63*M$48,0) -> 31756 | J44: =ROUND(slcc!$C63*N$48,0) -> 10735 | K44: =ROUND(slcc!$C63*O$48,0) -> 12021 | L44: =ROUND(slcc!$C63*P$48,0) -> 450 | M44: =ROUND(slcc!$C63*Q$48,0) -> 4564 | N44: =ROUND(slcc!$C63*R$48,0) -> 1993 | O44: =ROUND(slcc!$C63*S$48,0) -> 1800 | P44: =P43+20 -> 980 | Q44: =ROUND(slcc!$C63*U$48,0) -> 707 | R44: =R43+224 -> 6000 | S44: =ROUND(S$5+(S$45-S$5)*($A44-$A$5)/($A$45-$A$5),0) -> 33974 | T44: =UVU!C63-SUM(U44:X44) -> 60442.554 | U44: =ROUND(U$10+(U$35-U$10)*($A44-$A$10)/($A$35-$A$10),0) -> 1321 | V44: =ROUND(V$6+(V$45-V$6)*($A44-$A$6)/($A$45-$A$6),0) -> 663 | W44: =W43+(W$45-$W$18)/($A$45-$A$18) -> 1620.3704 | X44: =X43+(X$45-$X$28)/($A$45-$A$28) -> 1594.1176
A45: 2050 | B45: =LDSBC!B41 -> 6300 | C45: =Westminstor!B64 -> 3500 | D45: =U!$F82 * D$2 -> 35938.85 | E45: =U!$F82 * E$2 -> 6342.15 | F45: =F6+0.45*(summary!C8-WSU!F124) -> 28276.8 | G45: =G6+0.45*(summary!C8-WSU!F124) -> 12260.8 | H45: =H6+0.1*(summary!C8-WSU!F124) -> 2462.4 | I45: =ROUND(slcc!$C64*M$48,0) -> 32308 | J45: =ROUND(slcc!$C64*N$48,0) -> 10922 | K45: =ROUND(slcc!$C64*O$48,0) -> 12230 | L45: =ROUND(slcc!$C64*P$48,0) -> 458 | M45: =ROUND(slcc!$C64*Q$48,0) -> 4643 | N45: =ROUND(slcc!$C64*R$48,0) -> 2027 | O45: =ROUND(slcc!$C64*S$48,0) -> 1831 | P45: =P44+20 -> 1000 | Q45: =ROUND(slcc!$C64*U$48,0) -> 719 | R45: =R44+224 -> 6224 | S45: =summary!F8 -> 34000 | T45: =UVU!C64-SUM(U45:X45) -> 60970 | U45: =summary!D8*0.02 -> 1340 | V45: =summary!D8*0.01 -> 670 | W45: =summary!D8*0.025 -> 1675 | X45: =summary!D8*0.025 -> 1675
B46: =U!F83 -> 0
M47: Taylorsville Redwood Campus | N47: South City Campus | O47: Jordan Campus | P47: Meadowbrook | Q47: Miller Campus & Miller Campus (Internet) | R47: Library Square Center (Opened Spring 06-07) | S47: highland | T47: Ariport | U47: Westpointe
B48: =U!F84 -> 0 | M48: 0.494 | N48: 0.167 | O48: 0.187 | P48: 0.007 | Q48: 0.071 | R48: 0.031 | S48: 0.028 | T48: 0.004 | U48: 0.011
A49: Notes | B49: =U!F85 -> 0 | E49: which campus? Very close. 2 mile away | G49: when to pen | H49: when to open | M49: change ? | N49: change ? | O49: change ? | P49: change ? | Q49: change ? | R49: change ? | S49: change ? | T49: change ? | U49: change ?
B50: =U!F86 -> 0 | E50: see map tab

Sheet Calc%FTE
A1: Headcount | N1: Full-Time Equivalent
B2: Fall Semester | O2: Fall Semester
A3: Institution | B3: 2012 | C3: 2013 | D3: 2014 | E3: 2015 | F3: 2016 | G3: 2017 | H3: 2018 | I3: 2019 | J3: 2020 | K3: 2021 | L3: Average Annual Growth | N3: Institution | O3: 2012 | P3: 2013 | Q3: 2014 | R3: 2015 | S3: 2016 | T3: 2017 | U3: 2018 | V3: 2019 | W3: 2020 | X3: 2021 | Y3: Average Annual Growth
A4: University of Utah | B4: 33955 | C4: 34770 | D4: 35361 | E4: 35856 | F4: 36287 | G4: 36650 | H4: 36943 | I4: 37164 | J4: 37387 | K4: 37574 | N4: University of Utah | O4: 28067 | P4: 28741 | Q4: 29230 | R4: 29639 | S4: 29995 | T4: 30294 | U4: 30537 | V4: 30720 | W4: 30904 | X4: 31059
A5: Annual Growth | C5: 0.024002356 | D5: 0.016997412 | E5: 0.013998473 | F5: 0.012020303 | G5: 0.010003583 | H5: 0.007994543 | I5: 0.0059821888 | J5: 0.0060004305 | K5: 0.0050017386 | L5: 0.011333447 | N5: Annual Growth | P5: 0.024013967 | Q5: 0.017014022 | R5: 0.013992473 | S5: 0.012011201 | T5: 0.0099683281 | U5: 0.0080213904 | V5: 0.0059927301 | W5: 0.0059895833 | X5: 0.005015532 | Y5: 0.01133547
A7: Utah State University | B7: 30373.586 | C7: 31309.782 | D7: 32278.745 | E7: 33281.622 | F7: 34319.599 | G7: 35393.905 | H7: 36505.812 | I7: 37656.636 | J7: 38847.739 | K7: 40080.531 | N7: Utah State University | O7: 22159 | P7: 22916 | Q7: 23674 | R7: 24431 | S7: 25189 | T7: 25947 | U7: 26704 | V7: 27462 | W7: 28220 | X7: 28977
A8: Annual Growth | C8: 0.030822702 | D8: 0.030947608 | E8: 0.031069255 | F8: 0.0311877 | G8: 0.031303001 | H8: 0.031415216 | I8: 0.031524402 | J8: 0.03163062 | K8: 0.031733928 | L8: 0.031292715 | N8: Annual Growth | P8: 0.034162191 | Q8: 0.033077326 | R8: 0.031976007 | S8: 0.031026155 | T8: 0.030092501 | U8: 0.029174856 | V8: 0.028385261 | W8: 0.027601777 | X8: 0.026824947 | Y8: 0.030257891
A10: Weber State University | B10: 26484.841 | C10: 27559.463 | D10: 28671.697 | E10: 29822.858 | F10: 31014.311 | G10: 32247.464 | H10: 33523.778 | I10: 34844.762 | J10: 36211.982 | K10: 37626.814 | N10: Weber State University | O10: 16572.64 | P10: 17281.769 | Q10: 18015.717 | R10: 18775.354 | S10: 19561.578 | T10: 20375.32 | U10: 21217.543 | V10: 22089.243 | W10: 22991.453 | X10: 23925.083
A11: Annual Growth | C11: 0.040574979 | D11: 0.040357595 | E11: 0.040149763 | F11: 0.039950982 | G11: 0.039760784 | H11: 0.03957873 | I11: 0.039404409 | J11: 0.039237436 | K11: 0.039070837 | L11: 0.039787279 | N11: Annual Growth | P11: 0.04278914 | Q11: 0.042469526 | R11: 0.042165222 | S11: 0.041875323 | T11: 0.041598988 | U11: 0.04133544 | V11: 0.041083957 | W11: 0.040843868 | X11: 0.040607678 | Y11: 0.041641016
A13: Southern Utah University | B13: 8881.702 | C13: 9032.5227 | D13: 9240.7725 | E13: 9437.1787 | F13: 9543.1334 | G13: 9680.1559 | H13: 9858.5923 | I13: 10057.169 | J13: 10220.39 | K13: 10431.9 | N13: Southern Utah University | O13: 6720.8 | P13: 6903.1 | Q13: 7046.3 | R13: 7208.1 | S13: 7456.4 | T13: 7666.1 | U13: 7846.1 | V13: 8003.6 | W13: 8150.1 | X13: 8250.4
A14: Annual Growth | C14: 0.016981048 | D14: 0.02305556 | E14: 0.021254297 | F14: 0.011227373 | G14: 0.014358233 | H14: 0.018433212 | I14: 0.020142547 | J14: 0.016229273 | K14: 0.020694861 | L14: 0.018041823 | N14: Annual Growth | P14: 0.027124747 | Q14: 0.020744303 | R14: 0.022962406 | S14: 0.034447358 | T14: 0.028123491 | U14: 0.023479996 | V14: 0.020073667 | W14: 0.018304263 | X14: 0.012306597 | Y14: 0.023062981
A16: Snow College | B16: 4610 | C16: 4796 | D16: 5008 | E16: 5249 | F16: 5523 | G16: 5834 | H16: 6186 | I16: 6584 | J16: 7033 | K16: 7539 | N16: Snow College | O16: 3641.9 | P16: 3823.7 | Q16: 4032 | R16: 4269.7 | S16: 4540.5 | T16: 4848.4 | U16: 5198.1 | V16: 5594.6 | W16: 6043.7 | X16: 6552.1
A17: Annual Growth | C17: 0.040347072 | D17: 0.044203503 | E17: 0.048123003 | F17: 0.052200419 | G17: 0.056309976 | H17: 0.060335962 | I17: 0.06433883 | J17: 0.068195626 | K17: 0.071946538 | L17: 0.056222325 | N17: Annual Growth | P17: 0.049918998 | Q17: 0.054476031 | R17: 0.058953373 | S17: 0.06342366 | T17: 0.067811915 | U17: 0.072126887 | V17: 0.076277871 | W17: 0.080273835 | X17: 0.084120655 | Y17: 0.067487025
A19: Dixie State College | B19: 9211.28 | C19: 9598.1538 | D19: 10001.276 | E19: 10421.33 | F19: 10859.026 | G19: 11315.105 | H19: 11790.339 | I19: 12285.533 | J19: 12801.526 | K19: 13339.19 | N19: Dixie State College | O19: 6798.979 | P19: 7104.9331 | Q19: 7424.655 | R19: 7758.7645 | S19: 8107.9089 | T19: 8472.7648 | U19: 8854.0392 | V19: 9252.471 | W19: 9668.8322 | X19: 10103.93
A20: Annual Growth | C20: 0.042 | D20: 0.042 | E20: 0.042 | F20: 0.042 | G20: 0.042 | H20: 0.042 | I20: 0.042 | J20: 0.042 | K20: 0.042 | L20: 0.042 | N20: Annual Growth | P20: 0.045 | Q20: 0.045 | R20: 0.045 | S20: 0.045 | T20: 0.045 | U20: 0.045 | V20: 0.045 | W20: 0.045 | X20: 0.045 | Y20: 0.045
A22: Utah Valley University | B22: 34085.135 | C22: 35442.53 | D22: 36853.425 | E22: 38280.151 | F22: 39765.144 | G22: 41310.95 | H22: 42920.225 | I22: 44595.744 | J22: 46340.405 | K22: 47870.5 | N22: Utah Valley University | O22: 23636.265 | P22: 24924.223 | Q22: 26084.63 | R22: 27351.335 | S22: 28691.844 | T22: 30110.742 | U22: 31612.901 | V22: 33203.499 | W22: 34888.037 | X22: 36257.167
A23: Annual Growth | C23: 0.03982368 | D23: 0.039807947 | E23: 0.038713526 | F23: 0.038792788 | G23: 0.038873384 | H23: 0.038955162 | I23: 0.039037979 | J23: 0.039121699 | K23: 0.033018594 | L23: 0.038460529 | N23: Annual Growth | P23: 0.054490791 | Q23: 0.046557392 | R23: 0.048561352 | S23: 0.04901074 | T23: 0.04945301 | U23: 0.049887809 | V23: 0.05031482 | W23: 0.050733759 | X23: 0.039243542 | Y23: 0.048694802
A25: Salt Lake Community College | B25: 36871 | C25: 37679 | D25: 38375 | E25: 39018 | F25: 39641 | G25: 39973 | H25: 40179 | I25: 40339 | J25: 40452 | K25: 40541 | N25: Salt Lake Community College | O25: 18505 | P25: 18863 | Q25: 19173 | R25: 19459 | S25: 19734 | T25: 19883 | U25: 19974 | V25: 20045 | W25: 20095 | X25: 20134
A26: Annual Growth | C26: 0.021914242 | D26: 0.018471828 | E26: 0.0167557 | F26: 0.01596699 | G26: 0.0083751671 | H26: 0.0051534786 | I26: 0.0039821797 | J26: 0.0028012593 | K26: 0.0022001384 | L26: 0.010624554 | N26: Annual Growth | P26: 0.019346123 | Q26: 0.016434289 | R26: 0.01491681 | S26: 0.014132278 | T26: 0.0075504206 | U26: 0.0045767741 | V26: 0.003554621 | W26: 0.0024943876 | X26: 0.0019407813 | Y26: 0.0094384983
A28: USHE Totals | B28: 184472.54 | C28: 190187.45 | D28: 195789.91 | E28: 201366.14 | F28: 206952.21 | G28: 212404.58 | H28: 217906.75 | I28: 223526.85 | J28: 229294.04 | K28: 235002.93 | N28: USHE Totals | O28: 126101.58 | P28: 130557.73 | Q28: 134680.3 | R28: 138892.25 | S28: 143276.23 | T28: 147597.33 | U28: 151943.68 | V28: 156370.41 | W28: 160961.12 | X28: 165258.68
A29: Annual Growth | C29: 0.03097972 | D29: 0.029457586 | E29: 0.02848065 | F29: 0.027740881 | G29: 0.02634602 | H29: 0.025904179 | I29: 0.025791302 | J29: 0.02580091 | K29: 0.024897692 | L29: 0.027266549 | N29: Annual Growth | P29: 0.035337715 | Q29: 0.031576663 | R29: 0.031273698 | S29: 0.031563874 | T29: 0.030159195 | U29: 0.029447391 | V29: 0.029134017 | W29: 0.029357917 | X29: 0.026699349 | Y29: 0.030505535
A31: =A4 -> University of Utah | B31: =B4/O4 -> 1.2097837 | C31: =C4/P4 -> 1.20977 | D31: =D4/Q4 -> 1.2097503 | E31: =E4/R4 -> 1.2097574 | F31: =F4/S4 -> 1.2097683 | G31: =G4/T4 -> 1.2098105 | H31: =H4/U4 -> 1.2097783 | I31: =I4/V4 -> 1.2097656 | ... K31: =K4/X4 -> 1.2097621
A32: =A7 -> Utah State University | B32: =B7/O7 -> 1.3707111 | C32: =C7/P7 -> 1.3662848 | D32: =D7/Q7 -> 1.3634682 | E32: =E7/R7 -> 1.3622701 | F32: =F7/S7 -> 1.3624836 | G32: =G7/T7 -> 1.3640847 | H32: =H7/U7 -> 1.3670541 | I32: =I7/V7 -> 1.371227 | ... K32: =K7/X7 -> 1.3831843
A33: =A10 -> Weber State University | B33: =B10/O10 -> 1.5981064 | C33: =C10/P10 -> 1.5947131 | D33: =D10/Q10 -> 1.5914824 | E33: =E10/R10 -> 1.5884046 | F33: =F10/S10 -> 1.5854708 | G33: =G10/T10 -> 1.5826728 | H33: =H10/U10 -> 1.5800028 | I33: =I10/V10 -> 1.5774539 | ... K33: =K10/X10 -> 1.5726931
A34: =A13 -> Southern Utah University | B34: =B13/O13 -> 1.3215245 | C34: =C13/P13 -> 1.3084734 | D34: =D13/Q13 -> 1.3114361 | E34: =E13/R13 -> 1.3092464 | F34: =F13/S13 -> 1.279858 | G34: =G13/T13 -> 1.2627224 | H34: =H13/U13 -> 1.2564959 | I34: =I13/V13 -> 1.2565807 | ... K34: =K13/X13 -> 1.2644114
A35: =A16 -> Snow College | B35: =B16/O16 -> 1.2658228 | C35: =C16/P16 -> 1.2542825 | D35: =D16/Q16 -> 1.2420635 | E35: =E16/R16 -> 1.2293604 | F35: =F16/S16 -> 1.2163859 | G35: =G16/T16 -> 1.2032836 | H35: =H16/U16 -> 1.1900502 | I35: =I16/V16 -> 1.1768491 | ... K35: =K16/X16 -> 1.1506235
A36: =A19 -> Dixie State College | B36: =B19/O19 -> 1.3548034 | C36: =C19/P19 -> 1.350914 | D36: =D19/Q19 -> 1.3470358 | E36: =E19/R19 -> 1.3431687 | F36: =F19/S19 -> 1.3393127 | G36: =G19/T19 -> 1.3354678 | H36: =H19/U19 -> 1.3316339 | I36: =I19/V19 -> 1.3278111 | ... K36: =K19/X19 -> 1.3201982
A37: =A22 -> Utah Valley University | B37: =B22/O22 -> 1.4420694 | C37: =C22/P22 -> 1.4220114 | D37: =D22/Q22 -> 1.4128406 | E37: =E22/R22 -> 1.3995716 | F37: =F22/S22 -> 1.3859389 | G37: =G22/T22 -> 1.3719672 | H37: =H22/U22 -> 1.3576807 | I37: =I22/V22 -> 1.3431037 | ... K37: =K22/X22 -> 1.3203045
A38: =A25 -> Salt Lake Community College | B38: =B25/O25 -> 1.9924885 | C38: =C25/P25 -> 1.9975083 | D38: =D25/Q25 -> 2.0015125 | E38: =E25/R25 -> 2.005139 | F38: =F25/S25 -> 2.0087666 | G38: =G25/T25 -> 2.0104109 | H38: =H25/U25 -> 2.011565 | I38: =I25/V25 -> 2.0124221 | ... K38: =K25/X25 -> 2.0135592
A41: LDSBC
A42: Year | B42: Headcount | C42: Fall FTE | D42: Prev Control | E42: New Control
A43: 2008 | B43: 1383 | C43: 1173 | D43: 3895.7674 | E43: 1173 | F43: =B43/C43 -> 1.1790281
A45: Westerminster
A46: Year | B46: Headcount | C46: Fall FTE | D46: Prev Control | E46: New Control
A47: 2008 | B47: 2857 | C47: 2601 | D47: 2654.0818 | E47: 2601 | F47: =B47/C47 -> 1.0984237

Sheet calc%concurrent
D1: Control Data
A2: Main Campus | D2: Enrollment
A3: Code | B3: College | C3: Campus | D3: Estimates | E3: total headcount
A4: 2.01 | B4: Dixie State College | C4: St. George | D4: 8082
A5: 3 | B5: LDS Bussiness College | D5: 1799 | E5: =Result!B5 -> 2000 | F5: =1-D5/E5 -> 0.1005
B6: SL Community College | C6: Four Main | D6: 25265 | E6: =SUM(Result!I5:Q5) -> 38334 | F6: =1-D6/E6 -> 0.34092451
A7: 6.01 | B7: Utah State University | C7: Logan | D7: 16472
A8: 7.01 | B8: Utah Valley University | C8: Orem | D8: 23172 | E8: =SUM(Result!T5:V5) -> 31739 | F8: =1-D8/E8 -> 0.26992029
A9: 8 | B9: University of Utah | D9: 30819 | E9: =(Result!D5 + Result!E5) -> 31643 | F9: =1-D9/E9 -> 0.026040514
A10: 9.01 | B10: Weber State University | C10: Ogden | D10: 15191 | E10: =Result!F5 -> 19352 | F10: =1-D10/E10 -> 0.21501654
A11: 9.02 | B11: Weber State University | C11: Davis | D11: 3557 | E11: =SUM(Result!G5:H5) -> 5144 | F11: =1-D11/E11 -> 0.30851477
A12: 10 | B12: Westminster College | D12: 3163 | E12: =Result!C5 -> 3200 | F12: =1-D12/E12 -> 0.0115625
A13: the data from RSG, total is used for expansion without concurrent, etc.

Sheet headcounts
A1: YEAR | B1: WSU | C1: LAGOON | D1: SLCCJ | E1: AIRPORT | F1: UOFU | G1: LDSBC | H1: SLCCSC | I1: WESTMIN | J1: SLCCR | K1: SLCCS | L1: UVU | M1: BYU
A2: 2011 | B2: =VLOOKUP(A2,WSU!$A:$E,3,FALSE) -> 25301 | F2: =VLOOKUP(A2,U!A:C,3,FALSE) -> 31660 | L2: =VLOOKUP(A2,UVU!A:C,2,FALSE) -> 33395
A3: 2012 | B3: =VLOOKUP(A3,WSU!$A:$E,3,FALSE) -> 26532 | F3: =VLOOKUP(A3,U!A:C,3,FALSE) -> 32388 | L3: =VLOOKUP(A3,UVU!A:C,2,FALSE) -> 34085.135
A4: 2013 | B4: =VLOOKUP(A4,WSU!$A:$E,3,FALSE) -> 27559.463 | F4: =VLOOKUP(A4,U!A:C,3,FALSE) -> 34770 | L4: =VLOOKUP(A4,UVU!A:C,2,FALSE) -> 35442.53
A5: 2014 | B5: =VLOOKUP(A5,WSU!$A:$E,3,FALSE) -> 28671.697 | F5: =VLOOKUP(A5,U!A:C,3,FALSE) -> 35361 | L5: =VLOOKUP(A5,UVU!A:C,2,FALSE) -> 36853.425
A6: 2015 | B6: =VLOOKUP(A6,WSU!$A:$E,3,FALSE) -> 29822.858 | F6: =VLOOKUP(A6,U!A:C,3,FALSE) -> 35856 | L6: =VLOOKUP(A6,UVU!A:C,2,FALSE) -> 38280.151
A7: 2016 | B7: =VLOOKUP(A7,WSU!$A:$E,3,FALSE) -> 31014.311 | F7: =VLOOKUP(A7,U!A:C,3,FALSE) -> 36287 | L7: =VLOOKUP(A7,UVU!A:C,2,FALSE) -> 39765.144
A8: 2017 | B8: =VLOOKUP(A8,WSU!$A:$E,3,FALSE) -> 32247.464 | F8: =VLOOKUP(A8,U!A:C,3,FALSE) -> 36650 | L8: =VLOOKUP(A8,UVU!A:C,2,FALSE) -> 41310.95
A9: 2018 | B9: =VLOOKUP(A9,WSU!$A:$E,3,FALSE) -> 33523.778 | F9: =VLOOKUP(A9,U!A:C,3,FALSE) -> 36943 | L9: =VLOOKUP(A9,UVU!A:C,2,FALSE) -> 42920.225
A10: 2019 | B10: =VLOOKUP(A10,WSU!$A:$E,3,FALSE) -> 34844.762 | F10: =VLOOKUP(A10,U!A:C,3,FALSE) -> 37164 | L10: =VLOOKUP(A10,UVU!A:C,2,FALSE) -> 44595.744
A11: 2020 | B11: =VLOOKUP(A11,WSU!$A:$E,3,FALSE) -> 36211.982 | F11: =VLOOKUP(A11,U!A:C,3,FALSE) -> 37387 | L11: =VLOOKUP(A11,UVU!A:C,2,FALSE) -> 46340.405
A12: 2021 | B12: =VLOOKUP(A12,WSU!$A:$E,3,FALSE) -> 37626.814 | F12: =VLOOKUP(A12,U!A:C,3,FALSE) -> 37574 | L12: =VLOOKUP(A12,UVU!A:C,2,FALSE) -> 47870.5
A13: 2022 | B13: =VLOOKUP(A13,WSU!$A:$E,4,FALSE) -> 38340.427 | F13: =VLOOKUP(A13,U!A:E,5,FALSE) -> 37862.155 | L13: =VLOOKUP(A13,UVU!A:C,2,FALSE) -> 46883.983
A14: 2023 | B14: =VLOOKUP(A14,WSU!$A:$E,4,FALSE) -> 39054.04 | F14: =VLOOKUP(A14,U!A:E,5,FALSE) -> 38150.311 | L14: =VLOOKUP(A14,UVU!A:C,2,FALSE) -> 48110.317
A15: 2024 | B15: =VLOOKUP(A15,WSU!$A:$E,4,FALSE) -> 39767.653 | F15: =VLOOKUP(A15,U!A:E,5,FALSE) -> 38438.466 | L15: =VLOOKUP(A15,UVU!A:C,2,FALSE) -> 49336.652
A16: 2025 | B16: =VLOOKUP(A16,WSU!$A:$E,4,FALSE) -> 40481.266 | F16: =VLOOKUP(A16,U!A:E,5,FALSE) -> 38726.622 | L16: =VLOOKUP(A16,UVU!A:C,2,FALSE) -> 50562.986
A17: 2026 | B17: =VLOOKUP(A17,WSU!$A:$E,4,FALSE) -> 41194.879 | F17: =VLOOKUP(A17,U!A:E,5,FALSE) -> 39014.777 | L17: =VLOOKUP(A17,UVU!A:C,2,FALSE) -> 51789.32
A18: 2027 | B18: =VLOOKUP(A18,WSU!$A:$E,4,FALSE) -> 41908.492 | F18: =VLOOKUP(A18,U!A:E,5,FALSE) -> 39302.932 | L18: =VLOOKUP(A18,UVU!A:C,2,FALSE) -> 53015.654
A19: 2028 | B19: =VLOOKUP(A19,WSU!$A:$E,4,FALSE) -> 42622.105 | F19: =VLOOKUP(A19,U!A:E,5,FALSE) -> 39591.088 | L19: =VLOOKUP(A19,UVU!A:C,2,FALSE) -> 54241.989
A20: 2029 | B20: =VLOOKUP(A20,WSU!$A:$E,4,FALSE) -> 43335.718 | F20: =VLOOKUP(A20,U!A:E,5,FALSE) -> 39879.243 | L20: =VLOOKUP(A20,UVU!A:C,2,FALSE) -> 55468.323
A21: 2030 | B21: =VLOOKUP(A21,WSU!$A:$E,4,FALSE) -> 44049.331 | F21: =VLOOKUP(A21,U!A:E,5,FALSE) -> 40167.398 | L21: =VLOOKUP(A21,UVU!A:C,2,FALSE) -> 56694.657
A22: 2031 | B22: =VLOOKUP(A22,WSU!$A:$E,4,FALSE) -> 44762.945 | F22: =VLOOKUP(A22,U!A:E,5,FALSE) -> 40455.554 | L22: =VLOOKUP(A22,UVU!A:C,2,FALSE) -> 57920.991
A23: 2032 | B23: =VLOOKUP(A23,WSU!$A:$E,4,FALSE) -> 45476.558 | F23: =VLOOKUP(A23,U!A:E,5,FALSE) -> 40743.709 | L23: =VLOOKUP(A23,UVU!A:C,2,FALSE) -> 59147.326
A24: 2033 | B24: =VLOOKUP(A24,WSU!$A:$E,4,FALSE) -> 46190.171 | F24: =VLOOKUP(A24,U!A:E,5,FALSE) -> 41031.865 | L24: =VLOOKUP(A24,UVU!A:C,2,FALSE) -> 60373.66
... A31: 2040 | B31: =VLOOKUP(A31,WSU!$A:$E,4,FALSE) -> 51185.462 | F31: =VLOOKUP(A31,U!A:E,5,FALSE) -> 43048.952 | L31: =VLOOKUP(A31,UVU!A:C,2,FALSE) -> 68958

Sheet U
A1: Year | B1: Headcount | C1: HC | F1: HC_2019 | J1: U_ss1213A03b | K1: 1970-1971 | L1: 609 | M1: 0.029 | N1: 21795
A2: 1970 | C2: =N1 -> 21795 | F2: =C2 -> 21795 | K2: 1971-1972 | L2: 733 | M2: 0.034 | N2: 23270
A3: 1971 | C3: =N2 -> 23270 | F3: =C3 -> 23270 | K3: 1972-1973 | L3: 840 | M3: 0.04 | N3: 22985
A4: 1972 | C4: =N3 -> 22985 | F4: =C4 -> 22985 | K4: 1973-1974 | L4: 851 | M4: 0.04 | N4: 22919
A5: 1973 | C5: =N4 -> 22919 | F5: =C5 -> 22919 | K5: 1974-1975 | L5: 1005 | M5: 0.046 | N5: 23384
A6: 1974 | C6: =N5 -> 23384 | F6: =C6 -> 23384 | K6: 1975-1976 | L6: 1068 | M6: 0.047 | N6: 24312
A7: 1975 | C7: =N6 -> 24312 | F7: =C7 -> 24312 | K7: 1976-1977 | L7: 988 | M7: 0.046 | N7: 23115
A8: 1976 | C8: =N7 -> 23115 | F8: =C8 -> 23115 | K8: 1977-1978 | L8: 990 | M8: 0.045 | N8: 23034
A9: 1977 | C9: =N8 -> 23034 | F9: =C9 -> 23034 | K9: 1978-1979 | L9: 977 | M9: 0.046 | N9: 21975
A10: 1978 | C10: =N9 -> 21975 | F10: =C10 -> 21975 | K10: 1979-1980 | L10: 1005 | M10: 0.046 | N10: 22175
A11: 1979 | C11: =N10 -> 22175 | F11: =C11 -> 22175 | K11: 1980-1981 | L11: 1124 | M11: 0.049 | N11: 23208
A12: 1980 | C12: =N11 -> 23208 | F12: =C12 -> 23208 | K12: 1981-1982 | L12: 1103 | M12: 0.047 | N12: 23683
A13: 1981 | C13: =N12 -> 23683 | F13: =C13 -> 23683 | K13: 1982-1983 | L13: 1212 | M13: 0.05 | N13: 24793
... A19: 1987 | C19: =N18 -> 24124 | F19: =C19 -> 24124 | K19: 1988-1989 | L19: 1224 | M19: 0.052 | N19: 23626
A20: 1988 | B20: 24052 | C20: =N19 -> 23626 | F20: =C20 -> 23626 | G20: Tab-C-Enrollments | H20: tble3 | I20: table 7 | K20: 1989-1990 | L20: 1314 | M20: 0.056 | N20: 23543
A21: 1989 | B21: 24440 | C21: =N20 -> 23543 | F21: =C21 -> 23543 | I21: 27685 | K21: 1990-1991 | L21: 1439 | M21: 0.059 | N21: 24311
A22: 1990 | B22: 25425 | C22: =N21 -> 24311 | F22: =C22 -> 24311 | I22: 27804 | K22: 1991-1992 | L22: 1553 | M22: 0.061 | N22: 25581
A23: 1991 | B23: 26639 | C23: =N22 -> 25581 | F23: =C23 -> 25581 | I23: 28950 | K23: 1992-1993 | L23: 1605 | M23: 0.062 | N23: 25868
A24: 1992 | B24: 26801 | C24: =N23 -> 25868 | F24: =C24 -> 25868 | H24: 32671 | I24: 30514 | K24: 1993-1994 | L24: 1696 | M24: 0.065 | N24: 20318 | O24: 0.782 | P24: 1325 | Q24: 0.051 | R24: 3475 | S24: 0.134 | T24: 25982
A25: 1993 | B25: 27118 | C25: =T24 -> 25982 | F25: =C25 -> 25982 | H25: 31673 | I25: 31285 | K25: 1994-1995 | L25: 1704 | M25: 0.066 | N25: 20169 | O25: 0.786 | P25: 1338 | Q25: 0.052 | R25: 3393 | S25: 0.132 | T25: 25645
A26: 1994 | B26: 26918 | C26: =T25 -> 25645 | F26: =C26 -> 25645 | K26: 1995-1996 | L26: 1747 | M26: 0.065 | N26: 20260 | O26: 0.756 | P26: 1288 | Q26: 0.048 | R26: 3515 | S26: 0.131 | T26: 26810
A27: 1995 | B27: 27143 | C27: =T26 -> 26810 | F27: =C27 -> 26810 | K27: 1996-1997 | L27: 1732 | M27: 0.066 | N27: 19781 | O27: 0.759 | P27: 1239 | Q27: 0.048 | R27: 3327 | S27: 0.128 | T27: 26079
A28: 1996 | B28: 26365 | C28: =T27 -> 26079 | F28: =C28 -> 26079 | H28: =ROUND(AVERAGE(H24:H25),0) -> 32172 | I28: =ROUND(AVERAGE(I24:I25),0) -> 30900 | K28: 1997-1998 | L28: 1717 | M28: 0.066 | N28: 19713 | O28: 0.761 | P28: 1239 | Q28: 0.048 | R28: 3226 | S28: 0.125 | T28: 25895
A29: 1997 | B29: 26191 | C29: =T28 -> 25895 | F29: =C29 -> 25895 | K29: 1998-1999 | L29: 1792 | M29: 0.072 | N29: 18523 | O29: 0.74 | P29: 1072 | Q29: 0.043 | R29: 3631 | S29: 0.145 | T29: 25018
A30: 1998 | B30: 25203 | C30: =T29 -> 25018 | F30: =C30 -> 25018 | K30: See | L30: Note | M30: -1
A31: 1999 | B31: 25788 | C31: =AB31 -> 25781 | F31: =C31 -> 25781 | K31: 1999-2000 | L31: 1995 | M31: 1768 | N31: 0.077 | O31: 0.069 | P31: 18750 | Q31: 18603 | R31: 0.727 | S31: 0.722 | T31: 1090 | U31: 1090 | V31: 0.042 | W31: 0.042 | X31: 3946 | Y31: 4320 | Z31: 0.153 | AA31: 0.168 | AB31: 25781
A32: 2000 | B32: 26180 | C32: =AB32 -> 26163 | F32: =C32 -> 26163 | K32: 2000-2001 | L32: 2032 | M32: 1833 | N32: 0.078 | O32: 0.07 | P32: 19200 | Q32: 19074 | R32: 0.734 | S32: 0.729 | T32: 1326 | U32: 1326 | V32: 0.051 | W32: 0.051 | X32: 3605 | Y32: 3930 | Z32: 0.138 | AA32: 0.15 | AB32: 26163
A33: 2001 | B33: 27664 | C33: =AB33 -> 27658 | F33: =C33 -> 27658 | K33: 2001-2002 | L33: 2262 | M33: 2017 | N33: 0.082 | O33: 0.073 | P33: 20761 | Q33: 20594 | R33: 0.751 | S33: 0.745 | T33: 1496 | U33: 1496 | V33: 0.054 | W33: 0.054 | X33: 3139 | Y33: 3551 | Z33: 0.113 | AA33: 0.128 | AB33: 27658
A34: 2002 | B34: 29921 | C34: =AB34 -> 28369 | F34: =C34 -> 28369 | K34: 2002-2003 | L34: 2380 | M34: 2112 | N34: 0.084 | O34: 0.074 | P34: 21971 | Q34: 21809 | R34: 0.774 | S34: 0.769 | T34: 1624 | U34: 1624 | V34: 0.057 | W34: 0.057 | X34: 2394 | Y34: 2824 | Z34: 0.084 | AA34: 0.1 | AB34: 28369
A35: 2003 | B35: 29878 | C35: =AB35 -> 28437 | F35: =C35 -> 28437 | K35: 2003-2004 | L35: 2534 | M35: 2220 | N35: 0.089 | O35: 0.078 | P35: 22151 | Q35: 21977 | R35: 0.779 | S35: 0.773 | T35: 1609 | U35: 1609 | V35: 0.057 | W35: 0.057 | X35: 2143 | Y35: 2631 | Z35: 0.075 | AA35: 0.093 | AB35: 28437
A36: 2004 | B36: 30479 | C36: =AB36 -> 28933 | F36: =C36 -> 28933 | K36: 2004-2005 | L36: 2700 | M36: 2340 | N36: 0.093 | O36: 0.081 | P36: 22554 | Q36: 22364 | R36: 0.78 | S36: 0.773 | T36: 1517 | U36: 1517 | V36: 0.052 | W36: 0.052 | X36: 2162 | Y36: 2712 | Z36: 0.075 | AA36: 0.094 | AB36: 28933
A37: 2005 | B37: 30558 | C37: =AB37 -> 29012 | F37: =C37 -> 29012 | K37: 2005-2006 | L37: 2880 | M37: 2451 | N37: 0.099 | O37: 0.084 | P37: 22986 | Q37: 22750 | R37: 0.792 | S37: 0.784 | T37: 1478 | U37: 1478 | V37: 0.051 | W37: 0.051 | X37: 1668 | Y37: 2333 | Z37: 0.057 | AA37: 0.08 | AB37: 29012
A38: 2006 | B38: 30511 | C38: =AB38 -> 28619 | F38: =C38 -> 28619 | K38: 2006-2007 | L38: 3097 | M38: 2631 | N38: 0.108 | O38: 0.092 | P38: 22519 | Q38: 22261 | R38: 0.787 | S38: 0.778 | T38: 1498 | U38: 1498 | V38: 0.052 | W38: 0.052 | X38: 1505 | Y38: 2229 | Z38: 0.053 | AA38: 0.078 | AB38: 28619
A39: 2007 | B39: 29797 | C39: =AB39 -> 28025 | F39: =C39 -> 28025 | K39: 2007-2008 | L39: 3168 | M39: 2675 | N39: 0.113 | O39: 0.095 | P39: 21610 | Q39: 21351 | R39: 0.771 | S39: 0.762 | T39: 1563 | U39: 1563 | V39: 0.056 | W39: 0.056 | X39: 1684 | Y39: 2436 | Z39: 0.06 | AA39: 0.087 | AB39: 28025
A40: 2008 | B40: =I22+H28-I28 -> 29076 | C40: =AB40 -> 28211 | F40: =C40 -> 28211 | K40: 2008-2009 | L40: 3314 | M40: 2816 | N40: 0.117 | O40: 0.1 | P40: 21568 | Q40: 21340 | R40: 0.765 | S40: 0.756 | T40: 1662 | U40: 1662 | V40: 0.059 | W40: 0.059 | X40: 1667 | Y40: 2393 | Z40: 0.059 | AA40: 0.085 | AB40: 28211
A41: 2009 | B41: =I23+H28-I28 -> 30222 | C41: =AF41 -> 29284 | F41: 30110 | G41: =F41-F40 -> 1899 | K41: 2009-2010 | L41: 3462 | M41: 2963 | N41: 0.118 | O41: 0.101 | P41: 21881 | Q41: 21671 | R41: 0.747 | S41: 0.74 | T41: 177 | U41: 170 | V41: 0.006 | W41: 0.006 | X41: 1846 | Y41: 1846 | Z41: 0.063 | AA41: 0.063 | AB41: 1918 | AC41: 2634 | AD41: 0.065 | AE41: 0.09 | AF41: 29284
A42: 2010 | B42: =H24 -> 32671 | C42: =AF42 -> 30819 | F42: 31643 | G42: =F42-F41 -> 1533 | K42: 2010-2011 | L42: 3826 | M42: 3240 | N42: 0.124 | O42: 0.105 | P42: 22965 | Q42: 22717 | R42: 0.745 | S42: 0.737 | T42: 416 | U42: 407 | V42: 0.013 | W42: 0.013 | X42: 1934 | Y42: 1934 | Z42: 0.063 | AA42: 0.063 | AB42: 1678 | AC42: 2521 | AD42: 0.054 | AE42: 0.082 | AF42: 30819
A43: 2011 | B43: =H25 -> 31673 | C43: =AF43 -> 31660 | F43: 32722 | G43: =F43-F42 -> 1079 | K43: 2011-2012 | L43: 4247 | M43: 3574 | N43: 0.134 | O43: 0.113 | P43: 23179 | Q43: 22920 | R43: 0.732 | S43: 0.724 | T43: 596 | U43: 583 | V43: 0.019 | W43: 0.018 | X43: 2295 | Y43: 2295 | Z43: 0.072 | AA43: 0.072 | AB43: 1343 | AC43: 2288 | AD43: 0.042 | AE43: 0.072 | AF43: 31660
A44: 2012 | B44: =C44 -> 32388 | C44: =AF44 -> 32388 | F44: 33291 | G44: =F44-F43 -> 569 | K44: 2012-2013 | L44: 4638 | M44: 3861 | N44: 0.143 | O44: 0.119 | P44: 23034 | Q44: 22785 | R44: 0.711 | S44: 0.704 | T44: 739 | U44: 722 | V44: 0.023 | W44: 0.022 | X44: 2759 | Y44: 2759 | Z44: 0.085 | AA44: 0.085 | AB44: 1218 | AC44: 2260 | AD44: 0.038 | AE44: 0.07 | AF44: 32388
A45: 2013 | B45: 34770 | C45: =B45 -> 34770 | F45: 36226 | G45: =F45-F44 -> 2935
A46: 2014 | B46: 35361 | C46: =B46 -> 35361 | F46: 32003 | G46: =F46-F45 -> -4223
A47: 2015 | B47: 35856 | C47: =B47 -> 35856 | F47: 32155 | G47: =F47-F46 -> 152
A48: 2016 | B48: 36287 | C48: =B48 -> 36287 | F48: 32451 | G48: =F48-F47 -> 296
A49: 2017 | B49: 36650 | C49: =B49 -> 36650 | F49: 33153 | G49: =F49-F48 -> 702
A50: 2018 | B50: 36943 | C50: =B50 -> 36943 | F50: 34247 | G50: =F50-F49 -> 1094
A51: 2019 | B51: 37164 | C51: =B51 -> 37164 | F51: 35246 | G51: =F51-F50 -> 999
A52: 2020 | B52: 37387 | C52: =B52 -> 37387 | F52: 36078 | G52: =F52-F51 -> 832
A53: 2021 | B53: 37574 | C53: =B53 -> 37574 | F53: 36459 | G53: =F53-F52 -> 381
A54: 2022 | C54: =FORECAST(A54,C$2:C$53,A$2:A$53) -> 35210.771 | D54: =C$53+(C$72-C$53)/(A$72-A$53)*(A54-A$53) -> 37722.609 | E54: =C$53+C55-C$54 -> 37862.155 | F54: 36749 | G54: =F54-F53 -> 290
A55: 2023 | C55: =FORECAST(A55,C$2:C$53,A$2:A$53) -> 35498.927 | D55: =C$53+(C$72-C$53)/(A$72-A$53)*(A55-A$53) -> 37871.218 | E55: =C$53+C56-C$54 -> 38150.311 | F55: 37058 | G55: =F55-F54 -> 309
A56: 2024 | C56: =FORECAST(A56,C$2:C$53,A$2:A$53) -> 35787.082 | D56: =C$53+(C$72-C$53)/(A$72-A$53)*(A56-A$53) -> 38019.827 | E56: =C$53+C57-C$54 -> 38438.466 | F56: 37512 | G56: =F56-F55 -> 454
A57: 2025 | C57: =FORECAST(A57,C$2:C$53,A$2:A$53) -> 36075.238 | D57: =C$53+(C$72-C$53)/(A$72-A$53)*(A57-A$53) -> 38168.435 | E57: =C$53+C58-C$54 -> 38726.622 | F57: 38075 | G57: =F57-F56 -> 563
A58: 2026 | C58: =FORECAST(A58,C$2:C$53,A$2:A$53) -> 36363.393 | D58: =C$53+(C$72-C$53)/(A$72-A$53)*(A58-A$53) -> 38317.044 | E58: =C$53+C59-C$54 -> 39014.777 | F58: 38635 | G58: =F58-F57 -> 560 | H58: 560
A59: 2027 | C59: =FORECAST(A59,C$2:C$53,A$2:A$53) -> 36651.548 | D59: =C$53+(C$72-C$53)/(A$72-A$53)*(A59-A$53) -> 38465.653 | E59: =C$53+C60-C$54 -> 39302.932 | F59: =F58+H59 -> 39146 | G59: =F59-F58 -> 511 | H59: =H58-49 -> 511
A60: 2028 | C60: =FORECAST(A60,C$2:C$53,A$2:A$53) -> 36939.704 | D60: =C$53+(C$72-C$53)/(A$72-A$53)*(A60-A$53) -> 38614.262 | E60: =C$53+C61-C$54 -> 39591.088 | F60: =F59+H60 -> 39608 | G60: =F60-F59 -> 462 | H60: =H59-49 -> 462
A61: 2029 | C61: =FORECAST(A61,C$2:C$53,A$2:A$53) -> 37227.859 | D61: =C$53+(C$72-C$53)/(A$72-A$53)*(A61-A$53) -> 38762.871 | E61: =C$53+C62-C$54 -> 39879.243 | F61: =F60+H61 -> 40021 | G61: =F61-F60 -> 413 | H61: =H60-49 -> 413
A62: 2030 | C62: =FORECAST(A62,C$2:C$53,A$2:A$53) -> 37516.015 | D62: =C$53+(C$72-C$53)/(A$72-A$53)*(A62-A$53) -> 38911.48 | E62: =C$53+C63-C$54 -> 40167.398 | F62: =F61+H62 -> 40385 | G62: =F62-F61 -> 364 | H62: =H61-49 -> 364
A63: 2031 | C63: =FORECAST(A63,C$2:C$53,A$2:A$53) -> 37804.17 | D63: =C$53+(C$72-C$53)/(A$72-A$53)*(A63-A$53) -> 39060.089 | E63: =C$53+C64-C$54 -> 40455.554 | F63: =F62+H63 -> 40700 | G63: =F63-F62 -> 315 | H63: =H62-49 -> 315
A64: 2032 | C64: =FORECAST(A64,C$2:C$53,A$2:A$53) -> 38092.325 | D64: =C$53+(C$72-C$53)/(A$72-A$53)*(A64-A$53) -> 39208.697 | E64: =C$53+C65-C$54 -> 40743.709 | F64: =F63+H64 -> 40966 | G64: =F64-F63 -> 266 | H64: =H63-49 -> 266
A65: 2033 | C65: =FORECAST(A65,C$2:C$53,A$2:A$53) -> 38380.481 | D65: =C$53+(C$72-C$53)/(A$72-A$53)*(A65-A$53) -> 39357.306 | E65: =C$53+C66-C$54 -> 41031.865 | F65: =F64+H65 -> 41183 | G65: =F65-F64 -> 217 | H65: =H64-49 -> 217
A66: 2034 | C66: =FORECAST(A66,C$2:C$53,A$2:A$53) -> 38668.636 | D66: =C$53+(C$72-C$53)/(A$72-A$53)*(A66-A$53) -> 39505.915 | E66: =C$53+C67-C$54 -> 41320.02 | F66: =F65+H66 -> 41351 | G66: =F66-F65 -> 168 | H66: =H65-49 -> 168
A67: 2035 | C67: =FORECAST(A67,C$2:C$53,A$2:A$53) -> 38956.791 | D67: =C$53+(C$72-C$53)/(A$72-A$53)*(A67-A$53) -> 39654.524 | E67: =C$53+C68-C$54 -> 41608.175 | F67: =F66+H67 -> 41504 | G67: =F67-F66 -> 153 | H67: =H66-15 -> 153
A68: 2036 | C68: =FORECAST(A68,C$2:C$53,A$2:A$53) -> 39244.947 | D68: =C$53+(C$72-C$53)/(A$72-A$53)*(A68-A$53) -> 39803.133 | E68: =C$53+C69-C$54 -> 41896.331 | F68: =F67+H68 -> 41642 | G68: =F68-F67 -> 138 | H68: =H67-15 -> 138
A69: 2037 | C69: =FORECAST(A69,C$2:C$53,A$2:A$53) -> 39533.102 | D69: =C$53+(C$72-C$53)/(A$72-A$53)*(A69-A$53) -> 39951.742 | E69: =C$53+C70-C$54 -> 42184.486 | F69: =F68+H69 -> 41765 | G69: =F69-F68 -> 123 | H69: =H68-15 -> 123
A70: 2038 | C70: =FORECAST(A70,C$2:C$53,A$2:A$53) -> 39821.258 | D70: =C$53+(C$72-C$53)/(A$72-A$53)*(A70-A$53) -> 40100.351 | E70: =C$53+C71-C$54 -> 42472.642 | F70: =F69+H70 -> 41873 | G70: =F70-F69 -> 108 | H70: =H69-15 -> 108
A71: 2039 | C71: =FORECAST(A71,C$2:C$53,A$2:A$53) -> 40109.413 | D71: =C$53+(C$72-C$53)/(A$72-A$53)*(A71-A$53) -> 40248.96 | E71: =C$53+C72-C$54 -> 42760.797 | F71: =F70+H71 -> 41966 | G71: =F71-F70 -> 93 | H71: =H70-15 -> 93
A72: 2040 | C72: =FORECAST(A72,C$2:C$53,A$2:A$53) -> 40397.568 | D72: =C$53+(C$72-C$53)/(A$72-A$53)*(A72-A$53) -> 40397.568 | E72: =C$53+C73-C$54 -> 43048.952 | F72: =F71+H72 -> 42044 | G72: =F72-F71 -> 78 | H72: =H71-15 -> 78
A73: 2041 | C73: =FORECAST(A73,C$2:C$53,A$2:A$53) -> 40685.724 | D73: =C$53+(C$72-C$53)/(A$72-A$53)*(A73-A$53) -> 40546.177 | F73: =F72+H73 -> 42107 | G73: =F73-F72 -> 63 | H73: =H72-15 -> 63
A74: 2042 | F74: =F73+H74 -> 42155 | G74: =F74-F73 -> 48 | H74: =H73-15 -> 48
A75: 2043 | F75: =F74+H75 -> 42188 | G75: =F75-F74 -> 33 | H75: =H74-15 -> 33
A76: 2044 | F76: =F75+H76 -> 42216 | G76: =F76-F75 -> 28 | H76: =H75-5 -> 28
A77: 2045 | F77: =F76+H77 -> 42239 | G77: =F77-F76 -> 23 | H77: =H76-5 -> 23
A78: 2046 | F78: =F77+H78 -> 42257 | G78: =F78-F77 -> 18 | H78: =H77-5 -> 18
A79: 2047 | F79: =F78+H79 -> 42270 | G79: =F79-F78 -> 13 | H79: =H78-5 -> 13
A80: 2048 | F80: =F79+H80 -> 42278 | G80: =F80-F79 -> 8 | H80: =H79-5 -> 8
A81: 2049 | F81: =F80+H81 -> 42281 | G81: =F81-F80 -> 3 | H81: =H80-5 -> 3
A82: 2050 | F82: =F81+H82 -> 42281 | G82: =F82-F81 -> 0 | H82: 0
G83: =SUM(G59:G82) -> 3646 | H83: =SUM(H59:H82) -> 3646

Sheet WSU
A1: Year | B1: Headcount | C1: HC | H1: 1889 | I1: =H2 -> 186
A2: 1889 | C2: =VLOOKUP(A2,H:I,2,FALSE) -> 186 | H2: 186
A3: 1890 | C3: =VLOOKUP(A3,H:I,2,FALSE) -> 0 | H3: 1920 | I3: =H4 -> 738
A4: 1891 | C4: =VLOOKUP(A4,H:I,2,FALSE) -> 303 | H4: 738
A5: 1892 | C5: =VLOOKUP(A5,H:I,2,FALSE) -> 301 | H5: 1951 | I5: =H6 -> 1302
A6: 1893 | C6: =VLOOKUP(A6,H:I,2,FALSE) -> 306 | H6: 1302
A7: 1894 | C7: =VLOOKUP(A7,H:I,2,FALSE) -> 140 | H7: 1982 | I7: =H8 -> 10361
A8: 1895 | C8: =VLOOKUP(A8,H:I,2,FALSE) -> 173 | H8: 10361
A9: 1896 | C9: =VLOOKUP(A9,H:I,2,FALSE) -> 185 | H9: 1890 | I9: =H10 -> 0
A10: 1897 | C10: =VLOOKUP(A10,H:I,2,FALSE) -> 206 | H10: 0
A11: 1898 | C11: =VLOOKUP(A11,H:I,2,FALSE) -> 206 | H11: 1921 | I11: =H12 -> 613
A12: 1899 | C12: =VLOOKUP(A12,H:I,2,FALSE) -> 249 | H12: 613
A13: 1900 | C13: =VLOOKUP(A13,H:I,2,FALSE) -> 211 | H13: 1952 | I13: =H14 -> 1280
A14: 1901 | C14: =VLOOKUP(A14,H:I,2,FALSE) -> 290 | H14: 1280
A15: 1902 | C15: =VLOOKUP(A15,H:I,2,FALSE) -> 292 | H15: 1983 | I15: =H16 -> 10314
A16: 1903 | C16: =VLOOKUP(A16,H:I,2,FALSE) -> 241 | H16: 10314
A17: 1904 | C17: =VLOOKUP(A17,H:I,2,FALSE) -> 279 | H17: 1891 | I17: =H18 -> 303
A18: 1905 | C18: =VLOOKUP(A18,H:I,2,FALSE) -> 289 | H18: 303
A19: 1906 | C19: =VLOOKUP(A19,H:I,2,FALSE) -> 347 | H19: 1922 | I19: =H20 -> 690
A20: 1907 | C20: =VLOOKUP(A20,H:I,2,FALSE) -> 453 | H20: 690
A21: 1908 | C21: =VLOOKUP(A21,H:I,2,FALSE) -> 437 | H21: 1953 | I21: =H22 -> 1411
A22: 1909 | C22: =VLOOKUP(A22,H:I,2,FALSE) -> 465 | H22: 1411
A23: 1910 | C23: =VLOOKUP(A23,H:I,2,FALSE) -> 491 | H23: 1984 | I23: =H24 -> 10657 | L23: 2012 | M23: 26484.841 | N23: email between Jim Wsu and Greg:
A24: 1911 | C24: =VLOOKUP(A24,H:I,2,FALSE) -> 479 | H24: 10657 | L24: 2013 | M24: 27559.463 | N24: current 2012 | O24: davis campus | P24: Students - 3300 - 3500 depending on the semester
A25: 1912 | C25: =VLOOKUP(A25,H:I,2,FALSE) -> 485 | H25: 1892 | I25: =H26 -> 301 | L25: 2014 | M25: 28671.697 | P25: Faculty - 145
A26: 1913 | C26: =VLOOKUP(A26,H:I,2,FALSE) -> 445 | H26: 301 | L26: 2015 | M26: 29822.858 | P26: Staff - 22 (not including hourly students)
A27: 1914 | C27: =VLOOKUP(A27,H:I,2,FALSE) -> 447 | H27: 1923 | I27: =H28 -> 258 | L27: 2016 | M27: 31014.311 | P27: Hourly & others, average - 30
A28: 1915 | C28: =VLOOKUP(A28,H:I,2,FALSE) -> 525 | H28: 258 | L28: 2017 | M28: 32247.464 | N28: build out | O28: ogden | P28: 26000~28000
A29: 1916 | C29: =VLOOKUP(A29,H:I,2,FALSE) -> 576 | H29: 1954 | I29: =H30 -> 1547 | L29: 2018 | M29: 33523.778 | N29: build-out at the Davis Campus at around 12,000 students, and approximately 1,200 faculty and staff.
A30: 1917 | C30: =VLOOKUP(A30,H:I,2,FALSE) -> 453 | H30: 1547 | L30: 2019 | M30: 34844.762
A31: 1918 | C31: =VLOOKUP(A31,H:I,2,FALSE) -> 571 | H31: 1985 | I31: =H32 -> 11117 | L31: 2020 | M31: 36211.982 | N31: 2008 sutdents coded as zip
A32: 1919 | C32: =VLOOKUP(A32,H:I,2,FALSE) -> 835 | H32: 11117 | L32: 2021 | M32: 37626.814
A33: 1920 | C33: =VLOOKUP(A33,H:I,2,FALSE) -> 738 | H33: 1893 | I33: =H34 -> 306
A34: 1921 | C34: =VLOOKUP(A34,H:I,2,FALSE) -> 613 | H34: 306
A35: 1922 | C35: =VLOOKUP(A35,H:I,2,FALSE) -> 690 | H35: 1924 | I35: =H36 -> 284
A36: 1923 | C36: =VLOOKUP(A36,H:I,2,FALSE) -> 258 | H36: 284
A37: 1924 | C37: =VLOOKUP(A37,H:I,2,FALSE) -> 284 | H37: 1955 | I37: =H38 -> 1762 | S37: 23777 | T37: 24496 | U37: 26256 | V37: 27381 | W37: 25886 | X37: 26913 | Y37: 26252 | Z37: 27236 | AA37: 28379 | AB37: 30729.891 | AC37: 32122.761 | AD37: 33505.481 | AE37: 34851.914 | AF37: 36148.882 | AG37: 37392.939 | AH37: 38587.242 | AI37: 39738.684 | AJ37: 40752.949
A38: 1925 | C38: =VLOOKUP(A38,H:I,2,FALSE) -> 401 | H38: 1762 | O38: USHE Long-term Enrollment Projection Model
A39: 1926 | C39: =VLOOKUP(A39,H:I,2,FALSE) -> 401 | H39: 1986 | I39: =H40 -> 11366 | M39: WSU | O39: 2008 | P39: 2012 | Q39: 2019
A40: 1927 | C40: =VLOOKUP(A40,H:I,2,FALSE) -> 404 | H40: 11366 | M40: Year | N40: Year | O40: Headcount | P40: Headcount
A41: 1928 | C41: =VLOOKUP(A41,H:I,2,FALSE) -> 423 | H41: 1894 | I41: =H42 -> 140 | N41: 08-09 | O41: 18560
A42: 1929 | C42: =VLOOKUP(A42,H:I,2,FALSE) -> 339 | H42: 140 | N42: 09-10 | O42: 18740 | Q42: 23777
A43: 1930 | C43: =VLOOKUP(A43,H:I,2,FALSE) -> 412 | H43: 1925 | I43: =H44 -> 401 | N43: 10-11 | O43: 18880 | Q43: 24496
A44: 1931 | C44: =VLOOKUP(A44,H:I,2,FALSE) -> 742 | H44: 401 | N44: 11-12 | O44: 19030 | Q44: 26256
A45: 1932 | C45: =VLOOKUP(A45,H:I,2,FALSE) -> 1030 | H45: 1956 | I45: =H46 -> 1845 | M45: 2012 | N45: 12-13 | O45: 19150 | P45: =VLOOKUP(M45,L$23:M$32,2,FALSE) -> 26484.841 | Q45: 27381
A46: 1933 | C46: =VLOOKUP(A46,H:I,2,FALSE) -> 683 | H46: 1845 | M46: 2013 | N46: 13-14 | O46: 19310 | P46: =VLOOKUP(M46,L$23:M$32,2,FALSE) -> 27559.463 | Q46: 25886
A47: 1934 | C47: =VLOOKUP(A47,H:I,2,FALSE) -> 691 | H47: 1987 | I47: =H48 -> 12002 | M47: 2014 | N47: 14-15 | O47: 19520 | P47: =VLOOKUP(M47,L$23:M$32,2,FALSE) -> 28671.697 | Q47: 26913
A48: 1935 | C48: =VLOOKUP(A48,H:I,2,FALSE) -> 659 | H48: 12002 | M48: 2015 | N48: 15-16 | O48: 19780 | P48: =VLOOKUP(M48,L$23:M$32,2,FALSE) -> 29822.858 | Q48: 26252
A49: 1936 | C49: =VLOOKUP(A49,H:I,2,FALSE) -> 613 | H49: 1895 | I49: =H50 -> 173 | M49: 2016 | N49: 16-17 | O49: 20070 | P49: =VLOOKUP(M49,L$23:M$32,2,FALSE) -> 31014.311 | Q49: 27236
A50: 1937 | C50: =VLOOKUP(A50,H:I,2,FALSE) -> 705 | H50: 173 | M50: 2017 | N50: 17-18 | O50: 20410 | P50: =VLOOKUP(M50,L$23:M$32,2,FALSE) -> 32247.464 | Q50: 28379
A51: 1938 | C51: =VLOOKUP(A51,H:I,2,FALSE) -> 875 | H51: 1926 | I51: =H52 -> 401 | M51: 2018 | N51: 18-19 | O51: 20800 | P51: =VLOOKUP(M51,L$23:M$32,2,FALSE) -> 33523.778 | Q51: 30729.891
A52: 1939 | C52: =VLOOKUP(A52,H:I,2,FALSE) -> 1121 | H52: 401 | M52: 2019 | N52: 19-20 | O52: 21210 | P52: =VLOOKUP(M52,L$23:M$32,2,FALSE) -> 34844.762 | Q52: 32122.761
A53: 1940 | C53: =VLOOKUP(A53,H:I,2,FALSE) -> 1337 | H53: 1957 | I53: =H54 -> 1950 | M53: 2020 | N53: 20-21 | O53: 21600 | P53: =VLOOKUP(M53,L$23:M$32,2,FALSE) -> 36211.982 | Q53: 33505.481
A54: 1941 | C54: =VLOOKUP(A54,H:I,2,FALSE) -> 1114 | H54: 1950 | M54: 2021 | N54: 21-22 | O54: 22030 | P54: =VLOOKUP(M54,L$23:M$32,2,FALSE) -> 37626.814 | Q54: 34851.914
A55: 1942 | C55: =VLOOKUP(A55,H:I,2,FALSE) -> 730 | H55: 1988 | I55: =H56 -> 12146 | M55: 2022 | N55: 22-23 | O55: 22490 | Q55: 36148.882
A56: 1943 | C56: =VLOOKUP(A56,H:I,2,FALSE) -> 723 | H56: 12146 | M56: 2023 | N56: 23-24 | O56: 22920 | Q56: 37392.939
A57: 1944 | C57: =VLOOKUP(A57,H:I,2,FALSE) -> 465 | H57: 1896 | I57: =H58 -> 185 | M57: 2024 | N57: 24-25 | O57: 23390 | Q57: 38587.242
A58: 1945 | C58: =VLOOKUP(A58,H:I,2,FALSE) -> 967 | H58: 185 | M58: 2025 | N58: 25-26 | O58: 23870 | Q58: 39738.684
A59: 1946 | C59: =VLOOKUP(A59,H:I,2,FALSE) -> 1808 | H59: 1927 | I59: =H60 -> 404 | M59: 2026 | N59: 26-27 | O59: 24310 | Q59: 40752.949
A60: 1947 | C60: =VLOOKUP(A60,H:I,2,FALSE) -> 1752 | H60: 404 | M60: 2027 | N60: 27-28 | O60: 24710
A61: 1948 | C61: =VLOOKUP(A61,H:I,2,FALSE) -> 1614 | H61: 1958 | I61: =H62 -> 2282
A62: 1949 | C62: =VLOOKUP(A62,H:I,2,FALSE) -> 1594 | H62: 2282
A63: 1950 | C63: =VLOOKUP(A63,H:I,2,FALSE) -> 0 | H63: 1989 | I63: =H64 -> 12920
A64: 1951 | C64: =VLOOKUP(A64,H:I,2,FALSE) -> 1302 | F64: =C64 -> 1302 | H64: 12920
A65: 1952 | C65: =VLOOKUP(A65,H:I,2,FALSE) -> 1280 | F65: =C65 -> 1280 | H65: 1897 | I65: =H66 -> 206
A66: 1953 | C66: =VLOOKUP(A66,H:I,2,FALSE) -> 1411 | F66: =C66 -> 1411 | H66: 206
A67: 1954 | C67: =VLOOKUP(A67,H:I,2,FALSE) -> 1547 | F67: =C67 -> 1547 | H67: 1928 | I67: =H68 -> 423
A68: 1955 | C68: =VLOOKUP(A68,H:I,2,FALSE) -> 1762 | F68: =C68 -> 1762 | H68: 423
A69: 1956 | C69: =VLOOKUP(A69,H:I,2,FALSE) -> 1845 | F69: =C69 -> 1845 | H69: 1959 | I69: =H70 -> 2420
A70: 1957 | C70: =VLOOKUP(A70,H:I,2,FALSE) -> 1950 | F70: =C70 -> 1950 | H70: 2420
A71: 1958 | C71: =VLOOKUP(A71,H:I,2,FALSE) -> 2282 | F71: =C71 -> 2282 | H71: 1990 | I71: =H72 -> 13449
A72: 1959 | C72: =VLOOKUP(A72,H:I,2,FALSE) -> 2420 | F72: =C72 -> 2420 | H72: 13449
A73: 1960 | C73: =VLOOKUP(A73,H:I,2,FALSE) -> 2524 | F73: =C73 -> 2524 | H73: 1898 | I73: =H74 -> 206
A74: 1961 | C74: =VLOOKUP(A74,H:I,2,FALSE) -> 3050 | F74: =C74 -> 3050 | H74: 206
A75: 1962 | C75: =VLOOKUP(A75,H:I,2,FALSE) -> 4685 | F75: =C75 -> 4685 | H75: 1929 | I75: =H76 -> 339
A76: 1963 | C76: =VLOOKUP(A76,H:I,2,FALSE) -> 5503 | F76: =C76 -> 5503 | H76: 339
A77: 1964 | C77: =VLOOKUP(A77,H:I,2,FALSE) -> 6494 | F77: =C77 -> 6494 | H77: 1960 | I77: =H78 -> 2524
A78: 1965 | C78: =VLOOKUP(A78,H:I,2,FALSE) -> 7565 | F78: =C78 -> 7565 | H78: 2524
A79: 1966 | C79: =VLOOKUP(A79,H:I,2,FALSE) -> 8220 | F79: =C79 -> 8220 | H79: 1991 | I79: =H80 -> 14495
A80: 1967 | C80: =VLOOKUP(A80,H:I,2,FALSE) -> 9232 | F80: =C80 -> 9232 | H80: 14495
A81: 1968 | C81: =VLOOKUP(A81,H:I,2,FALSE) -> 10280 | F81: =C81 -> 10280 | H81: 1899 | I81: =H82 -> 249
A82: 1969 | C82: =VLOOKUP(A82,H:I,2,FALSE) -> 10661 | F82: =C82 -> 10661 | H82: 249
A83: 1970 | C83: =VLOOKUP(A83,H:I,2,FALSE) -> 10373 | F83: =C83 -> 10373 | H83: 1930 | I83: =H84 -> 412
A84: 1971 | C84: =VLOOKUP(A84,H:I,2,FALSE) -> 9772 | F84: =C84 -> 9772 | H84: 412
A85: 1972 | C85: =VLOOKUP(A85,H:I,2,FALSE) -> 8203 | F85: =C85 -> 8203 | H85: 1961 | I85: =H86 -> 3050
A86: 1973 | C86: =VLOOKUP(A86,H:I,2,FALSE) -> 8303 | F86: =C86 -> 8303 | H86: 3050
A87: 1974 | C87: =VLOOKUP(A87,H:I,2,FALSE) -> 8574 | F87: =C87 -> 8574 | H87: 1992 | I87: =H88 -> 14993
A88: 1975 | C88: =VLOOKUP(A88,H:I,2,FALSE) -> 9458 | F88: =C88 -> 9458 | H88: 14993
A89: 1976 | C89: =VLOOKUP(A89,H:I,2,FALSE) -> 8818 | F89: =C89 -> 8818 | H89: 1900 | I89: =H90 -> 211
A90: 1977 | C90: =VLOOKUP(A90,H:I,2,FALSE) -> 8741 | F90: =C90 -> 8741 | H90: 211
A91: 1978 | C91: =VLOOKUP(A91,H:I,2,FALSE) -> 8920 | F91: =C91 -> 8920 | H91: 1931 | I91: =H92 -> 742
A92: 1979 | C92: =VLOOKUP(A92,H:I,2,FALSE) -> 9674 | F92: =C92 -> 9674 | H92: 742
A93: 1980 | C93: =VLOOKUP(A93,H:I,2,FALSE) -> 10065 | F93: =C93 -> 10065 | H93: 1962 | I93: =H94 -> 4685
A94: 1981 | C94: =VLOOKUP(A94,H:I,2,FALSE) -> 10230 | F94: =C94 -> 10230 | H94: 4685
A95: 1982 | C95: =VLOOKUP(A95,H:I,2,FALSE) -> 10361 | F95: =C95 -> 10361 | H95: 1993 | I95: =H96 -> 14447
A96: 1983 | C96: =VLOOKUP(A96,H:I,2,FALSE) -> 10314 | F96: =C96 -> 10314 | H96: 14447
A97: 1984 | C97: =VLOOKUP(A97,H:I,2,FALSE) -> 10657 | F97: =C97 -> 10657 | H97: 1901 | I97: =H98 -> 290
A98: 1985 | C98: =VLOOKUP(A98,H:I,2,FALSE) -> 11117 | F98: =C98 -> 11117 | H98: 290
A99: 1986 | C99: =VLOOKUP(A99,H:I,2,FALSE) -> 11366 | F99: =C99 -> 11366 | H99: 1932 | I99: =H100 -> 1030
A100: 1987 | C100: =VLOOKUP(A100,H:I,2,FALSE) -> 12002 | F100: =C100 -> 12002 | H100: 1030
...

Sheet UVU
A1: Year | B1: Headcount
A2: 1988 | B2: 6832 | C2: =B2 -> 6832
A3: 1989 | B3: 7758 | C3: =B3 -> 7758
A4: 1990 | B4: 7885 | C4: =B4 -> 7885
A5: 1991 | B5: 8777 | C5: =B5 -> 8777
A6: 1992 | B6: 9623 | C6: =B6 -> 9623
A7: 1993 | B7: 10512 | C7: =B7 -> 10512
A8: 1994 | B8: 13293 | C8: =B8 -> 13293
A9: 1995 | B9: 14040 | C9: =B9 -> 14040
A10: 1996 | B10: 14756 | C10: =B10 -> 14756
A11: 1997 | B11: 15994 | C11: =B11 -> 15994
A12: 1998 | B12: 18174 | C12: =B12 -> 18174
A13: 1999 | B13: 20062 | C13: =B13 -> 20062
... A20: 2006 | B20: 23305 | C20: =B20 -> 23305
A21: 2007 | B21: 23840 | C21: =B21 -> 23840 | G21: =B21 -> 23840 | H21: 20959
A22: 2008 | B22: =H22+I27 -> 27051.667 | C22: =B22 -> 27051.667 | H22: 22292
A23: 2009 | B23: =H23+I27 -> 29351.667 | C23: 29045 | H23: 24592
A24: 2010 | B24: =G24 -> 32670 | C24: 31739 | G24: 32670 | H24: 26844
A25: 2011 | B25: =G25 -> 33395 | C25: 32734 | G25: 33395 | H25: 27823
A26: 2012 | B26: 34085.135 | C26: 31810
A27: 2013 | B27: 35442.53 | C27: 30880 | G27: =AVERAGE(G24:G25,G21) -> 29968.333 | H27: =AVERAGE(H24:H25,H21) -> 25208.667 | I27: =G27-H27 -> 4759.6667
A28: 2014 | B28: 36853.425 | C28: 31589
A29: 2015 | B29: 38280.151 | C29: 33565 | F29: 10% Geneva Site
A30: 2016 | B30: 39765.144 | C30: 35126 | F30: 10% Thanksgiving Point Site
A31: 2017 | B31: 41310.95 | C31: 37785 | F31: 1% Heber Site
A32: 2018 | B32: 42920.225 | C32: 37742.193 | F32: 79% Main Campus Site
A33: 2019 | B33: 44595.744 | C33: 39140.643
A34: 2020 | B34: 46340.405 | C34: 40594.186
A35: 2021 | B35: 47870.5 | C35: 41879.821
A36: 2022 | B36: =FORECAST(A36,B$2:B$35,A$2:A$35) -> 46883.983 | C36: 43347.167
A37: 2023 | B37: =FORECAST(A37,B$2:B$35,A$2:A$35) -> 48110.317 | C37: 44869.776
A38: 2024 | B38: =FORECAST(A38,B$2:B$35,A$2:A$35) -> 49336.652 | C38: 46450.837
A39: 2025 | B39: =FORECAST(A39,B$2:B$35,A$2:A$35) -> 50562.986 | C39: 48091.632
A40: 2026 | B40: =FORECAST(A40,B$2:B$35,A$2:A$35) -> 51789.32 | C40: 49795
A41: 2027 | B41: =FORECAST(A41,B$2:B$35,A$2:A$35) -> 53015.654 | C41: =C$40+(A41-A$40)*(C$64-C$40)/(A$64-A$40) -> 50483.958
A42: 2028 | B42: =FORECAST(A42,B$2:B$35,A$2:A$35) -> 54241.989 | C42: =C$40+(A42-A$40)*(C$64-C$40)/(A$64-A$40) -> 51172.917
A43: 2029 | B43: =FORECAST(A43,B$2:B$35,A$2:A$35) -> 55468.323 | C43: =C$40+(A43-A$40)*(C$64-C$40)/(A$64-A$40) -> 51861.875
A44: 2030 | B44: =FORECAST(A44,B$2:B$35,A$2:A$35) -> 56694.657 | C44: =C$40+(A44-A$40)*(C$64-C$40)/(A$64-A$40) -> 52550.833
A45: 2031 | B45: =FORECAST(A45,B$2:B$35,A$2:A$35) -> 57920.991 | C45: =C$40+(A45-A$40)*(C$64-C$40)/(A$64-A$40) -> 53239.792
A46: 2032 | B46: =FORECAST(A46,B$2:B$35,A$2:A$35) -> 59147.326 | C46: =C$40+(A46-A$40)*(C$64-C$40)/(A$64-A$40) -> 53928.75
A47: 2033 | B47: =FORECAST(A47,B$2:B$35,A$2:A$35) -> 60373.66 | C47: =C$40+(A47-A$40)*(C$64-C$40)/(A$64-A$40) -> 54617.708
A48: 2034 | B48: =FORECAST(A48,B$2:B$35,A$2:A$35) -> 61599.994 | C48: =C$40+(A48-A$40)*(C$64-C$40)/(A$64-A$40) -> 55306.667
A49: 2035 | B49: =FORECAST(A49,B$2:B$35,A$2:A$35) -> 62826.328 | C49: =C$40+(A49-A$40)*(C$64-C$40)/(A$64-A$40) -> 55995.625
A50: 2036 | B50: =FORECAST(A50,B$2:B$35,A$2:A$35) -> 64052.663 | C50: =C$40+(A50-A$40)*(C$64-C$40)/(A$64-A$40) -> 56684.583
A51: 2037 | B51: =FORECAST(A51,B$2:B$35,A$2:A$35) -> 65278.997 | C51: =C$40+(A51-A$40)*(C$64-C$40)/(A$64-A$40) -> 57373.542
A52: 2038 | B52: =FORECAST(A52,B$2:B$35,A$2:A$35) -> 66505.331 | C52: =C$40+(A52-A$40)*(C$64-C$40)/(A$64-A$40) -> 58062.5
... A56: 2042 | B56: =FORECAST(A56,B$2:B$35,A$2:A$35) -> 71410.668 | C56: =C$40+(A56-A$40)*(C$64-C$40)/(A$64-A$40) -> 60818.333
A57: 2043 | B57: =FORECAST(A57,B$2:B$35,A$2:A$35) -> 72637.002 | C57: =C$40+(A57-A$40)*(C$64-C$40)/(A$64-A$40) -> 61507.292 | H57: 29045 | I57: 31739 | J57: 32734 | K57: 31810 | L57: 30880 | M57: 31589 | N57: 33565 | O57: 35126 | P57: 37785 | Q57: 37742.193 | R57: 39140.643 | S57: 40594.186 | T57: 41879.821 | U57: 43347.167 | V57: 44869.776 | W57: 46450.837 | X57: 48091.632 | Y57: 49795
A58: 2044 | B58: =FORECAST(A58,B$2:B$35,A$2:A$35) -> 73863.337 | C58: =C$40+(A58-A$40)*(C$64-C$40)/(A$64-A$40) -> 62196.25
A59: 2045 | B59: =FORECAST(A59,B$2:B$35,A$2:A$35) -> 75089.671 | C59: =C$40+(A59-A$40)*(C$64-C$40)/(A$64-A$40) -> 62885.208
A60: 2046 | B60: =FORECAST(A60,B$2:B$35,A$2:A$35) -> 76316.005 | C60: =C$40+(A60-A$40)*(C$64-C$40)/(A$64-A$40) -> 63574.167
A61: 2047 | B61: =FORECAST(A61,B$2:B$35,A$2:A$35) -> 77542.339 | C61: =C$40+(A61-A$40)*(C$64-C$40)/(A$64-A$40) -> 64263.125
A62: 2048 | B62: =FORECAST(A62,B$2:B$35,A$2:A$35) -> 78768.674 | C62: =C$40+(A62-A$40)*(C$64-C$40)/(A$64-A$40) -> 64952.083
A63: 2049 | B63: =FORECAST(A63,B$2:B$35,A$2:A$35) -> 79995.008 | C63: =C$40+(A63-A$40)*(C$64-C$40)/(A$64-A$40) -> 65641.042
A64: 2050 | B64: 81221 | C64: =summary!D8*0.99 -> 66330

Sheet slcc
A1: Year | B1: Headcount | F1: Campus % Split | G1: 0.5223865 | H1: 0.088132265 | I1: 0.065777103 | J1: 0.11622595
A2: 1988 | B2: 9368 | F2: Year | G2: SLCCR | H2: SLCCJ | I2: SLCCS | J2: SLCCSC | K2: redwood | L2: Jordan | N2: south city
A3: 1989 | B3: 11003 | F3: 1988 | G3: =$B2*G$1 -> 4893.7167 | H3: =$B2*H$1 -> 825.62305 | I3: =$B2*I$1 -> 616.1999 | J3: =$B2*J$1 -> 1088.8047
A4: 1990 | B4: 13344 | F4: 1989 | G4: =$B3*G$1 -> 5747.8187 | H4: =$B3*H$1 -> 969.71931 | I4: =$B3*I$1 -> 723.74546 | J4: =$B3*J$1 -> 1278.8341 | N4: from Greg
A5: 1991 | B5: 15972 | F5: 1990 | G5: =$B4*G$1 -> 6970.7255 | H5: =$B4*H$1 -> 1176.0369 | I5: =$B4*I$1 -> 877.72966 | J5: =$B4*J$1 -> 1550.919 | N5: Division by Campus
A6: 1992 | B6: 17766 | F6: 1991 | G6: =$B5*G$1 -> 8343.5572 | H6: =$B5*H$1 -> 1407.6485 | I6: =$B5*I$1 -> 1050.5919 | J6: =$B5*J$1 -> 1856.3608 | N6: Jordan | O6: 0.187
A7: 1993 | B7: 18311 | F7: 1992 | G7: =$B6*G$1 -> 9280.7186 | H7: =$B6*H$1 -> 1565.7578 | I7: =$B6*I$1 -> 1168.596 | J7: =$B6*J$1 -> 2064.8702 | N7: Miller | O7: 0.071
A8: 1994 | B8: 19440 | F8: 1993 | G8: =$B7*G$1 -> 9565.4192 | H8: =$B7*H$1 -> 1613.7899 | I8: =$B7*I$1 -> 1204.4445 | J8: =$B7*J$1 -> 2128.2133 | N8: Meadowbrook | O8: 0.007
A9: 1995 | B9: 20834 | F9: 1994 | G9: =$B8*G$1 -> 10155.194 | H9: =$B8*H$1 -> 1713.2912 | I9: =$B8*I$1 -> 1278.7069 | J9: =$B8*J$1 -> 2259.4324 | N9: Ariport | O9: 0.004
A10: 1996 | B10: 22394 | F10: 1995 | G10: =$B9*G$1 -> 10883.4 | H10: =$B9*H$1 -> 1836.1476 | I10: =$B9*I$1 -> 1370.4002 | J10: =$B9*J$1 -> 2421.4514 | N10: Redwood | O10: 0.494
A11: 1997 | B11: 24307 | F11: 1996 | G11: =$B10*G$1 -> 11698.323 | H11: =$B10*H$1 -> 1973.6339 | I11: =$B10*I$1 -> 1473.0124 | J11: =$B10*J$1 -> 2602.7639 | N11: South City | O11: 0.167
A12: 1998 | B12: 19754 | F12: 1997 | G12: =$B11*G$1 -> 12697.649 | H12: =$B11*H$1 -> 2142.231 | I12: =$B11*I$1 -> 1598.844 | J12: =$B11*J$1 -> 2825.1041 | N12: Higland | O12: 0.028
A13: 1999 | B13: 21273 | F13: 1998 | G13: =$B12*G$1 -> 10319.223 | H13: =$B12*H$1 -> 1740.9648 | I13: =$B12*I$1 -> 1299.3609 | J13: =$B12*J$1 -> 2295.9274 | N13: Library Sq | O13: 0.031
A14: 2000 | B14: 22109 | F14: 1999 | G14: =$B13*G$1 -> 11112.728 | H14: =$B13*H$1 -> 1874.8377 | I14: =$B13*I$1 -> 1399.2763 | J14: =$B13*J$1 -> 2472.4746 | N14: Westpointe | O14: 0.011
A15: 2001 | B15: 24215 | F15: 2000 | G15: =$B14*G$1 -> 11549.443 | H15: =$B14*H$1 -> 1948.5162 | I15: =$B14*I$1 -> 1454.266 | J15: =$B14*J$1 -> 2569.6395 | N15: total | O15: 1
A16: 2002 | B16: 23825 | F16: 2001 | G16: =$B15*G$1 -> 12649.589 | H16: =$B15*H$1 -> 2134.1228 | I16: =$B15*I$1 -> 1592.7925 | J16: =$B15*J$1 -> 2814.4113
A17: 2003 | B17: 24153 | F17: 2002 | G17: =$B16*G$1 -> 12445.858 | H17: =$B16*H$1 -> 2099.7512 | I17: =$B16*I$1 -> 1567.1395 | J17: =$B16*J$1 -> 2769.0832
A18: 2004 | B18: 25711 | F18: 2003 | G18: =$B17*G$1 -> 12617.201 | H18: =$B17*H$1 -> 2128.6586 | I18: =$B17*I$1 -> 1588.7144 | J18: =$B17*J$1 -> 2807.2053
A19: 2005 | B19: 25551 | F19: 2004 | G19: =$B18*G$1 -> 13431.079 | H19: =$B18*H$1 -> 2265.9687 | I19: =$B18*I$1 -> 1691.1951 | J19: =$B18*J$1 -> 2988.2853 | N19: 39903 | O19: 38288 | P19: 36782 | Q19: 35804 | R19: 35043 | S19: 33451 | T19: 31131 | U19: 32133 | V19: 32277 | W19: 32985 | X19: 33658 | Y19: 34348 | Z19: 35052 | AA19: 35760 | AB19: 36468 | AC19: 37168 | AD19: 37869 | AE19: 38563
A20: 2006 | B20: 25129 | F20: 2005 | G20: =$B19*G$1 -> 13347.497 | H20: =$B19*H$1 -> 2251.8675 | I20: =$B19*I$1 -> 1680.6708 | J20: =$B19*J$1 -> 2969.6892 | K20: table 7
A21: 2007 | B21: 25144 | F21: 2006 | G21: =$B20*G$1 -> 13127.05 | H21: =$B20*H$1 -> 2214.6757 | I21: =$B20*I$1 -> 1652.9128 | J21: =$B20*J$1 -> 2920.6418 | K21: 25144
A22: 2008 | B22: =K22 -> 29867 | F22: 2007 | G22: =$B21*G$1 -> 13134.886 | H22: =$B21*H$1 -> 2215.9977 | I22: =$B21*I$1 -> 1653.8995 | J22: =$B21*J$1 -> 2922.3852 | K22: 29867
A23: 2009 | B23: =K23 -> 33776 | C23: 39903 | F23: 2008 | G23: =$B22*G$1 -> 15602.118 | H23: =$B22*H$1 -> 2632.2463 | I23: =$B22*I$1 -> 1964.5647 | J23: =$B22*J$1 -> 3471.3204 | K23: 33776
A24: 2010 | B24: =K24 -> 33983 | C24: 38288 | F24: 2009 | G24: =$B23*G$1 -> 17644.126 | H24: =$B23*H$1 -> 2976.7554 | I24: =$B23*I$1 -> 2221.6874 | J24: =$B23*J$1 -> 3925.6476 | K24: 33983
A25: 2011 | B25: =K25 -> 33167 | C25: 36782 | F25: 2010 | G25: =$B24*G$1 -> 17752.26 | H25: =$B24*H$1 -> 2994.9987 | I25: =$B24*I$1 -> 2235.3033 | J25: =$B24*J$1 -> 3949.7064 | K25: 33167
A26: 2012 | B26: 36871 | C26: 35804 | F26: 2011 | G26: =$B25*G$1 -> 17325.993 | H26: =$B25*H$1 -> 2923.0828 | I26: =$B25*I$1 -> 2181.6292 | J26: =$B25*J$1 -> 3854.866
A27: 2013 | B27: 37679 | C27: 35043 | F27: 2012 | G27: =$B26*G$1 -> 19260.913 | H27: =$B26*H$1 -> 3249.5247 | I27: =$B26*I$1 -> 2425.2676 | J27: =$B26*J$1 -> 4285.3669
A28: 2014 | B28: 38375 | C28: 33451 | F28: 2013 | G28: =$B27*G$1 -> 19683.001 | H28: =$B27*H$1 -> 3320.7356 | I28: =$B27*I$1 -> 2478.4155 | J28: =$B27*J$1 -> 4379.2775
A29: 2015 | B29: 39018 | C29: 31131 | F29: 2014 | G29: =$B28*G$1 -> 20046.582 | H29: =$B28*H$1 -> 3382.0757 | I29: =$B28*I$1 -> 2524.1963 | J29: =$B28*J$1 -> 4460.1707
A30: 2016 | B30: 39641 | C30: 32133 | F30: 2015 | G30: =$B29*G$1 -> 20382.476 | H30: =$B29*H$1 -> 3438.7447 | I30: =$B29*I$1 -> 2566.491 | J30: =$B29*J$1 -> 4534.904
A31: 2017 | B31: 39973 | C31: 32277 | F31: 2016 | G31: =$B30*G$1 -> 20707.923 | H31: =$B30*H$1 -> 3493.6511 | I31: =$B30*I$1 -> 2607.4701 | J31: =$B30*J$1 -> 4607.3128
A32: 2018 | B32: 40179 | C32: 32985 | F32: 2017 | G32: =$B31*G$1 -> 20881.356 | H32: =$B31*H$1 -> 3522.911 | I32: =$B31*I$1 -> 2629.3081 | J32: =$B31*J$1 -> 4645.8998
A33: 2019 | B33: 40339 | C33: 33658 | F33: 2018 | G33: =$B32*G$1 -> 20988.967 | H33: =$B32*H$1 -> 3541.0663 | I33: =$B32*I$1 -> 2642.8582 | J33: =$B32*J$1 -> 4669.8423
A34: 2020 | B34: 40452 | C34: 34348 | F34: 2019 | G34: =$B33*G$1 -> 21072.549 | H34: =$B33*H$1 -> 3555.1674 | I34: =$B33*I$1 -> 2653.3826 | J34: =$B33*J$1 -> 4688.4385
A35: 2021 | B35: 40541 | C35: 35052 | F35: 2020 | G35: =$B34*G$1 -> 21131.579 | H35: =$B34*H$1 -> 3565.1264 | I35: =$B34*I$1 -> 2660.8154 | J35: =$B34*J$1 -> 4701.572
A36: 2022 | B36: =FORECAST(A36,B$2:B$35,A$2:A$35) -> 43723.989 | C36: 35760 | F36: 2021 | G36: =$B35*G$1 -> 21178.071 | H36: =$B35*H$1 -> 3572.9701 | I36: =$B35*I$1 -> 2666.6695 | J36: =$B35*J$1 -> 4711.9161
A37: 2023 | B37: =FORECAST(A37,B$2:B$35,A$2:A$35) -> 44653.656 | C37: 36468 | F37: 2022 | G37: =$B36*G$1 -> 22840.822 | H37: =$B36*H$1 -> 3853.4942 | I37: =$B36*I$1 -> 2876.0373 | J37: =$B36*J$1 -> 5081.8621
A38: 2024 | B38: =FORECAST(A38,B$2:B$35,A$2:A$35) -> 45583.323 | C38: 37168 | F38: 2023 | G38: =$B37*G$1 -> 23326.467 | H38: =$B37*H$1 -> 3935.4278 | I38: =$B37*I$1 -> 2937.1881 | J38: =$B37*J$1 -> 5189.9135
A39: 2025 | B39: =FORECAST(A39,B$2:B$35,A$2:A$35) -> 46512.989 | C39: 37869 | F39: 2024 | G39: =$B38*G$1 -> 23812.112 | H39: =$B38*H$1 -> 4017.3614 | I39: =$B38*I$1 -> 2998.3389 | J39: =$B38*J$1 -> 5297.9648
A40: 2026 | B40: =FORECAST(A40,B$2:B$35,A$2:A$35) -> 47442.656 | C40: 38563 | F40: 2025 | G40: =$B39*G$1 -> 24297.758 | H40: =$B39*H$1 -> 4099.2951 | I40: =$B39*I$1 -> 3059.4897 | J40: =$B39*J$1 -> 5406.0162
A41: 2027 | B41: =FORECAST(A41,B$2:B$35,A$2:A$35) -> 48372.322 | C41: =C$40+(A41-A$40)*(C$64-C$40)/($A$64-A$40) -> 39681.25 | F41: 2026 | G41: =$B40*G$1 -> 24783.403 | H41: =$B40*H$1 -> 4181.2287 | I41: =$B40*I$1 -> 3120.6405 | J41: =$B40*J$1 -> 5514.0676
A42: 2028 | B42: =FORECAST(A42,B$2:B$35,A$2:A$35) -> 49301.989 | C42: =C$40+(A42-A$40)*(C$64-C$40)/($A$64-A$40) -> 40799.5 | F42: 2027 | G42: =$B41*G$1 -> 25269.048 | H42: =$B41*H$1 -> 4263.1623 | I42: =$B41*I$1 -> 3181.7912 | J42: =$B41*J$1 -> 5622.119
A43: 2029 | B43: =FORECAST(A43,B$2:B$35,A$2:A$35) -> 50231.656 | C43: =C$40+(A43-A$40)*(C$64-C$40)/($A$64-A$40) -> 41917.75 | F43: 2028 | G43: =$B42*G$1 -> 25754.694 | H43: =$B42*H$1 -> 4345.0959 | I43: =$B42*I$1 -> 3242.942 | J43: =$B42*J$1 -> 5730.1704
A44: 2030 | B44: =FORECAST(A44,B$2:B$35,A$2:A$35) -> 51161.322 | C44: =C$40+(A44-A$40)*(C$64-C$40)/($A$64-A$40) -> 43036 | F44: 2029 | G44: =$B43*G$1 -> 26240.339 | H44: =$B43*H$1 -> 4427.0296 | I44: =$B43*I$1 -> 3304.0928 | J44: =$B43*J$1 -> 5838.2218
A45: 2031 | B45: =FORECAST(A45,B$2:B$35,A$2:A$35) -> 52090.989 | C45: =C$40+(A45-A$40)*(C$64-C$40)/($A$64-A$40) -> 44154.25 | F45: 2030 | G45: =$B44*G$1 -> 26725.984 | H45: =$B44*H$1 -> 4508.9632 | I45: =$B44*I$1 -> 3365.2436 | J45: =$B44*J$1 -> 5946.2731
A46: 2032 | B46: =FORECAST(A46,B$2:B$35,A$2:A$35) -> 53020.655 | C46: =C$40+(A46-A$40)*(C$64-C$40)/($A$64-A$40) -> 45272.5 | F46: 2031 | G46: =$B45*G$1 -> 27211.629 | H46: =$B45*H$1 -> 4590.8968 | I46: =$B45*I$1 -> 3426.3943 | J46: =$B45*J$1 -> 6054.3245
A47: 2033 | B47: =FORECAST(A47,B$2:B$35,A$2:A$35) -> 53950.322 | C47: =C$40+(A47-A$40)*(C$64-C$40)/($A$64-A$40) -> 46390.75 | F47: 2032 | G47: =$B46*G$1 -> 27697.275 | H47: =$B46*H$1 -> 4672.8304 | I47: =$B46*I$1 -> 3487.5451 | J47: =$B46*J$1 -> 6162.3759
A48: 2034 | B48: =FORECAST(A48,B$2:B$35,A$2:A$35) -> 54879.989 | C48: =C$40+(A48-A$40)*(C$64-C$40)/($A$64-A$40) -> 47509 | F48: 2033 | G48: =$B47*G$1 -> 28182.92 | H48: =$B47*H$1 -> 4754.7641 | I48: =$B47*I$1 -> 3548.6959 | J48: =$B47*J$1 -> 6270.4273
A49: 2035 | B49: =FORECAST(A49,B$2:B$35,A$2:A$35) -> 55809.655 | C49: =C$40+(A49-A$40)*(C$64-C$40)/($A$64-A$40) -> 48627.25 | F49: 2034 | G49: =$B48*G$1 -> 28668.565 | H49: =$B48*H$1 -> 4836.6977 | I49: =$B48*I$1 -> 3609.8467 | J49: =$B48*J$1 -> 6378.4787
A50: 2036 | B50: =FORECAST(A50,B$2:B$35,A$2:A$35) -> 56739.322 | C50: =C$40+(A50-A$40)*(C$64-C$40)/($A$64-A$40) -> 49745.5 | F50: 2035 | G50: =$B49*G$1 -> 29154.211 | H50: =$B49*H$1 -> 4918.6313 | I50: =$B49*I$1 -> 3670.9974 | J50: =$B49*J$1 -> 6486.5301
A51: 2037 | B51: =FORECAST(A51,B$2:B$35,A$2:A$35) -> 57668.989 | C51: =C$40+(A51-A$40)*(C$64-C$40)/($A$64-A$40) -> 50863.75 | F51: 2036 | G51: =$B50*G$1 -> 29639.856 | H51: =$B50*H$1 -> 5000.5649 | I51: =$B50*I$1 -> 3732.1482 | J51: =$B50*J$1 -> 6594.5814
A52: 2038 | B52: =FORECAST(A52,B$2:B$35,A$2:A$35) -> 58598.655 | C52: =C$40+(A52-A$40)*(C$64-C$40)/($A$64-A$40) -> 51982 | F52: 2037 | G52: =$B51*G$1 -> 30125.501 | H52: =$B51*H$1 -> 5082.4986 | I52: =$B51*I$1 -> 3793.299 | J52: =$B51*J$1 -> 6702.6328
... A54: 2040 | B54: =FORECAST(A54,B$2:B$35,A$2:A$35) -> 60457.988 | C54: =C$40+(A54-A$40)*(C$64-C$40)/($A$64-A$40) -> 54218.5 | F54: 2039 | G54: =$B53*G$1 -> 31096.792 | H54: =$B53*H$1 -> 5246.3658 | I54: =$B53*I$1 -> 3915.6006 | J54: =$B53*J$1 -> 6918.7356
A55: 2041 | C55: =C$40+(A55-A$40)*(C$64-C$40)/($A$64-A$40) -> 55336.75 | F55: 2040 | G55: =$B54*G$1 -> 31582.437 | H55: =$B54*H$1 -> 5328.2994 | I55: =$B54*I$1 -> 3976.7513 | J55: =$B54*J$1 -> 7026.787
A56: 2042 | C56: =C$40+(A56-A$40)*(C$64-C$40)/($A$64-A$40) -> 56455
A57: 2043 | C57: =C$40+(A57-A$40)*(C$64-C$40)/($A$64-A$40) -> 57573.25
A58: 2044 | C58: =C$40+(A58-A$40)*(C$64-C$40)/($A$64-A$40) -> 58691.5
A59: 2045 | C59: =C$40+(A59-A$40)*(C$64-C$40)/($A$64-A$40) -> 59809.75
A60: 2046 | C60: =C$40+(A60-A$40)*(C$64-C$40)/($A$64-A$40) -> 60928
A61: 2047 | C61: =C$40+(A61-A$40)*(C$64-C$40)/($A$64-A$40) -> 62046.25
A62: 2048 | C62: =C$40+(A62-A$40)*(C$64-C$40)/($A$64-A$40) -> 63164.5
A63: 2049 | C63: =C$40+(A63-A$40)*(C$64-C$40)/($A$64-A$40) -> 64282.75
A64: 2050 | C64: =summary!E8 -> 65401

Sheet BYU
A1: Full and 3/4 time students* | D1: All Day-time students* | G1: Year | H1: Day-time Enrollment
A2: Daytime students only | D2: Daytime students only | G2: 1946 | H2: 4366
A3: Year | B3: Fall Enrollment | C3: Winter Enrollment | D3: Year | E3: Day-time Enrollment | G3: 1947 | H3: 4603
A4: 2012 | B4: 30814 | C4: --- | D4: 2012 | E4: 33336 | G4: 1948 | H4: 4810
A5: 2011 | B5: 30539 | C5: 29429 | D5: 2011 | E5: 32980 | G5: 1949 | H5: 4937
A6: 2010 | B6: 30558 | C6: 29794 | D6: 2010 | E6: 32947 | G6: 1950 | H6: 4510
A7: 2009 | B7: 30,533 | C7: 29358 | D7: 2009 | E7: 32955 | G7: 1951 | H7: 5082
A8: 2008 | B8: 30,500 | C8: 29,137 | D8: 2008 | E8: 32992 | G8: 1952 | H8: 6359
A9: 2007 | B9: 30426 | C9: 29004 | D9: 2007 | E9: 32964 | G9: 1953 | H9: 6618
A10: 2006 | B10: 30090 | C10: 29271 | D10: 2006 | E10: 32679 | G10: 1954 | H10: 7213
A11: 2005 | B11: 30492 | C11: 29581 | D11: 2005 | E11: 32920 | G11: 1955 | H11: 8184
A12: 2004 | B12: 30633 | C12: 29231 | D12: 2004 | E12: 33427 | G12: 1956 | H12: 9050
A13: 2003 | B13: 30372 | C13: 29361 | D13: 2003 | E13: 33008 | G13: 1957 | H13: 9201
A14: 2002 | B14: 29796 | C14: 29227 | D14: 2002 | E14: 32408 | G14: 1958 | H14: 9903
A15: 2001 | B15: 30234 | C15: 29157 | D15: 2001 | E15: 32771 | G15: 1959 | H15: 10265
A16: 2000 | B16: 30069 | C16: 29217 | D16: 2000 | E16: 32554 | G16: 1960 | H16: 10305
A17: 1999 | B17: 30301 | C17: 29246 | D17: 1999 | E17: 32731 | G17: 1961 | H17: 11178
A18: 1998 | B18: 29930 | C18: 28274 | D18: 1998 | E18: 32202 | G18: 1962 | H18: 12399
A19: 1997 | B19: 29011 | C19: 27176 | D19: 1997 | E19: 31249 | G19: 1963 | H19: 14236
D20: 1996 | E20: 30563 | G20: 1964 | H20: 16444
D21: 1995 | E21: 30465 | G21: 1965 | H21: 18725
D22: 1994 | E22: 30413 | G22: 1966 | H22: 20028
D23: 1993 | E23: 30547 | G23: 1967 | H23: 20375
D24: 1992 | E24: 31108 | G24: 1968 | H24: 22304
D25: 1991 | E25: 31101 | G25: 1969 | H25: 24144
D26: 1990 | E26: 30465 | G26: 1970 | H26: 25021
D27: 1989 | E27: 30573 | G27: 1971 | H27: 25116
D28: 1988 | E28: 29613 | G28: 1972 | H28: 24565
D29: 1987 | E29: 27545 | G29: 1973 | H29: 24997
D30: 1986 | E30: 28264 | G30: 1974 | H30: 25218
D31: 1985 | E31: 27986 | G31: 1975 | H31: 25950
... D68: 1948 | E68: 4810 | G68: 2012 | H68: 33336
D69: 1947 | E69: 4603 | G69: 2013 | H69: =438056.50891*LN(G69)-3297842.90933 -> 34620.04
D70: 1946 | E70: 4366 | G70: 2014 | H70: =438056.50891*LN(G70)-3297842.90933 -> 34837.6
D71: 1945## | E71: 1811 | G71: 2015 | H71: =438056.50891*LN(G71)-3297842.90933 -> 35055.051
D72: 1944 | E72: 1508 | G72: 2016 | H72: =438056.50891*LN(G72)-3297842.90933 -> 35272.395
D73: 1943 | E73: 1155 | G73: 2017 | H73: =438056.50891*LN(G73)-3297842.90933 -> 35489.631
D74: 1942 | E74: 1687 | G74: 2018 | H74: =438056.50891*LN(G74)-3297842.90933 -> 35706.76
D75: 1941 | E75: 2131 | G75: 2019 | H75: =438056.50891*LN(G75)-3297842.90933 -> 35923.781
D76: 1940 | E76: 2715 | G76: 2020 | H76: =438056.50891*LN(G76)-3297842.90933 -> 36140.694
D77: 1939 | E77: 2894 | G77: 2021 | H77: =438056.50891*LN(G77)-3297842.90933 -> 36357.5
D78: 1938 | E78: 2782 | G78: 2022 | H78: =438056.50891*LN(G78)-3297842.90933 -> 36574.199
D79: 1937 | E79: 2461 | G79: 2023 | H79: =438056.50891*LN(G79)-3297842.90933 -> 36790.79
D80: 1936 | E80: 2319 | G80: 2024 | H80: =438056.50891*LN(G80)-3297842.90933 -> 37007.275
D81: 1935 | E81: 2438 | G81: 2025 | H81: =438056.50891*LN(G81)-3297842.90933 -> 37223.652
D82: 1934 | E82: 2176 | G82: 2026 | H82: =438056.50891*LN(G82)-3297842.90933 -> 37439.923
D83: 1933 | E83: 2006 | G83: 2027 | H83: =438056.50891*LN(G83)-3297842.90933 -> 37656.087
... D96: 1920 | E96: 438 | G96: 2040 | H96: =438056.50891*LN(G96)-3297842.90933 -> 40456.556
D97: 1919 | E97: 324
D98: 1918 | E98: 350
D99: 1917 | E99: 264
D100: 1916 | E100: 353
D101: 1915 | E101: 324
D102: 1914 | E102: 315
D103: 1913 | E103: 241
D104: 1912 | E104: 197
D105: 1911 | E105: 127
D106: 1910 | E106: 111
D107: 1909 | E107: 95
D108: 1908 | E108: 111
... D112: 1904 | E112: 58
D113: 1903# | E113: 64
D114: 1902 | E114: 37
D115: 1901 | E115: 49
D116: 1900 | E116: 40
D117: 1899 | E117: 61
D118: 1898 | E118: 46
D119: 1897** | E119: 35
D120: 1896 | E120: 961
D121: 1895 | E121: 885
D122: 1894 | E122: 865
D123: 1893 | E123: 600
D124: 1892 | E124: 762
D125: 1891 | E125: 689
D126: 1890 | E126: 440
D127: 1889 | E127: 484
D128: 1888 | E128: 446
D129: 1887 | E129: 281
D130: 1886 | E130: 336
D131: 1885 | E131: 325
... D140: 1876 | E140: 272
D141: 1875* | E141: 29

Sheet LDSBC
A1: 2040 headcount | B1: 4500 | C1: Craig Nelson [mailto:cnelson@ldsbc.edu]
A2: 2003 headcount | B2: 1275 | C2: http://www.ldsbc.edu/index.php?option=com_content&view=category&layout=blog&id=18&limitstart=95
A3: 2012 | B3: 2200 | C3: http://www.ldsbc.edu/index.php?option=com_content&view=article&id=749&Itemid=515
A4: 2013 | B4: =B3+C$11 -> 2307.8947
A5: 2014 | B5: =B4+C$11 -> 2415.7895
A6: 2015 | B6: =B5+C$11 -> 2523.6842
A7: 2016 | B7: =B6+C$11 -> 2631.5789
A8: 2017 | B8: =B7+C$11 -> 2739.4737
A9: 2018 | B9: =B8+C$11 -> 2847.3684
A10: 2019 | B10: =B9+C$11 -> 2955.2632
A11: 2020 | B11: =B10+C$11 -> 3063.1579 | C11: =(B41-B3)/(A41-A3) -> 107.89474
A12: 2021 | B12: =B11+C$11 -> 3171.0526
A13: 2022 | B13: =B12+C$11 -> 3278.9474
A14: 2023 | B14: =B13+C$11 -> 3386.8421
A15: 2024 | B15: =B14+C$11 -> 3494.7368
A16: 2025 | B16: =B15+C$11 -> 3602.6316
A17: 2026 | B17: =B16+C$11 -> 3710.5263
A18: 2027 | B18: =B17+C$11 -> 3818.4211
A19: 2028 | B19: =B18+C$11 -> 3926.3158
A20: 2029 | B20: =B19+C$11 -> 4034.2105
A21: 2030 | B21: =B20+C$11 -> 4142.1053
A22: 2031 | B22: =B21+C$11 -> 4250
A23: 2032 | B23: =B22+C$11 -> 4357.8947
... A40: 2049 | B40: =B39+C$11 -> 6192.1053
A41: 2050 | B41: =summary!G8 -> 6300

Sheet Westminstor
A1: Year | B1: Headcount
A2: 1988
A3: 1989
A4: 1990
A5: 1991
A6: 1992
A7: 1993
A8: 1994 | B8: 2113 | N8: zz
A9: 1995 | B9: 2009
A10: 1996 | B10: 1922
A11: 1997 | B11: 2140
A12: 1998 | B12: 2250
A13: 1999 | B13: 2298
A14: 2000 | B14: 2430
A15: 2001 | B15: 2500
A16: 2002 | B16: 2380
A17: 2003 | B17: 2512
A18: 2004 | B18: 2482
A19: 2005 | B19: 2447
A20: 2006 | B20: 2465
... A22: 2008 | B22: 2857
A23: 2009 | B23: =(B22+B24)/2 -> 3028.5
A24: 2010 | B24: 3200 | C24: http://www.westminstercollege.edu/campus_news/index.cfm?id=952
A25: 2011 | B25: =B24+300/40 -> 3207.5 | C25: http://www.cappex.com/colleges/Westminster-College-Utah
A26: 2012 | B26: =B25+300/40 -> 3215
A27: 2013 | B27: =B26+300/40 -> 3222.5
A28: 2014 | B28: =B27+300/40 -> 3230 | E28: 2040 headcount | F28: 3750, Gary Daynes [mailto:gdaynes@westminstercollege.edu]
A29: 2015 | B29: =B28+300/40 -> 3237.5
A30: 2016 | B30: =B29+300/40 -> 3245
A31: 2017 | B31: =B30+300/40 -> 3252.5
A32: 2018 | B32: =B31+300/40 -> 3260
A33: 2019 | B33: =B32+300/40 -> 3267.5
A34: 2020 | B34: =B33+300/40 -> 3275
A35: 2021 | B35: =B34+300/40 -> 3282.5
A36: 2022 | B36: =B35+300/40 -> 3290
A37: 2023 | B37: =B36+300/40 -> 3297.5
A38: 2024 | B38: =B37+300/40 -> 3305
A39: 2025 | B39: =B38+300/40 -> 3312.5
A40: 2026 | B40: =B39+300/40 -> 3320
... A64: 2050 | B64: =B63+300/40 -> 3500

Sheet USHE Source 2018
B1: Table 4 (End of Term)
E2: Headcount Total (Budget Related and Self Support)
E3: Fall 2009 | H3: Fall 2010 | K3: Fall 2011 | N3: Fall 2012 | Q3: Fall 2013 | T3: Fall 2014 | W3: Fall 2015 | Z3: Fall 2106 | AC3: Fall 2017
E4: Res | F4: Non Res | G4: Total | H4: Res | I4: Non Res | J4: Total | K4: Res | L4: Non Res | M4: Total | N4: Res | O4: Non Res | P4: Total | Q4: Res | R4: Non Res | S4: Total | T4: Res | U4: Non Res | V4: Total | W4: Res | X4: Non Res | Y4: Total | Z4: Res | AA4: Non Res | AB4: Total | AC4: Res | AD4: Non Res | AE4: Total
B6: University of Utah
C7: E&G | E7: 24243 | F7: 4907 | G7: 29150 | H7: 26324 | I7: 4387 | J7: 30711 | K7: 26957 | L7: 4794 | M7: 31751 | N7: 26998 | O7: 5351 | P7: 32349 | Q7: 29674 | R7: 5540 | S7: =Q7+R7 -> 35214 | T7: 25480 | U7: 5531 | V7: =U7+T7 -> 31011 | W7: 25589 | X7: 5500 | Y7: =SUM(W7:X7) -> 31089 | Z7: 24920 | AA7: 6343 | AB7: 31263 | AC7: 25810 | AD7: 6022 | AE7: =SUM(AC7:AD7) -> 31832
C8: Med. School (MD) | E8: 335 | F8: 58 | G8: 393 | H8: 311 | I8: 62 | J8: 373 | K8: 282 | L8: 58 | M8: 340 | N8: 272 | O8: 54 | P8: 326 | Q8: 290 | R8: 56 | S8: =Q8+R8 -> 346 | T8: 303 | U8: 67 | V8: =U8+T8 -> 370 | W8: 333 | X8: 73 | Y8: =SUM(W8:X8) -> 406 | Z8: 354 | AA8: 86 | AB8: 440 | AC8: 387 | AD8: 92 | AE8: =SUM(AC8:AD8) -> 479
C9: Med. School (Non MD) | E9: 982 | F9: 313 | G9: 1295 | H9: 1044 | I9: 337 | J9: 1381 | K9: 928 | L9: 307 | M9: 1235 | N9: 1029 | O9: 329 | P9: 1358 | Q9: 1056 | R9: 352 | S9: =Q9+R9 -> 1408 | T9: 1058 | U9: 346 | V9: =U9+T9 -> 1404 | W9: 786 | X9: 289 | Y9: =SUM(W9:X9) -> 1075 | Z9: 750 | AA9: 312 | AB9: 1062 | AC9: 776 | AD9: 317 | AE9: =SUM(AC9:AD9) -> 1093
C10: RDEP | T10: 41 | U10: 2 | V10: =U10+T10 -> 43 | W10: 62 | X10: 9 | Y10: =SUM(W10:X10) -> 71 | Z10: 95 | AA10: 22 | AB10: 117 | AC10: 107 | AD10: 41 | AE10: =SUM(AC10:AD10) -> 148
C11: Med. School (PA) | E11: 69 | F11: 8 | G11: 77 | H11: 62 | I11: 14 | J11: 76 | K11: 63 | L11: 17 | M11: 80 | N11: 68 | O11: 16 | P11: 84 | Q11: 66 | R11: 23 | S11: =Q11+R11 -> 89 | T11: 79 | U11: 11 | V11: =U11+T11 -> 90 | W11: 76 | X11: 13 | Y11: =SUM(W11:X11) -> 89 | Z11: 76 | AA11: 19 | AB11: 95 | AC11: 84 | AD11: 7 | AE11: =SUM(AC11:AD11) -> 91
C12: Less Duplicates | E12: -663 | F12: -142 | G12: -805 | H12: -739 | I12: -159 | J12: -898 | K12: -559 | L12: -125 | M12: -684 | N12: -675 | O12: -151 | P12: -826 | Q12: -679 | R12: -152 | S12: =Q12+R12 -> -831 | T12: -766 | U12: -149 | V12: =U12+T12 -> -915 | W12: -461 | X12: -114 | Y12: =SUM(W12:X12) -> -575 | Z12: -415 | AA12: -111 | AB12: -526 | AC12: -390 | AD12: -100 | AE12: =SUM(AC12:AD12) -> -490
D13: Total | E13: =SUM(E7:E12) -> 24966 | F13: =SUM(F7:F12) -> 5144 | G13: =SUM(G7:G12) -> 30110 | H13: =SUM(H7:H12) -> 27002 | I13: =SUM(I7:I12) -> 4641 | J13: =SUM(J7:J12) -> 31643 | K13: =SUM(K7:K12) -> 27671 | L13: =SUM(L7:L12) -> 5051 | ... Y13: =SUM(Y7:Y12) -> 32155 | Z13: 25780 | AA13: 6671 | AB13: 32451 | AC13: =SUM(AC7:AC12) -> 26774 | AD13: =SUM(AD7:AD12) -> 6379 | AE13: =SUM(AE7:AE12) -> 33153
B14: Utah State University
C15: E&G | E15: 13179 | F15: 2447 | G15: 15626 | H15: 13688 | I15: 2750 | J15: 16438 | K15: 13999 | L15: 2823 | M15: 16822 | N15: 14159 | O15: 2827 | P15: 16986 | Q15: 13363 | R15: 3042 | S15: =Q15+R15 -> 16405 | T15: 13473 | U15: 3287 | V15: =U15+T15 -> 16760 | W15: 14194 | X15: 3690 | Y15: =SUM(W15:X15) -> 17884 | Z15: 15897 | AA15: 3869 | AB15: =SUM(Z15:AA15) -> 19766 | AC15: 16196 | AD15: 3710 | AE15: =SUM(AC15:AD15) -> 19906
C16: Southeast | E16: 203 | F16: 0 | G16: 203 | H16: 267 | I16: 2 | J16: 269 | K16: 297 | L16: 0 | M16: 297 | N16: 308 | O16: 2 | P16: 310 | Q16: 394 | R16: 0 | S16: =Q16+R16 -> 394 | T16: 390 | U16: 13 | V16: =U16+T16 -> 403 | W16: 342 | X16: 7 | Y16: =SUM(W16:X16) -> 349 | Z16: 368 | AA16: 26 | AB16: =SUM(Z16:AA16) -> 394 | AC16: 399 | AD16: 14 | AE16: =SUM(AC16:AD16) -> 413
C17: Uintah Basin | E17: 1517 | F17: 0 | G17: 1517 | H17: 1218 | I17: 0 | J17: 1218 | K17: 1402 | L17: 0 | M17: 1402 | N17: 901 | O17: 0 | P17: 901 | Q17: 833 | R17: 0 | S17: =Q17+R17 -> 833 | T17: 766 | U17: 45 | V17: =U17+T17 -> 811 | W17: 862 | X17: 55 | Y17: =SUM(W17:X17) -> 917 | Z17: 912 | AA17: 38 | AB17: =SUM(Z17:AA17) -> 950 | AC17: 829 | AD17: 20 | AE17: =SUM(AC17:AD17) -> 849
C18: Brigham City | E18: 7714 | F18: 294 | G18: 8008 | H18: 8323 | I18: 455 | J18: 8778 | K18: 8528 | L18: 424 | M18: 8952 | N18: 8354 | O18: 330 | P18: 8684 | Q18: 7979 | R18: 353 | S18: =Q18+R18 -> 8332 | T18: 7222 | U18: 2227 | V18: =U18+T18 -> 9449 | W18: 8673 | X18: 2639 | Y18: =SUM(W18:X18) -> 11312 | Z18: 2643 | AA18: 1349 | AB18: =SUM(Z18:AA18) -> 3992 | AC18: 2592 | AD18: 1249 | AE18: =SUM(AC18:AD18) -> 3841
C19: Tooele | E19: 2309 | F19: 1 | G19: 2310 | H19: 2636 | I19: 2 | J19: 2638 | K19: 2513 | L19: 3 | M19: 2516 | N19: 2716 | O19: 2 | P19: 2718 | Q19: 2440 | R19: 2 | S19: =Q19+R19 -> 2442 | T19: 2257 | U19: 90 | V19: =U19+T19 -> 2347 | W19: 2168 | X19: 131 | Y19: =SUM(W19:X19) -> 2299 | Z19: 2141 | AA19: 125 | AB19: =SUM(Z19:AA19) -> 2266 | AC19: 2066 | AD19: 125 | AE19: =SUM(AC19:AD19) -> 2191
C20: Eastern | E20: 1679 | F20: 104 | G20: 1783 | H20: 1804 | I20: 144 | J20: 1948 | K20: 1565 | L20: 109 | M20: 1674 | N20: 1207 | O20: 106 | P20: 1313 | Q20: 608 | R20: 22 | S20: =Q20+R20 -> 630 | T20: 1371 | U20: 20 | V20: =U20+T20 -> 1391 | W20: 1311 | X20: 144 | Y20: =SUM(W20:X20) -> 1455 | Z20: 1340 | AA20: 136 | AB20: =SUM(Z20:AA20) -> 1476 | AC20: 1315 | AD20: 138 | AE20: =SUM(AC20:AD20) -> 1453
C21: Eastern - San Juan | E21: 712 | F21: 47 | G21: 759 | H21: 830 | I21: 49 | J21: 879 | K21: 730 | L21: 55 | M21: 785 | N21: 539 | O21: 33 | P21: 572 | Q21: 1404 | R21: 119 | S21: =Q21+R21 -> 1523 | T21: 560 | U21: 120 | V21: =U21+T21 -> 680 | W21: 569 | X21: 14 | Y21: =SUM(W21:X21) -> 583 | Z21: 501 | AA21: 28 | AB21: =SUM(Z21:AA21) -> 529 | AC21: 547 | AD21: 22 | AE21: =SUM(AC21:AD21) -> 569
C22: Division of Workforce Education | E22: 611 | F22: 3 | G22: 614 | H22: 645 | I22: 0 | J22: 645 | K22: 601 | L22: 0 | M22: 601 | N22: 578 | O22: 0 | P22: 578 | Q22: 478 | R22: 0 | S22: =Q22+R22 -> 478 | T22: 426 | U22: 0 | V22: =U22+T22 -> 426 | W22: 364 | X22: 0 | Y22: =SUM(W22:X22) -> 364 | Z22: 410 | AA22: 0 | AB22: =SUM(Z22:AA22) -> 410 | AC22: 455 | AD22: 0 | AE22: =SUM(AC22:AD22) -> 455
C23: Less Duplicates | E23: -1822 | F23: -308 | G23: -2130 | H23: -2777 | I23: -475 | J23: -3252 | K23: -2704 | L23: -437 | M23: -3141 | N23: -2030 | O23: -338 | P23: -2368 | Q23: -1983 | R23: -356 | S23: =Q23+R23 -> -2339 | T23: -2994 | U23: -566 | V23: =U23+T23 -> -3560 | W23: -4787 | X23: -1057 | Y23: =SUM(W23:X23) -> -5844 | Z23: -704 | AA23: -93 | AB23: =SUM(Z23:AA23) -> -797 | AC23: -584 | AD23: -67 | AE23: =SUM(AC23:AD23) -> -651
D24: Total | E24: =SUM(E15:E23) -> 26102 | F24: =SUM(F15:F23) -> 2588 | G24: =SUM(G15:G23) -> 28690 | H24: =SUM(H15:H23) -> 26634 | I24: =SUM(I15:I23) -> 2927 | J24: =SUM(J15:J23) -> 29561 | K24: =SUM(K15:K23) -> 26931 | L24: =SUM(L15:L23) -> 2977 | ... AE24: =SUM(AE15:AE23) -> 29026
B25: Weber State University
D26: E&G Total | E26: 22192 | F26: 1585 | G26: 23777 | H26: 22644 | I26: 1852 | J26: 24496 | K26: 24169 | L26: 2087 | M26: 26256 | N26: 24997 | O26: 2384 | P26: 27381 | Q26: 23725 | R26: 2161 | S26: =Q26+R26 -> 25886 | T26: 24722 | U26: 2191 | V26: =U26+T26 -> 26913 | W26: 24093 | X26: 2159 | Y26: =SUM(W26:X26) -> 26252 | Z26: 24976 | AA26: 2260 | AB26: =SUM(Z26:AA26) -> 27236 | AC26: 26100 | AD26: 2279 | AE26: =SUM(AC26:AD26) -> 28379
B27: Southern Utah University
D28: E&G Total | E28: 7252 | F28: 1175 | G28: 8427 | H28: 7208 | I28: 1121 | J28: 8329 | K28: 7245 | L28: 1019 | M28: 8264 | N28: 7594 | O28: 1112 | P28: 8706 | Q28: 7066 | R28: 1161 | S28: =Q28+R28 -> 8227 | T28: 6794 | U28: 1406 | V28: =U28+T28 -> 8200 | W28: 7490 | X28: 1655 | Y28: =SUM(W28:X28) -> 9145 | Z28: 7802 | AA28: 1796 | AB28: =SUM(Z28:AA28) -> 9598 | AC28: 8106 | AD28: 2139 | AE28: =SUM(AC28:AD28) -> 10245
B29: Snow College
C30: E&G | E30: 3573 | F30: 287 | G30: 3860 | H30: 3730 | I30: 246 | J30: 3976 | K30: 3912 | L30: 291 | M30: =K30+L30 -> 4203 | N30: 4039 | O30: 265 | P30: 4304 | Q30: 4145 | R30: 320 | S30: =Q30+R30 -> 4465 | T30: 4308 | U30: 347 | V30: =U30+T30 -> 4655 | W30: 4493 | X30: 394 | Y30: =SUM(W30:X30) -> 4887 | Z30: 4793 | AA30: 407 | AB30: =SUM(Z30:AA30) -> 5200 | AC30: 4944 | AD30: 439 | AE30: =SUM(AC30:AD30) -> 5383
C31: Richfield Campus/ATE | E31: 700 | F31: 2 | G31: 702 | H31: 559 | I31: 0 | J31: 559 | K31: 319 | L31: 2 | M31: =K31+L31 -> 321 | N31: 383 | O31: 3 | P31: 386 | Q31: 116 | R31: 2 | S31: =Q31+R31 -> 118 | T31: 178 | U31: 6 | V31: =U31+T31 -> 184 | W31: 248 | X31: 34 | Y31: =SUM(W31:X31) -> 282 | Z31: 260 | AA31: 21 | AB31: =SUM(Z31:AA31) -> 281 | AC31: 269 | AD31: 24 | AE31: =SUM(AC31:AD31) -> 293
C32: Less Duplicates | E32: -168 | F32: 0 | G32: -168 | H32: -124 | I32: 0 | J32: -124 | K32: -65 | L32: 0 | M32: -65 | N32: -91 | O32: -1 | P32: -92 | Q32: -1 | R32: -1 | S32: =Q32+R32 -> -2 | T32: -33 | U32: -1 | V32: =U32+T32 -> -34 | W32: -61 | X32: -1 | Y32: =SUM(W32:X32) -> -62 | Z32: -67 | AA32: 0 | AB32: =SUM(Z32:AA32) -> -67 | AC32: -86 | AD32: -1 | AE32: =SUM(AC32:AD32) -> -87
D33: Total | E33: =SUM(E30:E32) -> 4105 | F33: =SUM(F30:F32) -> 289 | G33: =SUM(G30:G32) -> 4394 | H33: =SUM(H30:H32) -> 4165 | I33: =SUM(I30:I32) -> 246 | J33: =SUM(J30:J32) -> 4411 | K33: =SUM(K30:K32) -> 4166 | L33: =SUM(L30:L32) -> 293 | ... X33: =SUM(X30:X32) -> 427 | Y33: =SUM(W33:X33) -> 5107 | Z33: =SUM(Z30:Z32) -> 4986 | AA33: =SUM(AA30:AA32) -> 428 | AB33: =SUM(AB30:AB32) -> 5414 | AC33: =SUM(AC30:AC32) -> 5127 | AD33: =SUM(AD30:AD32) -> 462 | AE33: =SUM(AE30:AE32) -> 5589
B34: Dixie State University
D35: E&G Total | E35: 7719 | F35: 533 | G35: 8252 | H35: 7722 | I35: 627 | J35: 8349 | K35: 8123 | L35: 717 | M35: 8840 | N35: 7792 | O35: 795 | P35: 8587 | Q35: 7163 | R35: 984 | S35: =Q35+R35 -> 8147 | T35: 7089 | U35: 1253 | V35: =U35+T35 -> 8342 | W35: 7084 | X35: 1380 | Y35: =SUM(W35:X35) -> 8464 | Z35: 7440 | AA35: 1551 | AB35: =SUM(Z35:AA35) -> 8991 | AC35: 7988 | AD35: 1719 | AE35: =SUM(AC35:AD35) -> 9707
B36: Utah Valley University
D37: E&G Total | E37: 26062 | F37: 2983 | G37: 29045 | H37: 28631 | I37: 3108 | J37: 31739 | K37: 29648 | L37: 3086 | M37: 32734 | N37: 28882 | O37: 2928 | P37: 31810 | Q37: 27828 | R37: 3052 | S37: =Q37+R37 -> 30880 | T37: 28244 | U37: 3345 | V37: =U37+T37 -> 31589 | W37: 29706 | X37: 3859 | Y37: =SUM(W37:X37) -> 33565 | Z37: 31324 | AA37: 3802 | AB37: =SUM(Z37:AA37) -> 35126 | AC37: 33952 | AD37: 3833 | AE37: =SUM(AC37:AD37) -> 37785
B38: Salt Lake Community College
C39: E&G | E39: 36402 | F39: 1435 | G39: 37837 | H39: 35320 | I39: 1317 | J39: 36637 | K39: 34349 | L39: 1189 | M39: 35538 | N39: 33755 | O39: 1127 | P39: 34882 | Q39: 33132 | R39: 1083 | S39: =Q39+R39 -> 34215 | T39: 31296 | U39: 1478 | V39: =U39+T39 -> 32774 | W39: 29118 | X39: 1476 | Y39: =SUM(W39:X39) -> 30594 | Z39: 30024 | AA39: 1600 | AB39: =SUM(Z39:AA39) -> 31624 | AC39: 28919 | AD39: 2791 | AE39: =SUM(AC39:AD39) -> 31710
C40: Skill Center | E40: 2054 | F40: 81 | G40: 2135 | H40: 1634 | I40: 73 | J40: 1707 | K40: 1191 | L40: 95 | M40: 1286 | N40: 836 | O40: 121 | P40: 957 | Q40: 714 | R40: 141 | S40: =Q40+R40 -> 855 | T40: 448 | U40: 229 | V40: =U40+T40 -> 677 | W40: 299 | X40: 238 | Y40: =SUM(W40:X40) -> 537 | Z40: 305 | AA40: 204 | AB40: =SUM(Z40:AA40) -> 509 | AC40: 334 | AD40: 233 | AE40: =SUM(AC40:AD40) -> 567
C41: Less Duplicates | E41: -66 | F41: -3 | G41: -69 | H41: -54 | I41: -2 | J41: -56 | K41: -40 | L41: -2 | M41: -42 | N41: -34 | O41: -1 | P41: -35 | Q41: -24 | R41: -3 | S41: =Q41+R41 -> -27 | T41: 0 | U41: 0 | V41: 0 | W41: 0 | X41: 0 | Y41: =SUM(W41:X41) -> 0 | Z41: 0 | AA41: 0 | AB41: 0 | AC41: 0 | AD41: 0 | AE41: =SUM(AC41:AD41) -> 0
D42: Total | E42: =SUM(E39:E41) -> 38390 | F42: =SUM(F39:F41) -> 1513 | G42: =SUM(G39:G41) -> 39903 | H42: =SUM(H39:H41) -> 36900 | I42: =SUM(I39:I41) -> 1388 | J42: =SUM(J39:J41) -> 38288 | K42: =SUM(K39:K41) -> 35500 | L42: =SUM(L39:L41) -> 1282 | ... X42: =SUM(X39:X41) -> 1714 | Y42: =SUM(W42:X42) -> 31131 | Z42: =SUM(Z39:Z41) -> 30329 | AA42: =SUM(AA39:AA41) -> 1804 | AB42: =SUM(AB39:AB41) -> 32133 | AC42: =SUM(AC39:AC41) -> 29253 | AD42: =SUM(AD39:AD41) -> 3024 | AE42: =SUM(AE39:AE41) -> 32277
B43: USHE | D43: Total | E43: =+E42+E37+E35+E33+E28+E26+E24+E13 -> 156788 | F43: =+F42+F37+F35+F33+F28+F26+F24+F13 -> 15810 | G43: =+G42+G37+G35+G33+G28+G26+G24+G13 -> 172598 | H43: =+H42+H37+H35+H33+H28+H26+H24+H13 -> 160906 | I43: =+I42+I37+I35+I33+I28+I26+I24+I13 -> 15910 | J43: =+J42+J37+J35+J33+J28+J26+J24+J13 -> 176816 | K43: =+K42+K37+K35+K33+K28+K26+K24+K13 -> 163453 | L43: =+L42+L37+L35+L33+L28+L26+L24+L13 -> 16512 | ... AE43: =+AE42+AE37+AE35+AE33+AE28+AE26+AE24+AE13 -> 186161
E45: Actual | F45: Actual | G45: Actual | H45: Actual | I45: Actual | J45: Actual | K45: Actual | L45: Actual | M45: Actual | N45: Projection | O45: Projection | P45: Projection | Q45: Projection | R45: Projection | S45: Projection | T45: Projection | U45: Projection | V45: Projection
E46: 2009 | F46: 2010 | G46: 2011 | H46: 2012 | I46: 2013 | J46: 2014 | K46: 2015 | L46: 2016 | M46: 2017 | N46: 2018 | O46: 2019 | P46: 2020 | Q46: 2021 | R46: 2022 | S46: 2023 | T46: 2024 | U46: 2025 | V46: 2026 | W46: 2027
D47: University of Utah | E47: 30110 | F47: 31643 | G47: 32722 | H47: 33291 | I47: 36226 | J47: 32003 | K47: 32155 | L47: 32451 | M47: 33153 | N47: =I57 -> 34247 | O47: =J57 -> 35246 | P47: =K57 -> 36078 | Q47: =L57 -> 36459 | R47: =M57 -> 36749 | S47: =N57 -> 37058 | T47: =O57 -> 37512 | U47: =P57 -> 38075 | V47: =Q57 -> 38635
D48: Utah State University | E48: 28690 | F48: 29561 | G48: 29908 | H48: 29694 | I48: 28698 | J48: 28707 | K48: 29319 | L48: 28986 | M48: 29026 | N48: =I58 -> 29565.72 | O48: =J58 -> 30157.034 | P48: =K58 -> 30760.175 | Q48: =L58 -> 31375.379 | R48: =M58 -> 32002.886 | S48: =N58 -> 32642.944 | T48: =O58 -> 33295.803 | U48: =P58 -> 33961.719 | V48: =Q58 -> 34640.953
D49: Weber State University | E49: 23777 | F49: 24496 | G49: 26256 | H49: 27381 | I49: 25886 | J49: 26913 | K49: 26252 | L49: 27236 | M49: 28379 | N49: =I59 -> 30729.891 | O49: =J59 -> 32122.761 | P49: =K59 -> 33505.481 | Q49: =L59 -> 34851.914 | R49: =M59 -> 36148.882 | S49: =N59 -> 37392.939 | T49: =O59 -> 38587.242 | U49: =P59 -> 39738.684 | V49: =Q59 -> 40752.949
D50: Southern Utah University | E50: 8427 | F50: 8329 | G50: 8264 | H50: 8706 | I50: 8227 | J50: 8200 | K50: 9145 | L50: 9598 | M50: 10245 | N50: =I60 -> 10222.1 | O50: =J60 -> 10549.208 | P50: =K60 -> 10886.782 | Q50: =L60 -> 11235.159 | R50: =M60 -> 11538.509 | S50: =N60 -> 11850.048 | T50: =O60 -> 12181.85 | U50: =P60 -> 12522.941 | V50: =Q60 -> 12873.584
D51: Snow College | E51: 4394 | F51: 4411 | G51: 4459 | H51: 4598 | I51: 4581 | J51: 4805 | K51: 5107 | L51: 5414 | M51: 5589 | N51: =I61 -> 5819 | O51: =J61 -> 6063 | P51: =K61 -> 6340 | Q51: =L61 -> 6652 | R51: =M61 -> 7004 | S51: =N61 -> 7402 | T51: =O61 -> 7849 | U51: =P61 -> 8351 | V51: =Q61 -> 8917
D52: Dixie State University | E52: 8252 | F52: 8349 | G52: 8840 | H52: 8587 | I52: 8147 | J52: 8342 | K52: 8464 | L52: 8991 | M52: 9707 | N52: =I62 -> 10665 | O52: =J62 -> 11541 | P52: =K62 -> 12530 | Q52: =L62 -> 13229 | R52: =M62 -> 13911 | S52: =N62 -> 14629 | T52: =O62 -> 15433 | U52: =P62 -> 16246 | V52: =Q62 -> 17078
D53: Utah Valley University | E53: 29045 | F53: 31739 | G53: 32734 | H53: 31810 | I53: 30880 | J53: 31589 | K53: 33565 | L53: 35126 | M53: 37785 | N53: =I63 -> 37742.193 | O53: =J63 -> 39140.643 | P53: =K63 -> 40594.186 | Q53: =L63 -> 41879.821 | R53: =M63 -> 43347.167 | S53: =N63 -> 44869.776 | T53: =O63 -> 46450.837 | U53: =P63 -> 48091.632 | V53: =Q63 -> 49795
D54: Salt Lake Community College | E54: 39903 | F54: 38288 | G54: 36782 | H54: 35804 | I54: 35043 | J54: 33451 | K54: 31131 | L54: 32133 | M54: 32277 | N54: =I64 -> 32985 | O54: =J64 -> 33658 | P54: =K64 -> 34348 | Q54: =L64 -> 35052 | R54: =M64 -> 35760 | S54: =N64 -> 36468 | T54: =O64 -> 37168 | U54: =P64 -> 37869 | V54: =Q64 -> 38563
D56: Institution | E56: Actual 2014 | F56: Actual 2015 | G56: Actual 2016 | H56: Actual 2017 | I56: 2018 | J56: 2019 | K56: 2020 | L56: 2021 | M56: 2022 | N56: 2023 | O56: 2024 | P56: 2025 | Q56: 2026
D57: University of Utah | E57: 32003 | F57: 32155 | G57: 32451 | H57: 33153 | I57: 34247 | J57: 35246 | K57: 36078 | L57: 36459 | M57: 36749 | N57: 37058 | O57: 37512 | P57: 38075 | Q57: 38635
D58: Utah State University* | E58: 28707 | F58: 29319 | G58: 28986 | H58: 29026 | I58: 29565.72 | J58: 30157.034 | K58: 30760.175 | L58: 31375.379 | M58: 32002.886 | N58: 32642.944 | O58: 33295.803 | P58: 33961.719 | Q58: 34640.953
D59: Weber State University | E59: 26913 | F59: 26252 | G59: 27236 | H59: 28379 | I59: 30729.891 | J59: 32122.761 | K59: 33505.481 | L59: 34851.914 | M59: 36148.882 | N59: 37392.939 | O59: 38587.242 | P59: 39738.684 | Q59: 40752.949
D60: Southern Utah University | E60: 8200 | F60: 9145 | G60: 9598 | H60: 10245 | I60: 10222.1 | J60: 10549.208 | K60: 10886.782 | L60: 11235.159 | M60: 11538.509 | N60: 11850.048 | O60: 12181.85 | P60: 12522.941 | Q60: 12873.584
D61: Snow College | E61: 4805 | F61: 5107 | G61: 5414 | H61: 5589 | I61: 5819 | J61: 6063 | K61: 6340 | L61: 6652 | M61: 7004 | N61: 7402 | O61: 7849 | P61: 8351 | Q61: 8917
D62: Dixie State University | E62: 8342 | F62: 8464 | G62: 8991 | H62: 9707 | I62: 10665 | J62: 11541 | K62: 12530 | L62: 13229 | M62: 13911 | N62: 14629 | O62: 15433 | P62: 16246 | Q62: 17078
D63: Utah Valley University | E63: 31589 | F63: 33565 | G63: 35126 | H63: 37785 | I63: 37742.193 | J63: 39140.643 | K63: 40594.186 | L63: 41879.821 | M63: 43347.167 | N63: 44869.776 | O63: 46450.837 | P63: 48091.632 | Q63: 49795
D64: Salt Lake Community College | E64: 33451 | F64: 31131 | G64: 32133 | H64: 32277 | I64: 32985 | J64: 33658 | K64: 34348 | L64: 35052 | M64: 35760 | N64: 36468 | O64: 37168 | P64: 37869 | Q64: 38563

Sheet summary
A1: Colleges | B1: U | C1: WSU | D1: UVU | E1: SLCC | F1: BYU | G1: LDSBC/BYUsl | H1: Westminster | I1: BYUSLC
A2: 2012 | B2: 32388 | C2: 26532 | D2: 34085 | E2: 36871 | F2: 33336 | G2: 2200 | H2: 3183 | I2: 1500 | K2: Greg | L2: campus projections
A3: USHE, 2021 | B3: =U!B53 -> 37574 | C3: =WSU!C134 -> 37626.814 | D3: =UVU!B35 -> 47870.5 | E3: =slcc!B35 -> 40541 | M3: current | N3: 11 Cohort est | O3: 40 Cohort est
A4: School,2040 | C4: 40000 | E4: 65401 | G4: =LDSBC!B31 -> 5221.0526 | H4: =Westminstor!B54 -> 3425 | I4: 2000 | L4: Weber | M4: 0.79
A5: Greg,2040 | B5: 45861 | C5: 42149 | D5: 65447 | E5: 43756 | L5: Davis | M5: 0.18
A6: Andy,2040 | B6: =U!C72 -> 40397.568 | C6: =WSU!C153 -> 51185.462 | D6: =UVU!B55 -> 70184.334 | E6: =slcc!B54 -> 60457.988 | F6: =BYU!H96 -> 40456.556 | L6: West | M6: 0.03
A7: Last time,2040 | B7: 52299 | C7: 29046 | D7: 40093 | E7: 40483 | F7: 34904 | G7: 3010 | H7: 4167
A8: Proposed | B8: 42000 | C8: 43000 | D8: 67000 | E8: =E4 -> 65401 | F8: 34000 | G8: 6300 | H8: 3500 | I8: =I4 -> 2000 | L8: Division by Campus | O8: UVU
A9: communicate | C9: Yes | E9: Yes | L9: Jordan | M9: 0.187 | O9: 10% Geneva Site
L10: Miller | M10: 0.071 | O10: 10% Thanksgiving Point Site
L11: Meadowbrook | M11: 0.007 | O11: 1% Heber Site | P11: out of MPO area
A12: WSU | B12: Last time% | C12: Greg% | D12: proposed% | E12: proposed | F12: 2040 | L12: Ariport | M12: 0.004 | O12: 79% Main Campus Site
A13: Ogden | C13: 0.79 | D13: =C13 -> 0.79 | E13: =C$8*D13 -> 33970 | F13: 0.45 | L13: Redwood | M13: 0.494 | O13: Payson
A14: Davis | C14: 0.18 | D14: =C14 -> 0.18 | E14: =C$8*D14 -> 7740 | F14: 0.45 | L14: South City | M14: 0.167 | O14: Vineyard
A15: West | C15: 0.03 | D15: =C15 -> 0.03 | E15: =C$8*D15 -> 1290 | F15: 0.1 | L15: Higland | M15: 0.028
L16: Library Sq | M16: 0.031
A17: UVU | B17: Last time% | C17: UVU% | D17: proposed% | E17: proposed | F17: 2020 only 40k? | L17: Westpointe | M17: 0.011
A18: =O9 -> 10% Geneva Site | D18: 0.1 | E18: =D$8*D18 -> 6700 | L18: total | M18: 1
A19: =O10 -> 10% Thanksgiving Point Site | D19: 0.1 | E19: =D$8*D19 -> 6700
A20: =O11 -> 1% Heber Site | D20: 0.01 | E20: =D$8*D20 -> 670 | K20: Spring 2009 3rd Week Enrollment
A21: =O12 -> 79% Main Campus Site | D21: 0.79 | E21: =D$8*D21 -> 52930 | K21: Campus | L21: Headcount | M21: FTE
K22: Taylorsville Redwood Campus | L22: 14843 | M22: =L22/L$40 -> 0.42409783
K23: South City Campus | L23: 4214 | M23: =L23/L$40 -> 0.12040344
B24: 2009 | C24: 2013 | K24: Jordan Campus | L24: 3608 | M24: =L24/L$40 -> 0.10308866
A25: SLCC | B25: Last time% | C25: Greg% | D25: proposed% | E25: proposed | K25: Miller Campus & Miller Campus (Internet) | L25: 1108 | M25: =L25/L$40 -> 0.031658047
A26: Taylorsville Redwood Campus | B26: 0.42 | C26: =M13 -> 0.494 | D26: =C26 -> 0.494 | E26: =D26*E$8 -> 32308.094 | K26: Meadowbrook Campus | L26: 388 | M26: =L26/L$40 -> 0.011086031
A27: South City Campus | B27: 0.12 | C27: =M14 -> 0.167 | D27: =C27 -> 0.167 | E27: =D27*E$8 -> 10921.967 | K27: Sandy Center | L27: 2388 | M27: =L27/L$40 -> 0.068230521
A28: Jordan Campus | B28: 0.1 | C28: =M9 -> 0.187 | D28: =C28 -> 0.187 | E28: =D28*E$8 -> 12229.987 | K28: Library Square Center (Opened Spring 06-07) | L28: 826 | M28: =L28/L$40 -> 0.023600674
A29: =L11 -> Meadowbrook | B29: 0.01 | C29: =M11 -> 0.007 | D29: =C29 -> 0.007 | E29: =D29*E$8 -> 457.807 | K29: Airport Center | L29: 57 | M29: =L29/L$40 -> 0.001628618
A30: Miller Campus & Miller Campus (Internet) | B30: 0.03 | C30: =M10 -> 0.071 | D30: =C30 -> 0.071 | E30: =D30*E$8 -> 4643.471 | K30: Utah State Prison | L30: 222 | M30: =L30/L$40 -> 0.0063430384
A31: Library Square Center (Opened Spring 06-07) | B31: 0.02 | C31: =M16 -> 0.031 | D31: =C31 -> 0.031 | E31: =D31*E$8 -> 2027.431 | K31: Jordan Distr Tech Center (All) | L31: 221 | M31: =L31/L$40 -> 0.0063144661
A32: highland | C32: =M15 -> 0.028 | D32: =C32 -> 0.028 | E32: =D32*E$8 -> 1831.228 | K32: Granite District Tech Center | L32: 46 | M32: =L32/L$40 -> 0.0013143233
A33: =L12 -> Ariport | B33: 0.016 | C33: =M12 -> 0.004 | D33: =C33 -> 0.004 | E33: =D33*E$8 -> 261.604 | K33: Concurrent Enrollment Dist Ed | L33: 197 | M33: =L33/L$40 -> 0.0056287322
A34: =L17 -> Westpointe | C34: =M17 -> 0.011 | D34: =C34 -> 0.011 | E34: =D34*E$8 -> 719.411 | K34: Taylorsville Redwood Concurrent Budget Related | L34: 74 | M34: =L34/L$40 -> 0.0021143461
A35: Sandy Center | B35: 0.07 | K35: Sandy Concurrent Budget Related | L35: 3 | M35: =L35/L$40 -> 8.5716735e-05
K36: Jordan Concurrent Budget Related | L36: 55 | M36: =L36/L$40 -> 0.0015714735
B37: offcampus ex | K37: Meadowbrook Concurrent Budget Related | L37: 1 | M37: =L37/L$40 -> 2.8572245e-05
B38: concurrent ex | K38: SLCC Online and Utah Electronic College | L38: 5165 | M38: =L38/L$40 -> 0.14757565
B39: online ex | K39: Off Campus | L39: 1583 | M39: =L39/L$40 -> 0.045229864
L40: =SUM(L22:L39) -> 34999 | M40: =L40/L$40 -> 1
K41: Fall 2008 3rd Week Enrollment
K42: Campus | L42: Headcount
K43: Taylorsville Redwood Campus | L43: 15865 | M43: =L43/L$61 -> 0.44324309
K44: South City Campus | L44: 4168 | M44: =L44/L$61 -> 0.11644735
K45: Jordan Campus | L45: 3451 | M45: =L45/L$61 -> 0.0964155
K46: Miller Campus & Miller Campus (Internet) | L46: 1384 | M46: =L46/L$61 -> 0.038666778
K47: Meadowbrook Campus | L47: 426 | M47: =L47/L$61 -> 0.011901769
K48: Sandy Center | L48: 2499 | M48: =L48/L$61 -> 0.069818121
K49: Library Square Center (Opened Spring 06-07) | L49: 791 | M49: =L49/L$61 -> 0.022099293
K50: Airport Center | L50: 68 | M50: =L50/L$61 -> 0.0018998128
K51: Utah State Prison | L51: 249 | M51: =L51/L$61 -> 0.0069566675
K52: Jordan Distr Tech Center (All) | L52: 153 | M52: =L52/L$61 -> 0.0042745788
K53: Granite District Tech Center | L53: 135 | M53: =L53/L$61 -> 0.0037716872
K54: Concurrent Enrollment Dist Ed | L54: 301 | M54: =L54/L$61 -> 0.0084094655
K55: Taylorsville Redwood Concurrent Budget Related | L55: 23 | M55: =L55/L$61 -> 0.00064258375
K56: Sandy Concurrent Budget Related | M56: =L56/L$61 -> 0
K57: Jordan Concurrent Budget Related | L57: 49 | M57: =L57/L$61 -> 0.0013689828
K58: Meadowbrook Concurrent Budget Related | M58: =L58/L$61 -> 0
K59: SLCC Online and Utah Electronic College | L59: 4632 | M59: =L59/L$61 -> 0.12941078
K60: Off Campus | L60: 1599 | M60: =L60/L$61 -> 0.04467354
L61: =SUM(L43:L60) -> 35793 | M61: =L61/L$61 -> 1
K62: Source:
K63: Ray Emett, Director of Institutional Research
K64: Phone: (801)-957-4403 E-mail: ray.emett@slcc.edu

Sheet map

Sheet lagoon2019
A1: Lagoon | J1: state population | Q1: state population
A2: Year | B2: Total Visitors | C2: Annualized Daily Visitor | D2: old | E2: New Control | J2: http://worldpopulationreview.com/states/utah-population/ | Q2: https://www.statista.com/statistics/206370/resident-population-in-utah/
A3: 2000 | C3: 6379 | D3: =lagoonbefore2019!E3 -> 6379.3103 | E3: =C3 -> 6379 | H3: =Q3 -> 2.23 | J3: 2.233 | Q3: 2.23
A4: 2001 | B4: 1300000 | C4: =B4/200 -> 6500 | D4: =lagoonbefore2019!E4 -> 6500 | E4: =C4 -> 6500 | H4: =Q4 -> 2.29 | I4: =H4/H3-1 -> 0.02690583 | Q4: 2.29
A5: 2002 | C5: 6000 | D5: =lagoonbefore2019!E5 -> 6620.6897 | H5: =Q5 -> 2.33 | I5: =H5/H4-1 -> 0.017467249 | Q5: 2.33
A6: 2003 | B6: 1100000 | C6: =B6/200 -> 5500 | D6: =lagoonbefore2019!E6 -> 6741.3793 | E6: =C6 -> 5500 | H6: =Q6 -> 2.38 | I6: =H6/H5-1 -> 0.021459227 | Q6: 2.38
A7: 2004 | C7: =C6*(1+I7) -> 5638.6555 | D7: =lagoonbefore2019!E7 -> 6862.069 | E7: =C7 -> 5638.6555 | H7: =Q7 -> 2.44 | I7: =H7/H6-1 -> 0.025210084 | Q7: 2.44
A8: 2005 | C8: =C7*(1+I8) -> 5777.3109 | D8: =lagoonbefore2019!E8 -> 6982.7586 | E8: =C8 -> 5777.3109 | H8: =Q8 -> 2.5 | I8: =H8/H7-1 -> 0.024590164 | Q8: 2.5
A9: 2006 | C9: =C8*(1+I9) -> 5962.1849 | D9: =lagoonbefore2019!E9 -> 7103.4483 | E9: =C9 -> 5962.1849 | H9: =Q9 -> 2.58 | I9: =H9/H8-1 -> 0.032 | Q9: 2.58
A10: 2007 | C10: =C9*(1+I10) -> 6147.0588 | D10: =lagoonbefore2019!E10 -> 7224.1379 | E10: =C10 -> 6147.0588 | H10: =Q10 -> 2.66 | I10: =H10/H9-1 -> 0.031007752 | Q10: 2.66
A11: 2008 | C11: =C10*(1+I11) -> 6308.8235 | D11: =lagoonbefore2019!E11 -> 7344.8276 | E11: =C11 -> 6308.8235 | H11: =Q11 -> 2.73 | I11: =H11/H10-1 -> 0.026315789 | Q11: 2.73
A12: 2009 | C12: =C11*(1+I12) -> 6447.479 | D12: =lagoonbefore2019!E12 -> 7465.5172 | E12: =C12 -> 6447.479 | H12: =Q12 -> 2.79 | I12: =H12/H11-1 -> 0.021978022 | Q12: 2.79
A13: 2010 | C13: =C12*(1+I13) -> 6424.3697 | D13: =lagoonbefore2019!E13 -> 7586.2069 | E13: =C13 -> 6424.3697 | G13: =J13 -> 2.775 | H13: =Q13 -> 2.78 | I13: =H13/H12-1 -> -0.0035842294 | J13: 2.775 | Q13: 2.78
A14: 2011 | C14: =C6*J14/Q6 -> 6505.2521 | D14: =lagoonbefore2019!E14 -> 7706.8966 | E14: =C14 -> 6505.2521 | G14: =J14 -> 2.815 | H14: =G14/G13-1 -> 0.014414414 | J14: 2.815
A15: 2012 | C15: =C$6*J15/Q$6 -> 6595.3782 | D15: =lagoonbefore2019!E15 -> 7827.5862 | E15: =C15 -> 6595.3782 | G15: =J15 -> 2.854 | H15: =G15/G14-1 -> 0.013854352 | J15: 2.854
A16: 2013 | C16: =C$6*J16/Q$6 -> 6701.6807 | D16: =lagoonbefore2019!E16 -> 7948.2759 | E16: =C16 -> 6701.6807 | G16: =J16 -> 2.9 | H16: =G16/G15-1 -> 0.01611773 | J16: 2.9
A17: 2014 | C17: =C$6*J17/Q$6 -> 6791.8067 | D17: =lagoonbefore2019!E17 -> 8068.9655 | E17: =C17 -> 6791.8067 | G17: =J17 -> 2.939 | H17: =G17/G16-1 -> 0.013448276 | J17: 2.939
A18: 2015 | C18: =C$6*J18/Q$6 -> 6898.1092 | D18: =lagoonbefore2019!E18 -> 8189.6552 | E18: =C18 -> 6898.1092 | F18: =J34 -> 2997404 | G18: =J18 -> 2.985 | H18: =G18/G17-1 -> 0.015651582 | J18: 2.985
A19: 2016 | C19: =C$6*J19/Q$6 -> 7034.4538 | D19: =lagoonbefore2019!E19 -> 8310.3448 | E19: =C19 -> 7034.4538 | G19: =J19 -> 3.044 | H19: =G19/G18-1 -> 0.019765494 | J19: 3.044
A20: 2017 | C20: =C$6*J20/Q$6 -> 7168.4874 | D20: =lagoonbefore2019!E20 -> 8431.0345 | E20: =C20 -> 7168.4874 | G20: =J20 -> 3.102 | H20: =G20/G19-1 -> 0.019053876 | J20: 3.102
A21: 2018 | C21: =C$6*J21/Q$6 -> 7300.2101 | D21: =lagoonbefore2019!E21 -> 8551.7241 | E21: =C21 -> 7300.2101 | G21: =J21 -> 3.159 | H21: =G21/G20-1 -> 0.018375242 | J21: 3.159
A22: 2019 | C22: =C$6*J22/Q$6 -> 7434.2437 | D22: =lagoonbefore2019!E22 -> 8672.4138 | E22: =C22 -> 7434.2437 | G22: =J22 -> 3.217 | H22: =G22/G21-1 -> 0.018360241 | J22: 3.217
A23: 2020 | C23: =C$6*J23/Q$6 -> 7565.9664 | D23: =lagoonbefore2019!E23 -> 8793.1034 | E23: =C23 -> 7565.9664 | G23: =J23 -> 3.274 | H23: =G23/G22-1 -> 0.017718371 | J23: 3.274
A24: 2021 | C24: =C23*(1+F$24) -> 7717.4033 | D24: =lagoonbefore2019!E24 -> 8913.7931 | E24: =C24 -> 7717.4033 | F24: =POWER(F28/G23/1000000,1/5)-1 -> 0.020015545
A25: 2022 | C25: =C24*(1+F$24) -> 7871.8714 | D25: =lagoonbefore2019!E25 -> 9034.4828 | E25: =C25 -> 7871.8714
A26: 2023 | C26: =C25*(1+F$24) -> 8029.4311 | D26: =lagoonbefore2019!E26 -> 9155.1724 | E26: =C26 -> 8029.4311
A27: 2024 | C27: =C26*(1+F$24) -> 8190.1446 | D27: =lagoonbefore2019!E27 -> 9275.8621 | E27: =C27 -> 8190.1446
A28: 2025 | C28: =C27*(1+F$24) -> 8354.0748 | D28: =lagoonbefore2019!E28 -> 9396.5517 | E28: =C28 -> 8354.0748 | F28: =K34 -> 3615036
A29: 2026 | C29: =C28*(1+F$29) -> 8475.9275 | D29: =lagoonbefore2019!E29 -> 9517.2414 | E29: =C29 -> 8475.9275 | F29: =POWER(F38/F28,1/10)-1 -> 0.014586025
A30: 2027 | C30: =C29*(1+F$29) -> 8599.5576 | D30: =lagoonbefore2019!E30 -> 9637.931 | E30: =C30 -> 8599.5576
A31: 2028 | C31: =C30*(1+F$29) -> 8724.991 | D31: =lagoonbefore2019!E31 -> 9758.6207 | E31: =C31 -> 8724.991
A32: 2029 | C32: =C31*(1+F$29) -> 8852.2539 | D32: =lagoonbefore2019!E32 -> 9879.3103 | E32: =C32 -> 8852.2539 | K32: https://gardner.utah.edu/wp-content/uploads/Projections-Brief-Final.pdf
A33: 2030 | C33: =C32*(1+F$29) -> 8981.3731 | D33: =lagoonbefore2019!E33 -> 10000 | E33: =C33 -> 8981.3731 | J33: 2015 | K33: 2025 | L33: 2035 | M33: 2045 | N33: 2055 | O33: 2065
A34: 2031 | C34: =C33*(1+F$29) -> 9112.3756 | D34: =lagoonbefore2019!E34 -> 10120.69 | E34: =C34 -> 9112.3756 | J34: 2997404 | K34: 3615036 | L34: 4178317 | M34: 4745057 | N34: 5285767 | O34: 5827810
A35: 2032 | C35: =C34*(1+F$29) -> 9245.289 | D35: =lagoonbefore2019!E35 -> 10241.379 | E35: =C35 -> 9245.289
A36: 2033 | C36: =C35*(1+F$29) -> 9380.141 | D36: =lagoonbefore2019!E36 -> 10362.069 | E36: =C36 -> 9380.141
A37: 2034 | C37: =C36*(1+F$29) -> 9516.96 | D37: =lagoonbefore2019!E37 -> 10482.759 | E37: =C37 -> 9516.96
A38: 2035 | C38: =C37*(1+F$29) -> 9655.7746 | D38: =lagoonbefore2019!E38 -> 10603.448 | E38: =C38 -> 9655.7746 | F38: =L34 -> 4178317
A39: 2036 | C39: =C38*(1+F$39) -> 9779.3755 | D39: =lagoonbefore2019!E39 -> 10724.138 | E39: =C39 -> 9779.3755 | F39: =POWER(F48/F38,1/10)-1 -> 0.012800728
A40: 2037 | C40: =C39*(1+F$39) -> 9904.5586 | D40: =lagoonbefore2019!E40 -> 10844.828 | E40: =C40 -> 9904.5586
A41: 2038 | C41: =C40*(1+F$39) -> 10031.344 | D41: =lagoonbefore2019!E41 -> 10965.517 | E41: =C41 -> 10031.344
A42: 2039 | C42: =C41*(1+F$39) -> 10159.753 | D42: =lagoonbefore2019!E42 -> 11086.207 | E42: =C42 -> 10159.753
A43: 2040 | C43: =C42*(1+F$39) -> 10289.805 | D43: =lagoonbefore2019!E43 -> 11206.897 | E43: =C43 -> 10289.805
A44: =A43+1 -> 2041 | C44: =C43*(1+F$39) -> 10421.522 | E44: =C44 -> 10421.522
A45: =A44+1 -> 2042 | C45: =C44*(1+F$39) -> 10554.925 | E45: =C45 -> 10554.925
A46: =A45+1 -> 2043 | C46: =C45*(1+F$39) -> 10690.036 | E46: =C46 -> 10690.036
A47: =A46+1 -> 2044 | C47: =C46*(1+F$39) -> 10826.876 | E47: =C47 -> 10826.876
A48: =A47+1 -> 2045 | C48: =C47*(1+F$39) -> 10965.468 | E48: =C48 -> 10965.468 | F48: =M34 -> 4745057
A49: =A48+1 -> 2046 | C49: =C48*(1+F$49) -> 11087.668 | E49: =C49 -> 11087.668 | F49: =POWER(F53/F48,1/5)-1 -> 0.011144063
A50: =A49+1 -> 2047 | C50: =C49*(1+F$49) -> 11211.229 | E50: =C50 -> 11211.229
A51: =A50+1 -> 2048 | C51: =C50*(1+F$49) -> 11336.168 | E51: =C51 -> 11336.168
A52: =A51+1 -> 2049 | C52: =C51*(1+F$49) -> 11462.499 | E52: =C52 -> 11462.499
A53: =A52+1 -> 2050 | C53: =C52*(1+F$49) -> 11590.238 | E53: =C53 -> 11590.238 | F53: =AVERAGE(M34:N34) -> 5015412

Sheet lagoonbefore2019
A1: Lagoon
A2: Year | B2: Total Visitors | C2: Annualized Daily Visitor | D2: Prev Control | E2: New Control
A3: 2000 | C3: =C4-$C$45 -> 6379.3103 | D3: 6373 | E3: =C3 -> 6379.3103
A4: 2001 | B4: 1300000 | C4: =B4/200 -> 6500 | D4: 6500 | E4: =C4 -> 6500 | F4: =(E4-E3)/E3 -> 0.018918919
A5: 2002 | C5: =C4+$C$45 -> 6620.6897 | D5: 6630.4692 | E5: =C5 -> 6620.6897 | F5: =(E5-E4)/E4 -> 0.018567639
A6: 2003 | C6: =C5+$C$45 -> 6741.3793 | D6: 6763.0786 | E6: =C6 -> 6741.3793 | F6: =(E6-E5)/E5 -> 0.018229167
A7: 2004 | C7: =C6+$C$45 -> 6862.069 | D7: 6898.3402 | E7: =C7 -> 6862.069 | F7: =(E7-E6)/E6 -> 0.017902813
A8: 2005 | C8: =C7+$C$45 -> 6982.7586 | D8: 7036.307 | E8: =C8 -> 6982.7586 | F8: =(E8-E7)/E7 -> 0.01758794
A9: 2006 | C9: =C8+$C$45 -> 7103.4483 | D9: 7177.0331 | E9: =C9 -> 7103.4483 | F9: =(E9-E8)/E8 -> 0.017283951
A10: 2007 | C10: =C9+$C$45 -> 7224.1379 | D10: 7320.5738 | E10: =C10 -> 7224.1379 | F10: =(E10-E9)/E9 -> 0.016990291
A11: 2008 | C11: =C10+$C$45 -> 7344.8276 | D11: 7466.9852 | E11: =C11 -> 7344.8276 | F11: =(E11-E10)/E10 -> 0.016706444
A12: 2009 | C12: =C11+$C$45 -> 7465.5172 | D12: 7616.3249 | E12: =C12 -> 7465.5172 | F12: =(E12-E11)/E11 -> 0.016431925
A13: 2010 | C13: =C12+$C$45 -> 7586.2069 | D13: 7768.6514 | E13: =C13 -> 7586.2069 | F13: =(E13-E12)/E12 -> 0.016166282
A14: 2011 | C14: =C13+$C$45 -> 7706.8966 | D14: 7924.0245 | E14: =C14 -> 7706.8966 | F14: =(E14-E13)/E13 -> 0.015909091
A15: 2012 | C15: =C14+$C$45 -> 7827.5862 | D15: 8082.505 | E15: =C15 -> 7827.5862 | F15: =(E15-E14)/E14 -> 0.015659955
A16: 2013 | C16: =C15+$C$45 -> 7948.2759 | D16: 8244.1551 | E16: =C16 -> 7948.2759 | F16: =(E16-E15)/E15 -> 0.015418502
... A32: 2029 | C32: =C31+$C$45 -> 9879.3103 | D32: 11317.458 | E32: =C32 -> 9879.3103 | F32: =(E32-E31)/E31 -> 0.012367491
A33: 2030 | C33: 10000 | D33: 11543.807 | E33: =C33 -> 10000 | F33: =(E33-E32)/E32 -> 0.012216405
A34: 2031 | C34: =C33+$C$45 -> 10120.69 | D34: 11774.684 | E34: =C34 -> 10120.69 | F34: =(E34-E33)/E33 -> 0.012068966
A35: 2032 | C35: =C34+$C$45 -> 10241.379 | D35: 12010.177 | E35: =C35 -> 10241.379 | F35: =(E35-E34)/E34 -> 0.011925043
A36: 2033 | C36: =C35+$C$45 -> 10362.069 | D36: 12250.381 | E36: =C36 -> 10362.069 | F36: =(E36-E35)/E35 -> 0.011784512
A37: 2034 | C37: =C36+$C$45 -> 10482.759 | D37: 12495.388 | E37: =C37 -> 10482.759 | F37: =(E37-E36)/E36 -> 0.011647255
A38: 2035 | C38: =C37+$C$45 -> 10603.448 | D38: 12745.296 | E38: =C38 -> 10603.448 | F38: =(E38-E37)/E37 -> 0.011513158
A39: 2036 | C39: =C38+$C$45 -> 10724.138 | D39: 13000.202 | E39: =C39 -> 10724.138 | F39: =(E39-E38)/E38 -> 0.011382114
A40: 2037 | C40: =C39+$C$45 -> 10844.828 | D40: 13260.206 | E40: =C40 -> 10844.828 | F40: =(E40-E39)/E39 -> 0.011254019
A41: 2038 | C41: =C40+$C$45 -> 10965.517 | D41: 13525.41 | E41: =C41 -> 10965.517 | F41: =(E41-E40)/E40 -> 0.011128776
A42: 2039 | C42: =C41+$C$45 -> 11086.207 | D42: 13795.918 | E42: =C42 -> 11086.207 | F42: =(E42-E41)/E41 -> 0.011006289
A43: 2040 | C43: =C42+$C$45 -> 11206.897 | D43: 14071.837 | E43: =C43 -> 11206.897 | F43: =(E43-E42)/E42 -> 0.01088647
A45: stright line interpolation between 2 targets | C45: =(C33-C4)/(A33-A4) -> 120.68966 | E45: AARC | F45: =(E43/E4)^(1/(A43-A4))-1 -> 0.014065363

Sheet airport2019
A1: https://www.slcairport.com/about-the-airport/airport-overview/air-traffic-statistics/
A3: year | B3: annual enplaned | C3: annual deplaned | D3: total | F3: =airportbefore2019!A2 -> Year | G3: =airportbefore2019!B2 -> Estimated Daily Person Trips | H3: transfer rate
A4: 2007 | B4: 11008701 | C4: 11036532 | D4: =(B4+C4)/365 -> 60397.899 | F4: =A4 -> 2007 | G4: =airportbefore2019!B10 -> 27833.077 | H4: =1-G4/D4 -> 0.53917144
A5: 2008 | B5: 10392819 | C5: 10397581 | D5: =(B5+C5)/365 -> 56960 | E5: =D5/D4-1 -> -0.056920832 | F5: =A5 -> 2008 | G5: =D5*G$4/D$4 -> 26248.795
A6: 2009 | B6: 10203289 | C6: 10228929 | D6: =(B6+C6)/365 -> 55978.679 | E6: =D6/D5-1 -> -0.01722824 | F6: =A6 -> 2009 | G6: =D6*G$4/D$4 -> 25796.574
A7: 2010 | B7: 10438166 | C7: 10463367 | D7: =(B7+C7)/365 -> 57264.474 | E7: =D7/D6-1 -> 0.022969361 | F7: =A7 -> 2010 | G7: =D7*G$4/D$4 -> 26389.105
A8: 2011 | B8: 10192863 | C8: 10196611 | D8: =(B8+C8)/365 -> 55861.573 | E8: =D8/D7-1 -> -0.024498634 | F8: =A8 -> 2011 | G8: =D8*G$4/D$4 -> 25742.608
A9: 2012 | B9: 10037622 | C9: 10064456 | D9: =(B9+C9)/365 -> 55074.186 | E9: =D9/D8-1 -> -0.014095312 | F9: =A9 -> 2012 | G9: =D9*G$4/D$4 -> 25379.758
A10: 2013 | B10: 10102643 | C10: 10083831 | D10: =(B10+C10)/365 -> 55305.408 | E10: =D10/D9-1 -> 0.0041983719 | F10: =A10 -> 2013 | G10: =D10*G$4/D$4 -> 25486.312
A11: 2014 | B11: 10571935 | C11: 10569675 | D11: =(B11+C11)/365 -> 57922.219 | E11: =D11/D10-1 -> 0.047315643 | F11: =A11 -> 2014 | G11: =D11*G$4/D$4 -> 26692.213
A12: 2015 | B12: 11067326 | C12: 11073700 | D12: =(B12+C12)/365 -> 60660.345 | E12: =D12/D11-1 -> 0.047272464 | F12: =A12 -> 2015 | G12: =D12*G$4/D$4 -> 27954.02
A13: 2016 | B13: 11582517 | C13: 11573010 | D13: =(B13+C13)/365 -> 63439.8 | E13: =D13/D12-1 -> 0.045819963 | F13: =A13 -> 2016 | G13: =D13*G$4/D$4 -> 29234.872
A14: 2017 | B14: 12099086 | C14: 12100265 | D14: =(B14+C14)/365 -> 66299.592 | E14: =D14/D13-1 -> 0.045078827 | F14: =A14 -> 2017 | G14: =D14*G$4/D$4 -> 30552.746
A15: 2018 | B15: 12776496 | C15: 12777748 | D15: =(B15+C15)/365 -> 70011.627 | E15: =D15/D14-1 -> 0.055988816 | F15: =A15 -> 2018 | G15: =D15*G$4/D$4 -> 32263.358
D16: annual growth rate | E16: =POWER(D15/D4,1/(A15-A4))-1 -> 0.01351847 | F16: =F15+1 -> 2019 | G16: =G15*(1+E$16) -> 32699.509
F17: =F16+1 -> 2020 | G17: =G16*(1+E$16) -> 33141.556
F18: =F17+1 -> 2021 | G18: =G17*(1+E$16) -> 33589.579
F19: =F18+1 -> 2022 | G19: =G18*(1+E$16) -> 34043.659
F20: =F19+1 -> 2023 | G20: =G19*(1+E$16) -> 34503.877
F21: =F20+1 -> 2024 | G21: =G20*(1+E$16) -> 34970.317
F22: =F21+1 -> 2025 | G22: =G21*(1+E$16) -> 35443.062
F23: =F22+1 -> 2026 | G23: =G22*(1+E$16) -> 35922.198
F24: =F23+1 -> 2027 | G24: =G23*(1+E$16) -> 36407.811
F25: =F24+1 -> 2028 | G25: =G24*(1+E$16) -> 36899.989
F26: =F25+1 -> 2029 | G26: =G25*(1+E$16) -> 37398.821
F27: =F26+1 -> 2030 | G27: =G26*(1+E$16) -> 37904.396
F28: =F27+1 -> 2031 | G28: =G27*(1+E$16) -> 38416.805
... F47: =F46+1 -> 2050 | G47: =G46*(1+E$16) -> 49581.873

Sheet airportbefore2019
A1: Airport
A2: Year | B2: Estimated Daily Person Trips | C2: Prev Control | D2: New Control
A3: 2000 | B3: =C3 -> 23415 | C3: 23415 | D3: =B3 -> 23415
A4: 2001 | B4: 24000 | C4: 24000.375 | D4: =B4 -> 24000 | E4: =(D4-D3)/D3 -> 0.024983985
A5: 2002 | B5: =C5 -> 24600.384 | C5: 24600.384 | D5: =B5 -> 24600.384 | E5: =(D5-D4)/D4 -> 0.025016016
A6: 2003 | B6: =C6 -> 25215.394 | C6: 25215.394 | D6: =B6 -> 25215.394 | E6: =(D6-D5)/D5 -> 0.025
A7: 2004 | B7: =C7 -> 25845.779 | C7: 25845.779 | D7: =B7 -> 25845.779 | E7: =(D7-D6)/D6 -> 0.025
A8: 2005 | B8: =C8 -> 26491.923 | C8: 26491.923 | D8: =B8 -> 26491.923 | E8: =(D8-D7)/D7 -> 0.025
A9: 2006 | B9: =C9 -> 27154.221 | C9: 27154.221 | D9: =B9 -> 27154.221 | E9: =(D9-D8)/D8 -> 0.025
A10: 2007 | B10: =C10 -> 27833.077 | C10: 27833.077 | D10: =B10 -> 27833.077 | E10: =(D10-D9)/D9 -> 0.025
A11: 2008 | B11: =C11 -> 28528.904 | C11: 28528.904 | D11: =B11 -> 28528.904 | E11: =(D11-D10)/D10 -> 0.025
A12: 2009 | B12: =C12 -> 29242.126 | C12: 29242.126 | D12: =B12 -> 29242.126 | E12: =(D12-D11)/D11 -> 0.025
A13: 2010 | B13: =C13 -> 29973.18 | C13: 29973.18 | D13: =B13 -> 29973.18 | E13: =(D13-D12)/D12 -> 0.025
A14: 2011 | B14: =C14 -> 30722.509 | C14: 30722.509 | D14: =B14 -> 30722.509 | E14: =(D14-D13)/D13 -> 0.025
A15: 2012 | B15: =C15 -> 31490.572 | C15: 31490.572 | D15: =B15 -> 31490.572 | E15: =(D15-D14)/D14 -> 0.025
A16: 2013 | B16: =C16 -> 32277.836 | C16: 32277.836 | D16: =B16 -> 32277.836 | E16: =(D16-D15)/D15 -> 0.025
... A43: 2040 | B43: =C43 -> 62870.77 | C43: 62870.77 | D43: =B43 -> 62870.77 | E43: =(D43-D42)/D42 -> 0.025
F44: AARC | G44: =(D43/D31)^(1/(A43-A31))-1 -> 0.025
